session_id,title,volume_proposed_m,volume_audited_m,difference_m,audit_status,source_sheet,source_row,age_band,periodization_compatibility,profile,session_type,objective,zone_intention_raw,zones,styles,materials,skills,load_pse,block_count,machine_status,app_selectable,selection_features,adaptation_rules,schema_version
RKF-10-12-01,Aeróbio + progressão,3600,3600,0,OK — EXATO,Treinos_10_12,2,10–12,Linear / desenvolvimento técnico,Geral,Técnica/Fundamentos,Aeróbio + progressão,A1/A2; progressão técnica,A2|A1,Livre/Crawl|Costas|Medley,,Perna,,6,READY_WHOLE|BLOCKS_EXACT,YES,age=10–12;profile=Geral;type=Técnica/Fundamentos;zones=A2|A1;styles=Livre/Crawl|Costas|Medley;skills=Perna,"Sessão e blocos normalizados: pode usar integralmente ou recombinar blocos preservando objetivo, zona dominante, perfil, fase e regras RKF.",RKF_V5.0
RKF-10-12-02,Perna + estilos,3400,3400,0,OK — EXATO,Treinos_10_12,3,10–12,Linear / desenvolvimento técnico,Geral,Aeróbio,Perna + estilos,A1/A2; multilateral,A2|A1,Livre/Crawl|Costas,,Perna,,5,READY_WHOLE|BLOCKS_EXACT,YES,age=10–12;profile=Geral;type=Aeróbio;zones=A2|A1;styles=Livre/Crawl|Costas;skills=Perna,"Sessão e blocos normalizados: pode usar integralmente ou recombinar blocos preservando objetivo, zona dominante, perfil, fase e regras RKF.",RKF_V5.0
RKF-10-12-03,Distâncias variadas,3800,3800,0,OK — EXATO,Treinos_10_12,4,10–12,Linear / desenvolvimento técnico,Geral,Aeróbio,Distâncias variadas,A1→A2; A2 forte controlado,A2|A1,Medley,,,,5,READY_WHOLE|BLOCKS_EXACT,YES,age=10–12;profile=Geral;type=Aeróbio;zones=A2|A1;styles=Medley;skills=NA,"Sessão e blocos normalizados: pode usar integralmente ou recombinar blocos preservando objetivo, zona dominante, perfil, fase e regras RKF.",RKF_V5.0
RKF-10-12-04,Velocidade curta + técnica,3200,3200,0,OK — EXATO,Treinos_10_12,5,10–12,Linear / desenvolvimento técnico,Geral,Técnica/Fundamentos,Velocidade curta + técnica,Alático curto + A1/A2,A2|A1,Livre/Crawl|Costas,,Breakout,,6,READY_WHOLE|BLOCKS_EXACT,YES,age=10–12;profile=Geral;type=Técnica/Fundamentos;zones=A2|A1;styles=Livre/Crawl|Costas;skills=Breakout,"Sessão e blocos normalizados: pode usar integralmente ou recombinar blocos preservando objetivo, zona dominante, perfil, fase e regras RKF.",RKF_V5.0
RKF-10-12-05,Braço → nado,3600,3600,0,OK — EXATO,Treinos_10_12,6,10–12,Linear / desenvolvimento técnico,Geral,Técnica/Fundamentos,Braço → nado,A1/A2; força propulsiva técnica,A2|A1,,Palmar,,,5,READY_WHOLE|BLOCKS_EXACT,YES,age=10–12;profile=Geral;type=Técnica/Fundamentos;zones=A2|A1;styles=NA;skills=NA,"Sessão e blocos normalizados: pode usar integralmente ou recombinar blocos preservando objetivo, zona dominante, perfil, fase e regras RKF.",RKF_V5.0
RKF-10-12-06,Aeróbio longo,4000,4000,0,OK — EXATO,Treinos_10_12,7,10–12,Linear / desenvolvimento técnico,Geral,Aeróbio,Aeróbio longo,A1/A2; negative split leve,A2|A1,Livre/Crawl|Costas,,Perna,,5,READY_WHOLE|BLOCKS_EXACT,YES,age=10–12;profile=Geral;type=Aeróbio;zones=A2|A1;styles=Livre/Crawl|Costas;skills=Perna,"Sessão e blocos normalizados: pode usar integralmente ou recombinar blocos preservando objetivo, zona dominante, perfil, fase e regras RKF.",RKF_V5.0
RKF-10-12-07,Medley + livre,3500,3500,0,OK — EXATO,Treinos_10_12,8,10–12,Linear / desenvolvimento técnico,Geral,Aeróbio,Medley + livre,A1/A2; estilos,A2|A1,Livre/Crawl|Costas|Peito|Medley,,,,5,READY_WHOLE|BLOCKS_EXACT,YES,age=10–12;profile=Geral;type=Aeróbio;zones=A2|A1;styles=Livre/Crawl|Costas|Peito|Medley;skills=NA,"Sessão e blocos normalizados: pode usar integralmente ou recombinar blocos preservando objetivo, zona dominante, perfil, fase e regras RKF.",RKF_V5.0
RKF-10-12-08,Força especial leve,3300,3300,0,OK — EXATO,Treinos_10_12,9,10–12,Linear / desenvolvimento técnico,Geral,Aeróbio,Força especial leve,Força especial leve + A2,A2,Livre/Crawl,Palmar|Paraquedas,,,5,READY_WHOLE|BLOCKS_EXACT,YES,age=10–12;profile=Geral;type=Aeróbio;zones=A2;styles=Livre/Crawl;skills=NA,"Sessão e blocos normalizados: pode usar integralmente ou recombinar blocos preservando objetivo, zona dominante, perfil, fase e regras RKF.",RKF_V5.0
RKF-10-12-09,Escada aeróbia,3600,3600,0,OK — EXATO,Treinos_10_12,10,10–12,Linear / desenvolvimento técnico,Geral,Aeróbio,Escada aeróbia,A1→A2→A1,A2|A1,,,,,3,READY_WHOLE|BLOCKS_EXACT,YES,age=10–12;profile=Geral;type=Aeróbio;zones=A2|A1;styles=NA;skills=NA,"Sessão e blocos normalizados: pode usar integralmente ou recombinar blocos preservando objetivo, zona dominante, perfil, fase e regras RKF.",RKF_V5.0
RKF-10-12-10,Perna forte + transferência,3500,3500,0,OK — EXATO,Treinos_10_12,11,10–12,Linear / desenvolvimento técnico,Geral,Aeróbio,Perna forte + transferência,Perna + A2; progressão,A2,Livre/Crawl|Costas,,Perna,,5,READY_WHOLE|BLOCKS_EXACT,YES,age=10–12;profile=Geral;type=Aeróbio;zones=A2;styles=Livre/Crawl|Costas;skills=Perna,"Sessão e blocos normalizados: pode usar integralmente ou recombinar blocos preservando objetivo, zona dominante, perfil, fase e regras RKF.",RKF_V5.0
RKF-10-12-11,Progressivos de 100,3800,3800,0,OK — EXATO,Treinos_10_12,12,10–12,Linear / desenvolvimento técnico,Geral,Aeróbio,Progressivos de 100,A1→A2→A2 forte; progressivos,A2|A1,Livre/Crawl|Costas,,Perna,,4,READY_WHOLE|BLOCKS_EXACT,YES,age=10–12;profile=Geral;type=Aeróbio;zones=A2|A1;styles=Livre/Crawl|Costas;skills=Perna,"Sessão e blocos normalizados: pode usar integralmente ou recombinar blocos preservando objetivo, zona dominante, perfil, fase e regras RKF.",RKF_V5.0
RKF-10-12-12,400s para formação,4100,4100,0,OK — EXATO,Treinos_10_12,13,10–12,Linear / desenvolvimento técnico,Geral,Aeróbio,400s para formação,A1/A2; variação interna,A2|A1,Livre/Crawl|Costas|Medley,,Perna,,4,READY_WHOLE|BLOCKS_EXACT,YES,age=10–12;profile=Geral;type=Aeróbio;zones=A2|A1;styles=Livre/Crawl|Costas|Medley;skills=Perna,"Sessão e blocos normalizados: pode usar integralmente ou recombinar blocos preservando objetivo, zona dominante, perfil, fase e regras RKF.",RKF_V5.0
RKF-10-12-13,Mudança de distância,3700,3700,0,OK — EXATO,Treinos_10_12,14,10–12,Linear / desenvolvimento técnico,Geral,Aeróbio,Mudança de distância,A2; progressivos,A2,,,,,6,READY_WHOLE|BLOCKS_EXACT,YES,age=10–12;profile=Geral;type=Aeróbio;zones=A2;styles=NA;skills=NA,"Sessão e blocos normalizados: pode usar integralmente ou recombinar blocos preservando objetivo, zona dominante, perfil, fase e regras RKF.",RKF_V5.0
RKF-10-12-14,Quatro estilos + velocidade,3200,3200,0,OK — EXATO,Treinos_10_12,15,10–12,Linear / desenvolvimento técnico,Geral,Velocidade,Quatro estilos + velocidade,Estilos + velocidade curta,A2,Livre/Crawl|Costas|Peito|Borboleta,,,,5,READY_WHOLE|BLOCKS_EXACT,YES,age=10–12;profile=Geral;type=Velocidade;zones=A2;styles=Livre/Crawl|Costas|Peito|Borboleta;skills=NA,"Sessão e blocos normalizados: pode usar integralmente ou recombinar blocos preservando objetivo, zona dominante, perfil, fase e regras RKF.",RKF_V5.0
RKF-10-12-15,800 + 400 + 200 + 100,3700,3700,0,OK — EXATO,Treinos_10_12,16,10–12,Linear / desenvolvimento técnico,Geral,Aeróbio,800 + 400 + 200 + 100,A1/A2; progressão por distância,A2|A1,,,,,8,READY_WHOLE|BLOCKS_EXACT,YES,age=10–12;profile=Geral;type=Aeróbio;zones=A2|A1;styles=NA;skills=NA,"Sessão e blocos normalizados: pode usar integralmente ou recombinar blocos preservando objetivo, zona dominante, perfil, fase e regras RKF.",RKF_V5.0
RKF-10-12-16,Misto perna/braço/nado,3600,3600,0,OK — EXATO,Treinos_10_12,17,10–12,Linear / desenvolvimento técnico,Geral,Misto,Misto perna/braço/nado,Integração multicomponente,A2,Livre/Crawl,,Perna,,6,READY_WHOLE|BLOCKS_EXACT,YES,age=10–12;profile=Geral;type=Misto;zones=A2;styles=Livre/Crawl;skills=Perna,"Sessão e blocos normalizados: pode usar integralmente ou recombinar blocos preservando objetivo, zona dominante, perfil, fase e regras RKF.",RKF_V5.0
RKF-10-12-17,Negative split,3900,3900,0,OK — EXATO,Treinos_10_12,18,10–12,Linear / desenvolvimento técnico,Geral,Aeróbio,Negative split,A1/A2; negative split,A2|A1,,,,,7,READY_WHOLE|BLOCKS_EXACT,YES,age=10–12;profile=Geral;type=Aeróbio;zones=A2|A1;styles=NA;skills=NA,"Sessão e blocos normalizados: pode usar integralmente ou recombinar blocos preservando objetivo, zona dominante, perfil, fase e regras RKF.",RKF_V5.0
RKF-10-12-18,Broken + habilidades,3300,3300,0,OK — EXATO,Treinos_10_12,19,10–12,Linear / desenvolvimento técnico,Geral,Técnica/Fundamentos,Broken + habilidades,Broken aeróbio + técnica,,,,Breakout|Perna,,5,READY_WHOLE|BLOCKS_EXACT,YES,age=10–12;profile=Geral;type=Técnica/Fundamentos;zones=NA;styles=NA;skills=Breakout|Perna,"Sessão e blocos normalizados: pode usar integralmente ou recombinar blocos preservando objetivo, zona dominante, perfil, fase e regras RKF.",RKF_V5.0
RKF-10-12-19,Aeróbio multilateral,4200,4200,0,OK — EXATO,Treinos_10_12,20,10–12,Linear / desenvolvimento técnico,Geral,Aeróbio,Aeróbio multilateral,A1/A2; multilateral,A2|A1,Livre/Crawl|Costas,,Perna,,5,READY_WHOLE|BLOCKS_EXACT,YES,age=10–12;profile=Geral;type=Aeróbio;zones=A2|A1;styles=Livre/Crawl|Costas;skills=Perna,"Sessão e blocos normalizados: pode usar integralmente ou recombinar blocos preservando objetivo, zona dominante, perfil, fase e regras RKF.",RKF_V5.0
RKF-10-12-20,Sessão completa e variada,4000,4000,0,OK — EXATO,Treinos_10_12,21,10–12,Linear / desenvolvimento técnico,Geral,Velocidade,Sessão completa e variada,A1/A2 + velocidade curta,A2|A1,Livre/Crawl|Medley,,Perna,,9,READY_WHOLE|BLOCKS_EXACT,YES,age=10–12;profile=Geral;type=Velocidade;zones=A2|A1;styles=Livre/Crawl|Medley;skills=Perna,"Sessão e blocos normalizados: pode usar integralmente ou recombinar blocos preservando objetivo, zona dominante, perfil, fase e regras RKF.",RKF_V5.0
RKF-10-12-21,Medley técnico + livre,3400,3400,0,OK — EXATO,Treinos_10_12,22,10–12,Linear / desenvolvimento técnico,Geral,Técnica/Fundamentos,Medley técnico + livre,A1/A2; técnica 4 estilos,A2|A1,Livre/Crawl|Medley,,,,5,READY_WHOLE|BLOCKS_EXACT,YES,age=10–12;profile=Geral;type=Técnica/Fundamentos;zones=A2|A1;styles=Livre/Crawl|Medley;skills=NA,"Sessão e blocos normalizados: pode usar integralmente ou recombinar blocos preservando objetivo, zona dominante, perfil, fase e regras RKF.",RKF_V5.0
RKF-10-12-22,IM por blocos + perna,3600,3600,0,OK — EXATO,Treinos_10_12,23,10–12,Linear / desenvolvimento técnico,Geral,Aeróbio,IM por blocos + perna,A1/A2; perna 4 estilos,A2|A1,Livre/Crawl|Costas|Peito|Borboleta|Medley,,Perna,,5,READY_WHOLE|BLOCKS_EXACT,YES,age=10–12;profile=Geral;type=Aeróbio;zones=A2|A1;styles=Livre/Crawl|Costas|Peito|Borboleta|Medley;skills=Perna,"Sessão e blocos normalizados: pode usar integralmente ou recombinar blocos preservando objetivo, zona dominante, perfil, fase e regras RKF.",RKF_V5.0
RKF-10-12-23,Escada IM,3800,3800,0,OK — EXATO,Treinos_10_12,24,10–12,Linear / desenvolvimento técnico,Geral,Aeróbio,Escada IM,A1→A2; distâncias,A2|A1,Livre/Crawl|Medley,,,,5,READY_WHOLE|BLOCKS_EXACT,YES,age=10–12;profile=Geral;type=Aeróbio;zones=A2|A1;styles=Livre/Crawl|Medley;skills=NA,"Sessão e blocos normalizados: pode usar integralmente ou recombinar blocos preservando objetivo, zona dominante, perfil, fase e regras RKF.",RKF_V5.0
RKF-10-12-24,Medley + progressivos de 100,3600,3600,0,OK — EXATO,Treinos_10_12,25,10–12,Linear / desenvolvimento técnico,Geral,Aeróbio,Medley + progressivos de 100,A1/A2; progressivos,A2|A1,Livre/Crawl|Medley,,Perna,,5,READY_WHOLE|BLOCKS_EXACT,YES,age=10–12;profile=Geral;type=Aeróbio;zones=A2|A1;styles=Livre/Crawl|Medley;skills=Perna,"Sessão e blocos normalizados: pode usar integralmente ou recombinar blocos preservando objetivo, zona dominante, perfil, fase e regras RKF.",RKF_V5.0
RKF-10-12-25,400s de medley,4000,4000,0,OK — EXATO,Treinos_10_12,26,10–12,Linear / desenvolvimento técnico,Geral,Aeróbio,400s de medley,A1/A2; 400 variados,A2|A1,Livre/Crawl|Medley,,Perna,,4,READY_WHOLE|BLOCKS_EXACT,YES,age=10–12;profile=Geral;type=Aeróbio;zones=A2|A1;styles=Livre/Crawl|Medley;skills=Perna,"Sessão e blocos normalizados: pode usar integralmente ou recombinar blocos preservando objetivo, zona dominante, perfil, fase e regras RKF.",RKF_V5.0
RKF-10-12-26,Pares de estilos,3400,3400,0,OK — EXATO,Treinos_10_12,27,10–12,Linear / desenvolvimento técnico,Geral,Aeróbio,Pares de estilos,A1/A2; estilos pareados,A2|A1,Livre/Crawl|Costas|Peito|Borboleta|Medley,,,,6,READY_WHOLE|BLOCKS_EXACT,YES,age=10–12;profile=Geral;type=Aeróbio;zones=A2|A1;styles=Livre/Crawl|Costas|Peito|Borboleta|Medley;skills=NA,"Sessão e blocos normalizados: pode usar integralmente ou recombinar blocos preservando objetivo, zona dominante, perfil, fase e regras RKF.",RKF_V5.0
RKF-10-12-27,Perna IM → nado IM,3600,3600,0,OK — EXATO,Treinos_10_12,28,10–12,Linear / desenvolvimento técnico,Geral,Misto,Perna IM → nado IM,Perna + transferência,A2,Livre/Crawl|Medley,,Submerso|Breakout|Perna,,6,READY_WHOLE|BLOCKS_EXACT,YES,age=10–12;profile=Geral;type=Misto;zones=A2;styles=Livre/Crawl|Medley;skills=Submerso|Breakout|Perna,"Sessão e blocos normalizados: pode usar integralmente ou recombinar blocos preservando objetivo, zona dominante, perfil, fase e regras RKF.",RKF_V5.0
RKF-10-12-28,Braço + medley,3500,3500,0,OK — EXATO,Treinos_10_12,29,10–12,Linear / desenvolvimento técnico,Geral,Técnica/Fundamentos,Braço + medley,Força propulsiva técnica,,Livre/Crawl|Medley,Palmar,Scull,,6,READY_WHOLE|BLOCKS_EXACT,YES,age=10–12;profile=Geral;type=Técnica/Fundamentos;zones=NA;styles=Livre/Crawl|Medley;skills=Scull,"Sessão e blocos normalizados: pode usar integralmente ou recombinar blocos preservando objetivo, zona dominante, perfil, fase e regras RKF.",RKF_V5.0
RKF-10-12-29,Broken 800 medley,4000,4000,0,OK — EXATO,Treinos_10_12,30,10–12,Linear / desenvolvimento técnico,Geral,Aeróbio,Broken 800 medley,A1/A2; broken,A2|A1,Livre/Crawl|Medley,,,,5,READY_WHOLE|BLOCKS_EXACT,YES,age=10–12;profile=Geral;type=Aeróbio;zones=A2|A1;styles=Livre/Crawl|Medley;skills=NA,"Sessão e blocos normalizados: pode usar integralmente ou recombinar blocos preservando objetivo, zona dominante, perfil, fase e regras RKF.",RKF_V5.0
RKF-10-12-30,Medley descendente,3800,3800,0,OK — EXATO,Treinos_10_12,31,10–12,Linear / desenvolvimento técnico,Geral,Aeróbio,Medley descendente,A1→A2 forte,A2|A1,Livre/Crawl|Medley,,,,5,READY_WHOLE|BLOCKS_EXACT,YES,age=10–12;profile=Geral;type=Aeróbio;zones=A2|A1;styles=Livre/Crawl|Medley;skills=NA,"Sessão e blocos normalizados: pode usar integralmente ou recombinar blocos preservando objetivo, zona dominante, perfil, fase e regras RKF.",RKF_V5.0
RKF-10-12-31,IM + força especial leve,3400,3400,0,OK — EXATO,Treinos_10_12,32,10–12,Linear / desenvolvimento técnico,Geral,Misto,IM + força especial leve,Força leve + transferência,A2,Livre/Crawl|Medley,Palmar|Paraquedas,,,6,READY_WHOLE|BLOCKS_EXACT,YES,age=10–12;profile=Geral;type=Misto;zones=A2;styles=Livre/Crawl|Medley;skills=NA,"Sessão e blocos normalizados: pode usar integralmente ou recombinar blocos preservando objetivo, zona dominante, perfil, fase e regras RKF.",RKF_V5.0
RKF-10-12-32,Medley aeróbio longo,4200,4200,0,OK — EXATO,Treinos_10_12,33,10–12,Linear / desenvolvimento técnico,Geral,Aeróbio,Medley aeróbio longo,A1/A2; sustentação,A2|A1,Livre/Crawl|Medley,,,,6,READY_WHOLE|BLOCKS_EXACT,YES,age=10–12;profile=Geral;type=Aeróbio;zones=A2|A1;styles=Livre/Crawl|Medley;skills=NA,"Sessão e blocos normalizados: pode usar integralmente ou recombinar blocos preservando objetivo, zona dominante, perfil, fase e regras RKF.",RKF_V5.0
RKF-10-12-33,150s multimedley,3600,3600,0,OK — EXATO,Treinos_10_12,34,10–12,Linear / desenvolvimento técnico,Geral,Aeróbio,150s multimedley,A1/A2; combinações,A2|A1,Livre/Crawl|Costas|Peito|Borboleta|Medley,,Perna,,5,READY_WHOLE|BLOCKS_EXACT,YES,age=10–12;profile=Geral;type=Aeróbio;zones=A2|A1;styles=Livre/Crawl|Costas|Peito|Borboleta|Medley;skills=Perna,"Sessão e blocos normalizados: pode usar integralmente ou recombinar blocos preservando objetivo, zona dominante, perfil, fase e regras RKF.",RKF_V5.0
RKF-10-12-34,100s IM progressivos,3800,3800,0,OK — EXATO,Treinos_10_12,35,10–12,Linear / desenvolvimento técnico,Geral,Misto,100s IM progressivos,Progressivos 1–4,,Livre/Crawl|Medley,,Perna,,5,READY_WHOLE|BLOCKS_EXACT,YES,age=10–12;profile=Geral;type=Misto;zones=NA;styles=Livre/Crawl|Medley;skills=Perna,"Sessão e blocos normalizados: pode usar integralmente ou recombinar blocos preservando objetivo, zona dominante, perfil, fase e regras RKF.",RKF_V5.0
RKF-10-12-35,Pirâmide medley,4000,4000,0,OK — EXATO,Treinos_10_12,36,10–12,Linear / desenvolvimento técnico,Geral,Aeróbio,Pirâmide medley,A1/A2; pirâmide,A2|A1,Livre/Crawl|Medley,,Perna,,5,READY_WHOLE|BLOCKS_EXACT,YES,age=10–12;profile=Geral;type=Aeróbio;zones=A2|A1;styles=Livre/Crawl|Medley;skills=Perna,"Sessão e blocos normalizados: pode usar integralmente ou recombinar blocos preservando objetivo, zona dominante, perfil, fase e regras RKF.",RKF_V5.0
RKF-10-12-36,Medley + viradas/submersos,3200,3200,0,OK — EXATO,Treinos_10_12,37,10–12,Linear / desenvolvimento técnico,Geral,Técnica/Fundamentos,Medley + viradas/submersos,Habilidade + A1/A2,A2|A1,Livre/Crawl|Medley,,Submerso|Breakout,,6,READY_WHOLE|BLOCKS_EXACT,YES,age=10–12;profile=Geral;type=Técnica/Fundamentos;zones=A2|A1;styles=Livre/Crawl|Medley;skills=Submerso|Breakout,"Sessão e blocos normalizados: pode usar integralmente ou recombinar blocos preservando objetivo, zona dominante, perfil, fase e regras RKF.",RKF_V5.0
RKF-10-12-37,IM reverso + normal,3600,3600,0,OK — EXATO,Treinos_10_12,38,10–12,Linear / desenvolvimento técnico,Geral,Aeróbio,IM reverso + normal,Coordenação; A1/A2,A2|A1,Livre/Crawl|Medley,,Coordenação,,6,READY_WHOLE|BLOCKS_EXACT,YES,age=10–12;profile=Geral;type=Aeróbio;zones=A2|A1;styles=Livre/Crawl|Medley;skills=Coordenação,"Sessão e blocos normalizados: pode usar integralmente ou recombinar blocos preservando objetivo, zona dominante, perfil, fase e regras RKF.",RKF_V5.0
RKF-10-12-38,Medley com 600s,4200,4200,0,OK — EXATO,Treinos_10_12,39,10–12,Linear / desenvolvimento técnico,Geral,Aeróbio,Medley com 600s,A1/A2; blocos longos,A2|A1,Livre/Crawl|Medley,,Perna,,5,READY_WHOLE|BLOCKS_EXACT,YES,age=10–12;profile=Geral;type=Aeróbio;zones=A2|A1;styles=Livre/Crawl|Medley;skills=Perna,"Sessão e blocos normalizados: pode usar integralmente ou recombinar blocos preservando objetivo, zona dominante, perfil, fase e regras RKF.",RKF_V5.0
RKF-10-12-39,Estilo fraco + IM,3500,3500,0,OK — EXATO,Treinos_10_12,40,10–12,Linear / desenvolvimento técnico,Geral,Misto,Estilo fraco + IM,Correção individual,A2,Livre/Crawl|Medley,,,,6,READY_WHOLE|BLOCKS_EXACT,YES,age=10–12;profile=Geral;type=Misto;zones=A2;styles=Livre/Crawl|Medley;skills=NA,"Sessão e blocos normalizados: pode usar integralmente ou recombinar blocos preservando objetivo, zona dominante, perfil, fase e regras RKF.",RKF_V5.0
RKF-10-12-40,Festival IM integrado,4000,4000,0,OK — EXATO,Treinos_10_12,41,10–12,Linear / desenvolvimento técnico,Geral,Misto,Festival IM integrado,Multilateral; progressão,A2,Livre/Crawl|Medley,,Perna,,8,READY_WHOLE|BLOCKS_EXACT,YES,age=10–12;profile=Geral;type=Misto;zones=A2;styles=Livre/Crawl|Medley;skills=Perna,"Sessão e blocos normalizados: pode usar integralmente ou recombinar blocos preservando objetivo, zona dominante, perfil, fase e regras RKF.",RKF_V5.0
RKF-10-12-41,Pernada presente no nado,3400,3400,0,OK — EXATO,Treinos_10_12,42,10–12,Linear / desenvolvimento técnico,Geral,Aeróbio,Pernada presente no nado,Perna → nado; A1/A2,A2|A1,Livre/Crawl|Costas,,Streamline|Perna,,6,READY_WHOLE|BLOCKS_EXACT,YES,age=10–12;profile=Geral;type=Aeróbio;zones=A2|A1;styles=Livre/Crawl|Costas;skills=Streamline|Perna,"Sessão e blocos normalizados: pode usar integralmente ou recombinar blocos preservando objetivo, zona dominante, perfil, fase e regras RKF.",RKF_V5.0
RKF-10-12-42,Perna → velocidade,3500,3500,0,OK — EXATO,Treinos_10_12,43,10–12,Linear / desenvolvimento técnico,Geral,Velocidade,Perna → velocidade,Transferência + velocidade,A2,,,Perna,,6,READY_WHOLE|BLOCKS_EXACT,YES,age=10–12;profile=Geral;type=Velocidade;zones=A2;styles=NA;skills=Perna,"Sessão e blocos normalizados: pode usar integralmente ou recombinar blocos preservando objetivo, zona dominante, perfil, fase e regras RKF.",RKF_V5.0
RKF-10-12-43,Perna dos quatro estilos,3400,3400,0,OK — EXATO,Treinos_10_12,44,10–12,Linear / desenvolvimento técnico,Geral,Misto,Perna dos quatro estilos,Perna IM + transferência,,Livre/Crawl|Costas|Peito|Borboleta|Medley,,Submerso|Breakout|Perna,,7,READY_WHOLE|BLOCKS_EXACT,YES,age=10–12;profile=Geral;type=Misto;zones=NA;styles=Livre/Crawl|Costas|Peito|Borboleta|Medley;skills=Submerso|Breakout|Perna,"Sessão e blocos normalizados: pode usar integralmente ou recombinar blocos preservando objetivo, zona dominante, perfil, fase e regras RKF.",RKF_V5.0
RKF-10-12-44,100s progressivos com perna,3600,3600,0,OK — EXATO,Treinos_10_12,45,10–12,Linear / desenvolvimento técnico,Geral,Misto,100s progressivos com perna,Progressivos + pernas,A2|A1,,,Perna,,5,READY_WHOLE|BLOCKS_EXACT,YES,age=10–12;profile=Geral;type=Misto;zones=A2|A1;styles=NA;skills=Perna,"Sessão e blocos normalizados: pode usar integralmente ou recombinar blocos preservando objetivo, zona dominante, perfil, fase e regras RKF.",RKF_V5.0
RKF-10-12-45,Blocos de 400,3800,3800,0,OK — EXATO,Treinos_10_12,46,10–12,Linear / desenvolvimento técnico,Geral,Aeróbio,Blocos de 400,A1/A2; transferência longa,A2|A1,,,Perna,,4,READY_WHOLE|BLOCKS_EXACT,YES,age=10–12;profile=Geral;type=Aeróbio;zones=A2|A1;styles=NA;skills=Perna,"Sessão e blocos normalizados: pode usar integralmente ou recombinar blocos preservando objetivo, zona dominante, perfil, fase e regras RKF.",RKF_V5.0
RKF-10-12-46,Perna submersa → superfície,3200,3200,0,OK — EXATO,Treinos_10_12,47,10–12,Linear / desenvolvimento técnico,Geral,Misto,Perna submersa → superfície,Submerso + transferência,A1,,,Streamline|Submerso|Breakout|Perna,,6,READY_WHOLE|BLOCKS_EXACT,YES,age=10–12;profile=Geral;type=Misto;zones=A1;styles=NA;skills=Streamline|Submerso|Breakout|Perna,"Sessão e blocos normalizados: pode usar integralmente ou recombinar blocos preservando objetivo, zona dominante, perfil, fase e regras RKF.",RKF_V5.0
RKF-10-12-47,Aeróbio com pernas ativas,4000,4000,0,OK — EXATO,Treinos_10_12,48,10–12,Linear / desenvolvimento técnico,Geral,Aeróbio,Aeróbio com pernas ativas,A1/A2; pernas sustentadas,A2|A1,,,Perna,,6,READY_WHOLE|BLOCKS_EXACT,YES,age=10–12;profile=Geral;type=Aeróbio;zones=A2|A1;styles=NA;skills=Perna,"Sessão e blocos normalizados: pode usar integralmente ou recombinar blocos preservando objetivo, zona dominante, perfil, fase e regras RKF.",RKF_V5.0
RKF-10-12-48,Pernada de costas + livre,3400,3400,0,OK — EXATO,Treinos_10_12,49,10–12,Linear / desenvolvimento técnico,Geral,Misto,Pernada de costas + livre,Costas/livre; transferência,,Livre/Crawl|Costas,,Streamline|Perna,,6,READY_WHOLE|BLOCKS_EXACT,YES,age=10–12;profile=Geral;type=Misto;zones=NA;styles=Livre/Crawl|Costas;skills=Streamline|Perna,"Sessão e blocos normalizados: pode usar integralmente ou recombinar blocos preservando objetivo, zona dominante, perfil, fase e regras RKF.",RKF_V5.0
RKF-10-12-49,Perna → nado → perna → nado,3600,3600,0,OK — EXATO,Treinos_10_12,50,10–12,Linear / desenvolvimento técnico,Geral,Misto,Perna → nado → perna → nado,Transferência repetida,A2,Medley,,Perna,,5,READY_WHOLE|BLOCKS_EXACT,YES,age=10–12;profile=Geral;type=Misto;zones=A2;styles=Medley;skills=Perna,"Sessão e blocos normalizados: pode usar integralmente ou recombinar blocos preservando objetivo, zona dominante, perfil, fase e regras RKF.",RKF_V5.0
RKF-10-12-50,Velocidade nasce das pernas,3200,3200,0,OK — EXATO,Treinos_10_12,51,10–12,Linear / desenvolvimento técnico,Geral,Velocidade,Velocidade nasce das pernas,Perna + velocidade curta,A2|A1,,,Breakout|Perna,,7,READY_WHOLE|BLOCKS_EXACT,YES,age=10–12;profile=Geral;type=Velocidade;zones=A2|A1;styles=NA;skills=Breakout|Perna,"Sessão e blocos normalizados: pode usar integralmente ou recombinar blocos preservando objetivo, zona dominante, perfil, fase e regras RKF.",RKF_V5.0
RKF-10-12-51,Perna IM + transferência,3600,3600,0,OK — EXATO,Treinos_10_12,52,10–12,Linear / desenvolvimento técnico,Geral,Misto,Perna IM + transferência,IM; pernas ativas,,Livre/Crawl|Medley,,Perna,,7,READY_WHOLE|BLOCKS_EXACT,YES,age=10–12;profile=Geral;type=Misto;zones=NA;styles=Livre/Crawl|Medley;skills=Perna,"Sessão e blocos normalizados: pode usar integralmente ou recombinar blocos preservando objetivo, zona dominante, perfil, fase e regras RKF.",RKF_V5.0
RKF-10-12-52,Escada perna/nado,3600,3600,0,OK — EXATO,Treinos_10_12,53,10–12,Linear / desenvolvimento técnico,Geral,Aeróbio,Escada perna/nado,A1→A2; escada,A2|A1,,,Perna,,4,READY_WHOLE|BLOCKS_EXACT,YES,age=10–12;profile=Geral;type=Aeróbio;zones=A2|A1;styles=NA;skills=Perna,"Sessão e blocos normalizados: pode usar integralmente ou recombinar blocos preservando objetivo, zona dominante, perfil, fase e regras RKF.",RKF_V5.0
RKF-10-12-53,200s de transferência,3800,3800,0,OK — EXATO,Treinos_10_12,54,10–12,Linear / desenvolvimento técnico,Geral,Misto,200s de transferência,Perna/nado; mudança de razão,A2,Livre/Crawl,,Perna,,5,READY_WHOLE|BLOCKS_EXACT,YES,age=10–12;profile=Geral;type=Misto;zones=A2;styles=Livre/Crawl;skills=Perna,"Sessão e blocos normalizados: pode usar integralmente ou recombinar blocos preservando objetivo, zona dominante, perfil, fase e regras RKF.",RKF_V5.0
RKF-10-12-54,Mudança de frequência,3400,3400,0,OK — EXATO,Treinos_10_12,55,10–12,Linear / desenvolvimento técnico,Geral,Misto,Mudança de frequência,Frequência de pernada,A2,,,Perna,,6,READY_WHOLE|BLOCKS_EXACT,YES,age=10–12;profile=Geral;type=Misto;zones=A2;styles=NA;skills=Perna,"Sessão e blocos normalizados: pode usar integralmente ou recombinar blocos preservando objetivo, zona dominante, perfil, fase e regras RKF.",RKF_V5.0
RKF-10-12-55,Broken com pernas,3600,3600,0,OK — EXATO,Treinos_10_12,56,10–12,Linear / desenvolvimento técnico,Geral,Misto,Broken com pernas,Broken + transferência,,,,Perna,,4,READY_WHOLE|BLOCKS_EXACT,YES,age=10–12;profile=Geral;type=Misto;zones=NA;styles=NA;skills=Perna,"Sessão e blocos normalizados: pode usar integralmente ou recombinar blocos preservando objetivo, zona dominante, perfil, fase e regras RKF.",RKF_V5.0
RKF-10-12-56,Perna forte depois do nado,3600,3600,0,OK — EXATO,Treinos_10_12,57,10–12,Linear / desenvolvimento técnico,Geral,Aeróbio,Perna forte depois do nado,A2 + pernas finais,A2,,,Perna,,6,READY_WHOLE|BLOCKS_EXACT,YES,age=10–12;profile=Geral;type=Aeróbio;zones=A2;styles=NA;skills=Perna,"Sessão e blocos normalizados: pode usar integralmente ou recombinar blocos preservando objetivo, zona dominante, perfil, fase e regras RKF.",RKF_V5.0
RKF-10-12-57,Resistência leve → pernas livres,3300,3300,0,OK — EXATO,Treinos_10_12,58,10–12,Linear / desenvolvimento técnico,Geral,Misto,Resistência leve → pernas livres,Força especial leve + transferência,,Livre/Crawl,Paraquedas,Perna,,6,READY_WHOLE|BLOCKS_EXACT,YES,age=10–12;profile=Geral;type=Misto;zones=NA;styles=Livre/Crawl;skills=Perna,"Sessão e blocos normalizados: pode usar integralmente ou recombinar blocos preservando objetivo, zona dominante, perfil, fase e regras RKF.",RKF_V5.0
RKF-10-12-58,Pernada longa,4000,4000,0,OK — EXATO,Treinos_10_12,59,10–12,Linear / desenvolvimento técnico,Geral,Aeróbio,Pernada longa,Blocos longos; A1/A2,A2|A1,Livre/Crawl|Costas|Medley,,Perna,,5,READY_WHOLE|BLOCKS_EXACT,YES,age=10–12;profile=Geral;type=Aeróbio;zones=A2|A1;styles=Livre/Crawl|Costas|Medley;skills=Perna,"Sessão e blocos normalizados: pode usar integralmente ou recombinar blocos preservando objetivo, zona dominante, perfil, fase e regras RKF.",RKF_V5.0
RKF-10-12-59,100s: aprender a usar pernas,3800,3800,0,OK — EXATO,Treinos_10_12,60,10–12,Linear / desenvolvimento técnico,Geral,Misto,100s: aprender a usar pernas,Progressivos de 100 + transferência,A2,Livre/Crawl,,Perna,,5,READY_WHOLE|BLOCKS_EXACT,YES,age=10–12;profile=Geral;type=Misto;zones=A2;styles=Livre/Crawl;skills=Perna,"Sessão e blocos normalizados: pode usar integralmente ou recombinar blocos preservando objetivo, zona dominante, perfil, fase e regras RKF.",RKF_V5.0
RKF-10-12-60,Integração final perna+nado,4000,4000,0,OK — EXATO,Treinos_10_12,61,10–12,Linear / desenvolvimento técnico,Geral,Velocidade,Integração final perna+nado,Integração; A1/A2 + velocidade,A2|A1,Livre/Crawl,,Breakout|Perna,,8,READY_WHOLE|BLOCKS_EXACT,YES,age=10–12;profile=Geral;type=Velocidade;zones=A2|A1;styles=Livre/Crawl;skills=Breakout|Perna,"Sessão e blocos normalizados: pode usar integralmente ou recombinar blocos preservando objetivo, zona dominante, perfil, fase e regras RKF.",RKF_V5.0
RKF-10-12-61,Aprender a acelerar,3200,3200,0,OK — EXATO,Treinos_10_12,62,10–12,Linear / desenvolvimento técnico,Geral,Velocidade,Aprender a acelerar,Coordenação de velocidade; 4 estilos,A2|A1,Livre/Crawl,,Breakout|Coordenação,,7,READY_WHOLE|BLOCKS_EXACT,YES,age=10–12;profile=Geral;type=Velocidade;zones=A2|A1;styles=Livre/Crawl;skills=Breakout|Coordenação,"Sessão e blocos normalizados: pode usar integralmente ou recombinar blocos preservando objetivo, zona dominante, perfil, fase e regras RKF.",RKF_V5.0
RKF-10-12-62,Saídas nos quatro estilos,3200,3200,0,OK — EXATO,Treinos_10_12,63,10–12,Linear / desenvolvimento técnico,Geral,Técnica/Fundamentos,Saídas nos quatro estilos,Saídas + breakout; 4 estilos,A2|A1,Livre/Crawl|Costas|Peito|Borboleta|Medley,,Submerso|Breakout,,7,READY_WHOLE|BLOCKS_EXACT,YES,age=10–12;profile=Geral;type=Técnica/Fundamentos;zones=A2|A1;styles=Livre/Crawl|Costas|Peito|Borboleta|Medley;skills=Submerso|Breakout,"Sessão e blocos normalizados: pode usar integralmente ou recombinar blocos preservando objetivo, zona dominante, perfil, fase e regras RKF.",RKF_V5.0
RKF-10-12-63,Escola de viradas,3400,3400,0,OK — EXATO,Treinos_10_12,64,10–12,Linear / desenvolvimento técnico,Geral,Técnica/Fundamentos,Escola de viradas,Viradas + aceleração,A2,,,Submerso|Breakout,,8,READY_WHOLE|BLOCKS_EXACT,YES,age=10–12;profile=Geral;type=Técnica/Fundamentos;zones=A2;styles=NA;skills=Submerso|Breakout,"Sessão e blocos normalizados: pode usar integralmente ou recombinar blocos preservando objetivo, zona dominante, perfil, fase e regras RKF.",RKF_V5.0
RKF-10-12-64,Trocas de velocidade dentro dos 100,3400,3400,0,OK — EXATO,Treinos_10_12,65,10–12,Linear / desenvolvimento técnico,Geral,Velocidade,Trocas de velocidade dentro dos 100,Trocas de velocidade; 4 estilos,A2|A1,,,,,5,READY_WHOLE|BLOCKS_EXACT,YES,age=10–12;profile=Geral;type=Velocidade;zones=A2|A1;styles=NA;skills=NA,"Sessão e blocos normalizados: pode usar integralmente ou recombinar blocos preservando objetivo, zona dominante, perfil, fase e regras RKF.",RKF_V5.0
RKF-10-12-65,Velocidade IM,3600,3600,0,OK — EXATO,Treinos_10_12,66,10–12,Linear / desenvolvimento técnico,Geral,Velocidade,Velocidade IM,IM + velocidade coordenada,A2,Medley,,Coordenação,,7,READY_WHOLE|BLOCKS_EXACT,YES,age=10–12;profile=Geral;type=Velocidade;zones=A2;styles=Medley;skills=Coordenação,"Sessão e blocos normalizados: pode usar integralmente ou recombinar blocos preservando objetivo, zona dominante, perfil, fase e regras RKF.",RKF_V5.0
RKF-10-12-66,"Entrar rápido, sair rápido",3200,3200,0,OK — EXATO,Treinos_10_12,67,10–12,Linear / desenvolvimento técnico,Geral,Técnica/Fundamentos,"Entrar rápido, sair rápido",Virada + saída de parede,A2|A1,,,,,6,READY_WHOLE|BLOCKS_EXACT,YES,age=10–12;profile=Geral;type=Técnica/Fundamentos;zones=A2|A1;styles=NA;skills=NA,"Sessão e blocos normalizados: pode usar integralmente ou recombinar blocos preservando objetivo, zona dominante, perfil, fase e regras RKF.",RKF_V5.0
RKF-10-12-67,25/50/75/100 velocidade coordenada,3400,3400,0,OK — EXATO,Treinos_10_12,68,10–12,Linear / desenvolvimento técnico,Geral,Velocidade,25/50/75/100 velocidade coordenada,Progressão de distância; 4 estilos,,Livre/Crawl|Costas|Peito|Borboleta,,Breakout|Coordenação,,5,READY_WHOLE|BLOCKS_EXACT,YES,age=10–12;profile=Geral;type=Velocidade;zones=NA;styles=Livre/Crawl|Costas|Peito|Borboleta;skills=Breakout|Coordenação,"Sessão e blocos normalizados: pode usar integralmente ou recombinar blocos preservando objetivo, zona dominante, perfil, fase e regras RKF.",RKF_V5.0
RKF-10-12-68,Saída → nado → virada,3600,3600,0,OK — EXATO,Treinos_10_12,69,10–12,Linear / desenvolvimento técnico,Geral,Técnica/Fundamentos,Saída → nado → virada,Saída + estabilização + virada,A2,,,Breakout|Coordenação,,7,READY_WHOLE|BLOCKS_EXACT,YES,age=10–12;profile=Geral;type=Técnica/Fundamentos;zones=A2;styles=NA;skills=Breakout|Coordenação,"Sessão e blocos normalizados: pode usar integralmente ou recombinar blocos preservando objetivo, zona dominante, perfil, fase e regras RKF.",RKF_V5.0
RKF-10-12-69,Mudança de marcha,3400,3400,0,OK — EXATO,Treinos_10_12,70,10–12,Linear / desenvolvimento técnico,Geral,Técnica/Fundamentos,Mudança de marcha,Acelerar e desacelerar com técnica,A2|A1,,,Coordenação,,6,READY_WHOLE|BLOCKS_EXACT,YES,age=10–12;profile=Geral;type=Técnica/Fundamentos;zones=A2|A1;styles=NA;skills=Coordenação,"Sessão e blocos normalizados: pode usar integralmente ou recombinar blocos preservando objetivo, zona dominante, perfil, fase e regras RKF.",RKF_V5.0
RKF-10-12-70,Viradas IM,3400,3400,0,OK — EXATO,Treinos_10_12,71,10–12,Linear / desenvolvimento técnico,Geral,Técnica/Fundamentos,Viradas IM,Transições IM + velocidade,,Livre/Crawl|Costas|Peito|Borboleta|Medley,,,,7,READY_WHOLE|BLOCKS_EXACT,YES,age=10–12;profile=Geral;type=Técnica/Fundamentos;zones=NA;styles=Livre/Crawl|Costas|Peito|Borboleta|Medley;skills=NA,"Sessão e blocos normalizados: pode usar integralmente ou recombinar blocos preservando objetivo, zona dominante, perfil, fase e regras RKF.",RKF_V5.0
RKF-10-12-71,Velocidade depois da parede,3200,3200,0,OK — EXATO,Treinos_10_12,72,10–12,Linear / desenvolvimento técnico,Geral,Velocidade,Velocidade depois da parede,Impulso + submerso + breakout,A2,,,Submerso|Breakout,,7,READY_WHOLE|BLOCKS_EXACT,YES,age=10–12;profile=Geral;type=Velocidade;zones=A2;styles=NA;skills=Submerso|Breakout,"Sessão e blocos normalizados: pode usar integralmente ou recombinar blocos preservando objetivo, zona dominante, perfil, fase e regras RKF.",RKF_V5.0
RKF-10-12-72,400s com mudanças de velocidade,4000,4000,0,OK — EXATO,Treinos_10_12,73,10–12,Linear / desenvolvimento técnico,Geral,Velocidade,400s com mudanças de velocidade,400s + trocas de velocidade,A2|A1,Medley,,Coordenação,,5,READY_WHOLE|BLOCKS_EXACT,YES,age=10–12;profile=Geral;type=Velocidade;zones=A2|A1;styles=Medley;skills=Coordenação,"Sessão e blocos normalizados: pode usar integralmente ou recombinar blocos preservando objetivo, zona dominante, perfil, fase e regras RKF.",RKF_V5.0
RKF-10-12-73,Velocidade por estilo,3600,3600,0,OK — EXATO,Treinos_10_12,74,10–12,Linear / desenvolvimento técnico,Geral,Velocidade,Velocidade por estilo,Blocos específicos por estilo,,Medley,,Coordenação,,4,READY_WHOLE|BLOCKS_EXACT,YES,age=10–12;profile=Geral;type=Velocidade;zones=NA;styles=Medley;skills=Coordenação,"Sessão e blocos normalizados: pode usar integralmente ou recombinar blocos preservando objetivo, zona dominante, perfil, fase e regras RKF.",RKF_V5.0
RKF-10-12-74,Frequência sem perder distância por ciclo,3400,3400,0,OK — EXATO,Treinos_10_12,75,10–12,Linear / desenvolvimento técnico,Geral,Misto,Frequência sem perder distância por ciclo,SR/SL + coordenação,,,,Braçadas|Coordenação,,7,READY_WHOLE|BLOCKS_EXACT,YES,age=10–12;profile=Geral;type=Misto;zones=NA;styles=NA;skills=Braçadas|Coordenação,"Sessão e blocos normalizados: pode usar integralmente ou recombinar blocos preservando objetivo, zona dominante, perfil, fase e regras RKF.",RKF_V5.0
RKF-10-12-75,Broken 400 de velocidade,3600,3600,0,OK — EXATO,Treinos_10_12,76,10–12,Linear / desenvolvimento técnico,Geral,Velocidade,Broken 400 de velocidade,Broken + velocidade coordenada,,,,Breakout|Coordenação,,4,READY_WHOLE|BLOCKS_EXACT,YES,age=10–12;profile=Geral;type=Velocidade;zones=NA;styles=NA;skills=Breakout|Coordenação,"Sessão e blocos normalizados: pode usar integralmente ou recombinar blocos preservando objetivo, zona dominante, perfil, fase e regras RKF.",RKF_V5.0
RKF-10-12-76,Aceleração antes e depois da virada,3400,3400,0,OK — EXATO,Treinos_10_12,77,10–12,Linear / desenvolvimento técnico,Geral,Técnica/Fundamentos,Aceleração antes e depois da virada,Virada + dupla aceleração,A2|A1,,,Coordenação,,6,READY_WHOLE|BLOCKS_EXACT,YES,age=10–12;profile=Geral;type=Técnica/Fundamentos;zones=A2|A1;styles=NA;skills=Coordenação,"Sessão e blocos normalizados: pode usar integralmente ou recombinar blocos preservando objetivo, zona dominante, perfil, fase e regras RKF.",RKF_V5.0
RKF-10-12-77,Controle de velocidade no IM,3800,3800,0,OK — EXATO,Treinos_10_12,78,10–12,Linear / desenvolvimento técnico,Geral,Velocidade,Controle de velocidade no IM,IM + controle de velocidade,A2,Medley,,,,6,READY_WHOLE|BLOCKS_EXACT,YES,age=10–12;profile=Geral;type=Velocidade;zones=A2;styles=Medley;skills=NA,"Sessão e blocos normalizados: pode usar integralmente ou recombinar blocos preservando objetivo, zona dominante, perfil, fase e regras RKF.",RKF_V5.0
RKF-10-12-78,Saídas + sprint + recuperação ativa,3200,3200,0,OK — EXATO,Treinos_10_12,79,10–12,Linear / desenvolvimento técnico,Geral,Técnica/Fundamentos,Saídas + sprint + recuperação ativa,Saída + sprint curto,A2|A1,Livre/Crawl,,Breakout,,7,READY_WHOLE|BLOCKS_EXACT,YES,age=10–12;profile=Geral;type=Técnica/Fundamentos;zones=A2|A1;styles=Livre/Crawl;skills=Breakout,"Sessão e blocos normalizados: pode usar integralmente ou recombinar blocos preservando objetivo, zona dominante, perfil, fase e regras RKF.",RKF_V5.0
RKF-10-12-79,Circuito dos quatro estilos,3600,3600,0,OK — EXATO,Treinos_10_12,80,10–12,Linear / desenvolvimento técnico,Geral,Misto,Circuito dos quatro estilos,Circuito 4 estilos,A2,Medley,,,,4,READY_WHOLE|BLOCKS_EXACT,YES,age=10–12;profile=Geral;type=Misto;zones=A2;styles=Medley;skills=NA,"Sessão e blocos normalizados: pode usar integralmente ou recombinar blocos preservando objetivo, zona dominante, perfil, fase e regras RKF.",RKF_V5.0
RKF-10-12-80,Desafio final: nadador completo,4000,4000,0,OK — EXATO,Treinos_10_12,81,10–12,Linear / desenvolvimento técnico,Geral,Velocidade,Desafio final: nadador completo,Integração total de velocidade,A2,Medley,,Submerso|Breakout|Coordenação,,9,READY_WHOLE|BLOCKS_EXACT,YES,age=10–12;profile=Geral;type=Velocidade;zones=A2;styles=Medley;skills=Submerso|Breakout|Coordenação,"Sessão e blocos normalizados: pode usar integralmente ou recombinar blocos preservando objetivo, zona dominante, perfil, fase e regras RKF.",RKF_V5.0
RKF-13-14-01,Construção A1 → A2,5000,5000,0,OK — EXATO,Treinos_13_14,2,13–14,Linear / desenvolvimento técnico,Geral,Aeróbio,Construção A1 → A2,A1→A2; eficiência,A2|A1,Livre/Crawl|Costas|Borboleta,,Braçadas,,5,READY_WHOLE|BLOCKS_EXACT,YES,age=13–14;profile=Geral;type=Aeróbio;zones=A2|A1;styles=Livre/Crawl|Costas|Borboleta;skills=Braçadas,"Sessão e blocos normalizados: pode usar integralmente ou recombinar blocos preservando objetivo, zona dominante, perfil, fase e regras RKF.",RKF_V5.0
RKF-13-14-02,400s aeróbicos,5200,5200,0,OK — EXATO,Treinos_13_14,3,13–14,Linear / desenvolvimento técnico,Geral,Aeróbio,400s aeróbicos,A1/A2; tempo + braçadas,A2|A1,Medley,,Braçadas,,5,READY_WHOLE|BLOCKS_EXACT,YES,age=13–14;profile=Geral;type=Aeróbio;zones=A2|A1;styles=Medley;skills=Braçadas,"Sessão e blocos normalizados: pode usar integralmente ou recombinar blocos preservando objetivo, zona dominante, perfil, fase e regras RKF.",RKF_V5.0
RKF-13-14-03,Aeróbico medley,5000,5000,0,OK — EXATO,Treinos_13_14,4,13–14,Linear / desenvolvimento técnico,Geral,Aeróbio,Aeróbico medley,IM + livre; A1→A2,A2|A1,Livre/Crawl|Costas|Peito|Borboleta|Medley,,,,5,READY_WHOLE|BLOCKS_EXACT,YES,age=13–14;profile=Geral;type=Aeróbio;zones=A2|A1;styles=Livre/Crawl|Costas|Peito|Borboleta|Medley;skills=NA,"Sessão e blocos normalizados: pode usar integralmente ou recombinar blocos preservando objetivo, zona dominante, perfil, fase e regras RKF.",RKF_V5.0
RKF-13-14-04,100s de eficiência,5000,5000,0,OK — EXATO,Treinos_13_14,5,13–14,Linear / desenvolvimento técnico,Geral,Aeróbio,100s de eficiência,A1/A2; SR/SL,A2|A1,Livre/Crawl|Borboleta,,Scull,,5,READY_WHOLE|BLOCKS_EXACT,YES,age=13–14;profile=Geral;type=Aeróbio;zones=A2|A1;styles=Livre/Crawl|Borboleta;skills=Scull,"Sessão e blocos normalizados: pode usar integralmente ou recombinar blocos preservando objetivo, zona dominante, perfil, fase e regras RKF.",RKF_V5.0
RKF-13-14-05,800s aeróbicos,5400,5400,0,OK — EXATO,Treinos_13_14,6,13–14,Linear / desenvolvimento técnico,Geral,Aeróbio,800s aeróbicos,A1→A2; blocos longos,A2|A1,,,Braçadas,,4,READY_WHOLE|BLOCKS_EXACT,YES,age=13–14;profile=Geral;type=Aeróbio;zones=A2|A1;styles=NA;skills=Braçadas,"Sessão e blocos normalizados: pode usar integralmente ou recombinar blocos preservando objetivo, zona dominante, perfil, fase e regras RKF.",RKF_V5.0
RKF-13-14-06,Borboleta aeróbico sem destruir técnica,4800,4800,0,OK — EXATO,Treinos_13_14,7,13–14,Linear / desenvolvimento técnico,Geral,Técnica/Fundamentos,Borboleta aeróbico sem destruir técnica,Borbo fracionado + livre,A2|A1,Livre/Crawl|Costas|Borboleta,,,,5,READY_WHOLE|BLOCKS_EXACT,YES,age=13–14;profile=Geral;type=Técnica/Fundamentos;zones=A2|A1;styles=Livre/Crawl|Costas|Borboleta;skills=NA,"Sessão e blocos normalizados: pode usar integralmente ou recombinar blocos preservando objetivo, zona dominante, perfil, fase e regras RKF.",RKF_V5.0
RKF-13-14-07,Escada aeróbica,5200,5200,0,OK — EXATO,Treinos_13_14,8,13–14,Linear / desenvolvimento técnico,Geral,Aeróbio,Escada aeróbica,A1→A2; escada,A2|A1,Borboleta,,,,4,READY_WHOLE|BLOCKS_EXACT,YES,age=13–14;profile=Geral;type=Aeróbio;zones=A2|A1;styles=Borboleta;skills=NA,"Sessão e blocos normalizados: pode usar integralmente ou recombinar blocos preservando objetivo, zona dominante, perfil, fase e regras RKF.",RKF_V5.0
RKF-13-14-08,200s A1/A2,5000,5000,0,OK — EXATO,Treinos_13_14,9,13–14,Linear / desenvolvimento técnico,Geral,Aeróbio,200s A1/A2,A1/A2; 200s + IM,A2|A1,Livre/Crawl|Costas|Peito|Borboleta|Medley,,Braçadas,,5,READY_WHOLE|BLOCKS_EXACT,YES,age=13–14;profile=Geral;type=Aeróbio;zones=A2|A1;styles=Livre/Crawl|Costas|Peito|Borboleta|Medley;skills=Braçadas,"Sessão e blocos normalizados: pode usar integralmente ou recombinar blocos preservando objetivo, zona dominante, perfil, fase e regras RKF.",RKF_V5.0
RKF-13-14-09,Aeróbico contínuo fracionado,5400,5400,0,OK — EXATO,Treinos_13_14,10,13–14,Linear / desenvolvimento técnico,Geral,Técnica/Fundamentos,Aeróbico contínuo fracionado,2×2000; duração + técnica,A2|A1,Livre/Crawl|Costas|Peito,,,,4,READY_WHOLE|BLOCKS_EXACT,YES,age=13–14;profile=Geral;type=Técnica/Fundamentos;zones=A2|A1;styles=Livre/Crawl|Costas|Peito;skills=NA,"Sessão e blocos normalizados: pode usar integralmente ou recombinar blocos preservando objetivo, zona dominante, perfil, fase e regras RKF.",RKF_V5.0
RKF-13-14-10,400 + 300 + 200 + 100,5200,5200,0,OK — EXATO,Treinos_13_14,11,13–14,Linear / desenvolvimento técnico,Geral,Aeróbio,400 + 300 + 200 + 100,A1→A2; blocos 1000,A2|A1,Livre/Crawl|Costas|Borboleta,,Braçadas,,4,READY_WHOLE|BLOCKS_EXACT,YES,age=13–14;profile=Geral;type=Aeróbio;zones=A2|A1;styles=Livre/Crawl|Costas|Borboleta;skills=Braçadas,"Sessão e blocos normalizados: pode usar integralmente ou recombinar blocos preservando objetivo, zona dominante, perfil, fase e regras RKF.",RKF_V5.0
RKF-13-14-11,Medley aeróbico longo,5400,5400,0,OK — EXATO,Treinos_13_14,12,13–14,Linear / desenvolvimento técnico,Geral,Aeróbio,Medley aeróbico longo,IM/livre; A1→A2,A2|A1,Livre/Crawl|Medley,,,,5,READY_WHOLE|BLOCKS_EXACT,YES,age=13–14;profile=Geral;type=Aeróbio;zones=A2|A1;styles=Livre/Crawl|Medley;skills=NA,"Sessão e blocos normalizados: pode usar integralmente ou recombinar blocos preservando objetivo, zona dominante, perfil, fase e regras RKF.",RKF_V5.0
RKF-13-14-12,Controle de braçadas,5000,5000,0,OK — EXATO,Treinos_13_14,13,13–14,Linear / desenvolvimento técnico,Geral,Aeróbio,Controle de braçadas,Eficiência; A1/A2,A2|A1,Livre/Crawl|Borboleta,,Braçadas,,5,READY_WHOLE|BLOCKS_EXACT,YES,age=13–14;profile=Geral;type=Aeróbio;zones=A2|A1;styles=Livre/Crawl|Borboleta;skills=Braçadas,"Sessão e blocos normalizados: pode usar integralmente ou recombinar blocos preservando objetivo, zona dominante, perfil, fase e regras RKF.",RKF_V5.0
RKF-13-14-13,1.000s A1/A2,5400,5400,0,OK — EXATO,Treinos_13_14,14,13–14,Linear / desenvolvimento técnico,Geral,Aeróbio,1.000s A1/A2,Blocos 1000; A1→A2,A2|A1,Borboleta,,,,4,READY_WHOLE|BLOCKS_EXACT,YES,age=13–14;profile=Geral;type=Aeróbio;zones=A2|A1;styles=Borboleta;skills=NA,"Sessão e blocos normalizados: pode usar integralmente ou recombinar blocos preservando objetivo, zona dominante, perfil, fase e regras RKF.",RKF_V5.0
RKF-13-14-14,Borboleta + livre aeróbico,4800,4800,0,OK — EXATO,Treinos_13_14,15,13–14,Linear / desenvolvimento técnico,Geral,Aeróbio,Borboleta + livre aeróbico,Borbo sustentável + A1/A2,A2|A1,Livre/Crawl|Borboleta,,Streamline|Breakout,,5,READY_WHOLE|BLOCKS_EXACT,YES,age=13–14;profile=Geral;type=Aeróbio;zones=A2|A1;styles=Livre/Crawl|Borboleta;skills=Streamline|Breakout,"Sessão e blocos normalizados: pode usar integralmente ou recombinar blocos preservando objetivo, zona dominante, perfil, fase e regras RKF.",RKF_V5.0
RKF-13-14-15,1500 + 1000 + 800 + 600,4900,4900,0,OK — EXATO,Treinos_13_14,16,13–14,Linear / desenvolvimento técnico,Geral,Misto,1500 + 1000 + 800 + 600,Aeróbico longo; eficiência,A2|A1,Livre/Crawl|Medley,,Braçadas,,3,READY_WHOLE|BLOCKS_EXACT,YES,age=13–14;profile=Geral;type=Misto;zones=A2|A1;styles=Livre/Crawl|Medley;skills=Braçadas,"Sessão e blocos normalizados: pode usar integralmente ou recombinar blocos preservando objetivo, zona dominante, perfil, fase e regras RKF.",RKF_V5.0
RKF-13-14-16,Aeróbico IM + livre,5200,5200,0,OK — EXATO,Treinos_13_14,17,13–14,Linear / desenvolvimento técnico,Geral,Velocidade,Aeróbico IM + livre,IM/livre; distância ↓ velocidade ↑,A2|A1,Livre/Crawl|Borboleta|Medley,,,,5,READY_WHOLE|BLOCKS_EXACT,YES,age=13–14;profile=Geral;type=Velocidade;zones=A2|A1;styles=Livre/Crawl|Borboleta|Medley;skills=NA,"Sessão e blocos normalizados: pode usar integralmente ou recombinar blocos preservando objetivo, zona dominante, perfil, fase e regras RKF.",RKF_V5.0
RKF-13-14-17,Negative split aeróbico,5400,5400,0,OK — EXATO,Treinos_13_14,18,13–14,Linear / desenvolvimento técnico,Geral,Misto,Negative split aeróbico,Negative split + eficiência,A2,Livre/Crawl|Borboleta,,Braçadas,,4,READY_WHOLE|BLOCKS_EXACT,YES,age=13–14;profile=Geral;type=Misto;zones=A2;styles=Livre/Crawl|Borboleta;skills=Braçadas,"Sessão e blocos normalizados: pode usar integralmente ou recombinar blocos preservando objetivo, zona dominante, perfil, fase e regras RKF.",RKF_V5.0
RKF-13-14-18,Aeróbico com troca de estilos,5000,5000,0,OK — EXATO,Treinos_13_14,19,13–14,Linear / desenvolvimento técnico,Geral,Aeróbio,Aeróbico com troca de estilos,A1/A2; estilos dentro do aeróbio,A2|A1,Livre/Crawl|Costas|Peito|Borboleta|Medley,,,,4,READY_WHOLE|BLOCKS_EXACT,YES,age=13–14;profile=Geral;type=Aeróbio;zones=A2|A1;styles=Livre/Crawl|Costas|Peito|Borboleta|Medley;skills=NA,"Sessão e blocos normalizados: pode usar integralmente ou recombinar blocos preservando objetivo, zona dominante, perfil, fase e regras RKF.",RKF_V5.0
RKF-13-14-19,100s dentro de 4000 aeróbicos,5200,5200,0,OK — EXATO,Treinos_13_14,20,13–14,Linear / desenvolvimento técnico,Geral,Aeróbio,100s dentro de 4000 aeróbicos,A1/A2; 100s + controle,A2|A1,Livre/Crawl|Costas|Peito,,Braçadas,,4,READY_WHOLE|BLOCKS_EXACT,YES,age=13–14;profile=Geral;type=Aeróbio;zones=A2|A1;styles=Livre/Crawl|Costas|Peito;skills=Braçadas,"Sessão e blocos normalizados: pode usar integralmente ou recombinar blocos preservando objetivo, zona dominante, perfil, fase e regras RKF.",RKF_V5.0
RKF-13-14-20,Teste de domínio aeróbico,5400,5400,0,OK — EXATO,Treinos_13_14,21,13–14,Linear / desenvolvimento técnico,Geral,Aeróbio,Teste de domínio aeróbico,A1→A2; domínio técnico,A2|A1,Livre/Crawl|Borboleta|Medley,,,,4,READY_WHOLE|BLOCKS_EXACT,YES,age=13–14;profile=Geral;type=Aeróbio;zones=A2|A1;styles=Livre/Crawl|Borboleta|Medley;skills=NA,"Sessão e blocos normalizados: pode usar integralmente ou recombinar blocos preservando objetivo, zona dominante, perfil, fase e regras RKF.",RKF_V5.0
RKF-13-14-21,Ondas de 100,4600,4600,0,OK — EXATO,Treinos_13_14,22,13–14,Linear / desenvolvimento técnico,Geral,Aeróbio,Ondas de 100,A1/A2/A3; ondas + eficiência,A3|A2|A1,Livre/Crawl|Costas|Borboleta|Medley,,Streamline|Braçadas|Perna,,5,READY_WHOLE|BLOCKS_EXACT,YES,age=13–14;profile=Geral;type=Aeróbio;zones=A3|A2|A1;styles=Livre/Crawl|Costas|Borboleta|Medley;skills=Streamline|Braçadas|Perna,"Sessão e blocos normalizados: pode usar integralmente ou recombinar blocos preservando objetivo, zona dominante, perfil, fase e regras RKF.",RKF_V5.0
RKF-13-14-22,400/150/50 + inversão,4600,4600,0,OK — EXATO,Treinos_13_14,23,13–14,Linear / desenvolvimento técnico,Geral,Aeróbio,400/150/50 + inversão,A1/A2/A3; inversão real,A3|A2|A1,Livre/Crawl|Medley,,Scull|Braçadas|Perna,,5,READY_WHOLE|BLOCKS_EXACT,YES,age=13–14;profile=Geral;type=Aeróbio;zones=A3|A2|A1;styles=Livre/Crawl|Medley;skills=Scull|Braçadas|Perna,"Sessão e blocos normalizados: pode usar integralmente ou recombinar blocos preservando objetivo, zona dominante, perfil, fase e regras RKF.",RKF_V5.0
RKF-13-14-23,800s que mudam por dentro,5000,5000,0,OK — EXATO,Treinos_13_14,24,13–14,Linear / desenvolvimento técnico,Geral,Aeróbio,800s que mudam por dentro,A1/A2/A3; 800s variáveis,A3|A2|A1,Livre/Crawl|Costas|Medley,,Perna,,4,READY_WHOLE|BLOCKS_EXACT,YES,age=13–14;profile=Geral;type=Aeróbio;zones=A3|A2|A1;styles=Livre/Crawl|Costas|Medley;skills=Perna,"Sessão e blocos normalizados: pode usar integralmente ou recombinar blocos preservando objetivo, zona dominante, perfil, fase e regras RKF.",RKF_V5.0
RKF-13-14-24,Escada com inversão progressiva,4800,4800,0,OK — EXATO,Treinos_13_14,25,13–14,Linear / desenvolvimento técnico,Geral,Aeróbio,Escada com inversão progressiva,A1/A2/A3; volume migra para A3,A3|A2|A1,Livre/Crawl,,Braçadas|Perna,,5,READY_WHOLE|BLOCKS_EXACT,YES,age=13–14;profile=Geral;type=Aeróbio;zones=A3|A2|A1;styles=Livre/Crawl;skills=Braçadas|Perna,"Sessão e blocos normalizados: pode usar integralmente ou recombinar blocos preservando objetivo, zona dominante, perfil, fase e regras RKF.",RKF_V5.0
RKF-13-14-25,200s mutantes,4600,4600,0,OK — EXATO,Treinos_13_14,26,13–14,Linear / desenvolvimento técnico,Geral,Aeróbio,200s mutantes,"A1/A2/A3; mesma distância, distribuição variável",A3|A2|A1,Livre/Crawl|Costas|Peito|Borboleta|Medley,,Scull|Braçadas|Perna,,5,READY_WHOLE|BLOCKS_EXACT,YES,age=13–14;profile=Geral;type=Aeróbio;zones=A3|A2|A1;styles=Livre/Crawl|Costas|Peito|Borboleta|Medley;skills=Scull|Braçadas|Perna,"Sessão e blocos normalizados: pode usar integralmente ou recombinar blocos preservando objetivo, zona dominante, perfil, fase e regras RKF.",RKF_V5.0
RKF-13-14-26,Medley progressivo,4800,4800,0,OK — EXATO,Treinos_13_14,27,13–14,Linear / desenvolvimento técnico,Geral,Aeróbio,Medley progressivo,IM + A1/A2/A3,A3|A2|A1,Livre/Crawl|Medley,,Perna|Coordenação,,5,READY_WHOLE|BLOCKS_EXACT,YES,age=13–14;profile=Geral;type=Aeróbio;zones=A3|A2|A1;styles=Livre/Crawl|Medley;skills=Perna|Coordenação,"Sessão e blocos normalizados: pode usar integralmente ou recombinar blocos preservando objetivo, zona dominante, perfil, fase e regras RKF.",RKF_V5.0
RKF-13-14-27,Longo → curto,5000,5000,0,OK — EXATO,Treinos_13_14,28,13–14,Linear / desenvolvimento técnico,Geral,Aeróbio,Longo → curto,"A1/A2/A3; distância cai, intensidade cresce",A3|A2|A1,,,Perna,,5,READY_WHOLE|BLOCKS_EXACT,YES,age=13–14;profile=Geral;type=Aeróbio;zones=A3|A2|A1;styles=NA;skills=Perna,"Sessão e blocos normalizados: pode usar integralmente ou recombinar blocos preservando objetivo, zona dominante, perfil, fase e regras RKF.",RKF_V5.0
RKF-13-14-28,Curto → longo: inversão,4800,4800,0,OK — EXATO,Treinos_13_14,29,13–14,Linear / desenvolvimento técnico,Geral,Aeróbio,Curto → longo: inversão,A1/A2/A3; A3 pode ser o maior trecho,A3|A2|A1,,,Braçadas|Perna,,6,READY_WHOLE|BLOCKS_EXACT,YES,age=13–14;profile=Geral;type=Aeróbio;zones=A3|A2|A1;styles=NA;skills=Braçadas|Perna,"Sessão e blocos normalizados: pode usar integralmente ou recombinar blocos preservando objetivo, zona dominante, perfil, fase e regras RKF.",RKF_V5.0
RKF-13-14-29,Borboleta dentro do aeróbico,4600,4600,0,OK — EXATO,Treinos_13_14,30,13–14,Linear / desenvolvimento técnico,Geral,Aeróbio,Borboleta dentro do aeróbico,Borbo fracionado + A1/A2/A3,A3|A2|A1,Livre/Crawl|Costas|Borboleta|Medley,,Perna,,5,READY_WHOLE|BLOCKS_EXACT,YES,age=13–14;profile=Geral;type=Aeróbio;zones=A3|A2|A1;styles=Livre/Crawl|Costas|Borboleta|Medley;skills=Perna,"Sessão e blocos normalizados: pode usar integralmente ou recombinar blocos preservando objetivo, zona dominante, perfil, fase e regras RKF.",RKF_V5.0
RKF-13-14-30,400s em transformação,4800,4800,0,OK — EXATO,Treinos_13_14,31,13–14,Linear / desenvolvimento técnico,Geral,Aeróbio,400s em transformação,A1/A2/A3; 400s variáveis,A3|A2|A1,,,Perna,,6,READY_WHOLE|BLOCKS_EXACT,YES,age=13–14;profile=Geral;type=Aeróbio;zones=A3|A2|A1;styles=NA;skills=Perna,"Sessão e blocos normalizados: pode usar integralmente ou recombinar blocos preservando objetivo, zona dominante, perfil, fase e regras RKF.",RKF_V5.0
RKF-13-14-31,75/150/300,4800,4800,0,OK — EXATO,Treinos_13_14,32,13–14,Linear / desenvolvimento técnico,Geral,Aeróbio,75/150/300,A1/A2/A3; mudança de escala,A3|A2|A1,Medley,,,,5,READY_WHOLE|BLOCKS_EXACT,YES,age=13–14;profile=Geral;type=Aeróbio;zones=A3|A2|A1;styles=Medley;skills=NA,"Sessão e blocos normalizados: pode usar integralmente ou recombinar blocos preservando objetivo, zona dominante, perfil, fase e regras RKF.",RKF_V5.0
RKF-13-14-32,Pernas determinam a marcha,4600,4600,0,OK — EXATO,Treinos_13_14,33,13–14,Linear / desenvolvimento técnico,Geral,Aeróbio,Pernas determinam a marcha,Perna + A1/A2/A3,A3|A2|A1,Livre/Crawl|Costas|Medley,,Streamline|Perna,,5,READY_WHOLE|BLOCKS_EXACT,YES,age=13–14;profile=Geral;type=Aeróbio;zones=A3|A2|A1;styles=Livre/Crawl|Costas|Medley;skills=Streamline|Perna,"Sessão e blocos normalizados: pode usar integralmente ou recombinar blocos preservando objetivo, zona dominante, perfil, fase e regras RKF.",RKF_V5.0
RKF-13-14-33,Blocos longos que se invertem,5000,5000,0,OK — EXATO,Treinos_13_14,34,13–14,Linear / desenvolvimento técnico,Geral,Aeróbio,Blocos longos que se invertem,A1/A2/A3; A1 perde espaço para A3,A3|A2|A1,Livre/Crawl,,Braçadas,,5,READY_WHOLE|BLOCKS_EXACT,YES,age=13–14;profile=Geral;type=Aeróbio;zones=A3|A2|A1;styles=Livre/Crawl;skills=Braçadas,"Sessão e blocos normalizados: pode usar integralmente ou recombinar blocos preservando objetivo, zona dominante, perfil, fase e regras RKF.",RKF_V5.0
RKF-13-14-34,Laboratório de 50s,4400,4400,0,OK — EXATO,Treinos_13_14,35,13–14,Linear / desenvolvimento técnico,Geral,Aeróbio,Laboratório de 50s,A1/A2/A3; controle obrigatório de ciclos,A3|A2|A1,Livre/Crawl|Costas|Peito,,Scull|Perna,,5,READY_WHOLE|BLOCKS_EXACT,YES,age=13–14;profile=Geral;type=Aeróbio;zones=A3|A2|A1;styles=Livre/Crawl|Costas|Peito;skills=Scull|Perna,"Sessão e blocos normalizados: pode usar integralmente ou recombinar blocos preservando objetivo, zona dominante, perfil, fase e regras RKF.",RKF_V5.0
RKF-13-14-35,Ondas 100/200/300,4800,4800,0,OK — EXATO,Treinos_13_14,36,13–14,Linear / desenvolvimento técnico,Geral,Aeróbio,Ondas 100/200/300,A1/A2/A3; transferência progressiva para A3,A3|A2|A1,,,Perna,,5,READY_WHOLE|BLOCKS_EXACT,YES,age=13–14;profile=Geral;type=Aeróbio;zones=A3|A2|A1;styles=NA;skills=Perna,"Sessão e blocos normalizados: pode usar integralmente ou recombinar blocos preservando objetivo, zona dominante, perfil, fase e regras RKF.",RKF_V5.0
RKF-13-14-36,Pressão na água + pernas,4600,4600,0,OK — EXATO,Treinos_13_14,37,13–14,Linear / desenvolvimento técnico,Geral,Técnica/Fundamentos,Pressão na água + pernas,Força técnica + A1/A2/A3,A3|A2|A1,,Palmar pequeno,Scull|Perna,,6,READY_WHOLE|BLOCKS_EXACT,YES,age=13–14;profile=Geral;type=Técnica/Fundamentos;zones=A3|A2|A1;styles=NA;skills=Scull|Perna,"Sessão e blocos normalizados: pode usar integralmente ou recombinar blocos preservando objetivo, zona dominante, perfil, fase e regras RKF.",RKF_V5.0
RKF-13-14-37,Seis 400 completamente diferentes,4600,4600,0,OK — EXATO,Treinos_13_14,38,13–14,Linear / desenvolvimento técnico,Geral,Aeróbio,Seis 400 completamente diferentes,A1/A2/A3; variedade estrutural,A3|A2|A1,Livre/Crawl,,,,5,READY_WHOLE|BLOCKS_EXACT,YES,age=13–14;profile=Geral;type=Aeróbio;zones=A3|A2|A1;styles=Livre/Crawl;skills=NA,"Sessão e blocos normalizados: pode usar integralmente ou recombinar blocos preservando objetivo, zona dominante, perfil, fase e regras RKF.",RKF_V5.0
RKF-13-14-38,Medley + inversões,4600,4600,0,OK — EXATO,Treinos_13_14,39,13–14,Linear / desenvolvimento técnico,Geral,Aeróbio,Medley + inversões,IM + A1/A2/A3,A3|A2|A1,Livre/Crawl|Borboleta|Medley,,Perna,,5,READY_WHOLE|BLOCKS_EXACT,YES,age=13–14;profile=Geral;type=Aeróbio;zones=A3|A2|A1;styles=Livre/Crawl|Borboleta|Medley;skills=Perna,"Sessão e blocos normalizados: pode usar integralmente ou recombinar blocos preservando objetivo, zona dominante, perfil, fase e regras RKF.",RKF_V5.0
RKF-13-14-39,Mudanças dentro dos 100,4600,4600,0,OK — EXATO,Treinos_13_14,40,13–14,Linear / desenvolvimento técnico,Geral,Aeróbio,Mudanças dentro dos 100,A1/A2/A3; transições dentro da repetição,A3|A2|A1,Livre/Crawl|Costas|Peito|Borboleta,,Perna|Coordenação,,5,READY_WHOLE|BLOCKS_EXACT,YES,age=13–14;profile=Geral;type=Aeróbio;zones=A3|A2|A1;styles=Livre/Crawl|Costas|Peito|Borboleta;skills=Perna|Coordenação,"Sessão e blocos normalizados: pode usar integralmente ou recombinar blocos preservando objetivo, zona dominante, perfil, fase e regras RKF.",RKF_V5.0
RKF-13-14-40,Domínio final A1/A2/A3,5000,5000,0,OK — EXATO,Treinos_13_14,41,13–14,Linear / desenvolvimento técnico,Geral,Aeróbio,Domínio final A1/A2/A3,Síntese: inversão + ondas + controle,A3|A2|A1,Livre/Crawl|Costas,,Scull|Braçadas|Perna|Coordenação,,5,READY_WHOLE|BLOCKS_EXACT,YES,age=13–14;profile=Geral;type=Aeróbio;zones=A3|A2|A1;styles=Livre/Crawl|Costas;skills=Scull|Braçadas|Perna|Coordenação,"Sessão e blocos normalizados: pode usar integralmente ou recombinar blocos preservando objetivo, zona dominante, perfil, fase e regras RKF.",RKF_V5.0
RKF-13-14-41,Camisa: força aeróbica → nado livre,4600,4600,0,OK — EXATO,Treinos_13_14,42,13–14,Linear / desenvolvimento técnico,Geral,Misto,Camisa: força aeróbica → nado livre,Aeróbico + força especial + transferência,A3|A2|A1,Livre/Crawl|Medley,Camisa,Scull|Braçadas|Perna,,6,READY_WHOLE|BLOCKS_EXACT,YES,age=13–14;profile=Geral;type=Misto;zones=A3|A2|A1;styles=Livre/Crawl|Medley;skills=Scull|Braçadas|Perna,"Sessão e blocos normalizados: pode usar integralmente ou recombinar blocos preservando objetivo, zona dominante, perfil, fase e regras RKF.",RKF_V5.0
RKF-13-14-42,Short: 400s contrastados,4800,4800,0,OK — EXATO,Treinos_13_14,43,13–14,Linear / desenvolvimento técnico,Geral,Misto,Short: 400s contrastados,Aeróbico progressivo + short,A3|A2|A1,,Short,Perna,,6,READY_WHOLE|BLOCKS_EXACT,YES,age=13–14;profile=Geral;type=Misto;zones=A3|A2|A1;styles=NA;skills=Perna,"Sessão e blocos normalizados: pode usar integralmente ou recombinar blocos preservando objetivo, zona dominante, perfil, fase e regras RKF.",RKF_V5.0
RKF-13-14-43,Camisa → VALAT,4400,4400,0,OK — EXATO,Treinos_13_14,44,13–14,Linear / desenvolvimento técnico,Geral,Velocidade,Camisa → VALAT,Força especial + velocidade alática,VALAT|A2|A1,Livre/Crawl,Camisa,Braçadas|Coordenação,,7,READY_WHOLE|BLOCKS_EXACT,YES,age=13–14;profile=Geral;type=Velocidade;zones=VALAT|A2|A1;styles=Livre/Crawl;skills=Braçadas|Coordenação,"Sessão e blocos normalizados: pode usar integralmente ou recombinar blocos preservando objetivo, zona dominante, perfil, fase e regras RKF.",RKF_V5.0
RKF-13-14-44,Short + perna → transferência,4600,4600,0,OK — EXATO,Treinos_13_14,45,13–14,Linear / desenvolvimento técnico,Geral,Aeróbio,Short + perna → transferência,Perna + short + A1/A2/A3,A3|A2|A1,Livre/Crawl,Short,Perna,,6,READY_WHOLE|BLOCKS_EXACT,YES,age=13–14;profile=Geral;type=Aeróbio;zones=A3|A2|A1;styles=Livre/Crawl;skills=Perna,"Sessão e blocos normalizados: pode usar integralmente ou recombinar blocos preservando objetivo, zona dominante, perfil, fase e regras RKF.",RKF_V5.0
RKF-13-14-45,Camisa em 800s aeróbicos,4800,4800,0,OK — EXATO,Treinos_13_14,46,13–14,Linear / desenvolvimento técnico,Geral,Misto,Camisa em 800s aeróbicos,Aeróbico longo + camisa,A3|A2|A1,Livre/Crawl,Camisa,Braçadas,,5,READY_WHOLE|BLOCKS_EXACT,YES,age=13–14;profile=Geral;type=Misto;zones=A3|A2|A1;styles=Livre/Crawl;skills=Braçadas,"Sessão e blocos normalizados: pode usar integralmente ou recombinar blocos preservando objetivo, zona dominante, perfil, fase e regras RKF.",RKF_V5.0
RKF-13-14-46,Força curta → velocidade alática,4300,4300,0,OK — EXATO,Treinos_13_14,47,13–14,Linear / desenvolvimento técnico,Geral,Velocidade,Força curta → velocidade alática,Aeróbico + contraste VALAT,VALAT|A2|A1,Livre/Crawl,Camisa,Coordenação,,6,READY_WHOLE|BLOCKS_EXACT,YES,age=13–14;profile=Geral;type=Velocidade;zones=VALAT|A2|A1;styles=Livre/Crawl;skills=Coordenação,"Sessão e blocos normalizados: pode usar integralmente ou recombinar blocos preservando objetivo, zona dominante, perfil, fase e regras RKF.",RKF_V5.0
RKF-13-14-47,Camisa + short em microdose,4600,4600,0,OK — EXATO,Treinos_13_14,48,13–14,Linear / desenvolvimento técnico,Geral,Misto,Camisa + short em microdose,Microdose dupla + aeróbico + VALAT,VALAT|A3|A2|A1,Livre/Crawl,Camisa|Short,,,6,READY_WHOLE|BLOCKS_EXACT,YES,age=13–14;profile=Geral;type=Misto;zones=VALAT|A3|A2|A1;styles=Livre/Crawl;skills=NA,"Sessão e blocos normalizados: pode usar integralmente ou recombinar blocos preservando objetivo, zona dominante, perfil, fase e regras RKF.",RKF_V5.0
RKF-13-14-48,Short nos quatro estilos,4500,4500,0,OK — EXATO,Treinos_13_14,49,13–14,Linear / desenvolvimento técnico,Geral,Misto,Short nos quatro estilos,IM resistido + transferência + VALAT,VALAT|A3|A2|A1,Livre/Crawl|Costas|Peito|Borboleta|Medley,Short,,,6,READY_WHOLE|BLOCKS_EXACT,YES,age=13–14;profile=Geral;type=Misto;zones=VALAT|A3|A2|A1;styles=Livre/Crawl|Costas|Peito|Borboleta|Medley;skills=NA,"Sessão e blocos normalizados: pode usar integralmente ou recombinar blocos preservando objetivo, zona dominante, perfil, fase e regras RKF.",RKF_V5.0
RKF-13-14-49,Aeróbico longo com ilhas de força,5000,5000,0,OK — EXATO,Treinos_13_14,50,13–14,Linear / desenvolvimento técnico,Geral,Misto,Aeróbico longo com ilhas de força,Aeróbico contínuo + ilhas resistidas,A2|A1,,Camisa|Short,,,5,READY_WHOLE|BLOCKS_EXACT,YES,age=13–14;profile=Geral;type=Misto;zones=A2|A1;styles=NA;skills=NA,"Sessão e blocos normalizados: pode usar integralmente ou recombinar blocos preservando objetivo, zona dominante, perfil, fase e regras RKF.",RKF_V5.0
RKF-13-14-50,Resistido → liberado → VALAT,4400,4400,0,OK — EXATO,Treinos_13_14,51,13–14,Linear / desenvolvimento técnico,Geral,Aeróbio,Resistido → liberado → VALAT,Contraste força→A2→VALAT,VALAT|A2|A1,Livre/Crawl,Camisa|Short,,,6,READY_WHOLE|BLOCKS_EXACT,YES,age=13–14;profile=Geral;type=Aeróbio;zones=VALAT|A2|A1;styles=Livre/Crawl;skills=NA,"Sessão e blocos normalizados: pode usar integralmente ou recombinar blocos preservando objetivo, zona dominante, perfil, fase e regras RKF.",RKF_V5.0
RKF-13-14-51,Força crescente / resistência decrescente,4600,4600,0,OK — EXATO,Treinos_13_14,52,13–14,Linear / desenvolvimento técnico,Geral,Misto,Força crescente / resistência decrescente,Força especial + transferência,VALAT|A3|A2|A1,Livre/Crawl,Camisa|Short,,,6,READY_WHOLE|BLOCKS_EXACT,YES,age=13–14;profile=Geral;type=Misto;zones=VALAT|A3|A2|A1;styles=Livre/Crawl;skills=NA,"Sessão e blocos normalizados: pode usar integralmente ou recombinar blocos preservando objetivo, zona dominante, perfil, fase e regras RKF.",RKF_V5.0
RKF-13-14-52,100s de contraste,4500,4500,0,OK — EXATO,Treinos_13_14,53,13–14,Linear / desenvolvimento técnico,Geral,Aeróbio,100s de contraste,A1/A2/A3 + camisa/short,A3|A2|A1,Livre/Crawl,Camisa|Short,Perna,,5,READY_WHOLE|BLOCKS_EXACT,YES,age=13–14;profile=Geral;type=Aeróbio;zones=A3|A2|A1;styles=Livre/Crawl;skills=Perna,"Sessão e blocos normalizados: pode usar integralmente ou recombinar blocos preservando objetivo, zona dominante, perfil, fase e regras RKF.",RKF_V5.0
RKF-13-14-53,Camisa + borboleta técnico,4400,4400,0,OK — EXATO,Treinos_13_14,54,13–14,Linear / desenvolvimento técnico,Geral,Misto,Camisa + borboleta técnico,Borbo técnico resistido + VALAT,VALAT|A2|A1,Livre/Crawl|Costas|Borboleta,Camisa,,,7,READY_WHOLE|BLOCKS_EXACT,YES,age=13–14;profile=Geral;type=Misto;zones=VALAT|A2|A1;styles=Livre/Crawl|Costas|Borboleta;skills=NA,"Sessão e blocos normalizados: pode usar integralmente ou recombinar blocos preservando objetivo, zona dominante, perfil, fase e regras RKF.",RKF_V5.0
RKF-13-14-54,Perna + short + nado,4600,4600,0,OK — EXATO,Treinos_13_14,55,13–14,Linear / desenvolvimento técnico,Geral,Velocidade,Perna + short + nado,Perna→resistência→liberação→velocidade,A3|A2|A1,,Short,Perna,,6,READY_WHOLE|BLOCKS_EXACT,YES,age=13–14;profile=Geral;type=Velocidade;zones=A3|A2|A1;styles=NA;skills=Perna,"Sessão e blocos normalizados: pode usar integralmente ou recombinar blocos preservando objetivo, zona dominante, perfil, fase e regras RKF.",RKF_V5.0
RKF-13-14-55,Descendente 400→50 com material,4800,4800,0,OK — EXATO,Treinos_13_14,56,13–14,Linear / desenvolvimento técnico,Geral,Misto,Descendente 400→50 com material,Resistência cresce conforme distância cai,A3|A2|A1,,Camisa|Short,Braçadas,,5,READY_WHOLE|BLOCKS_EXACT,YES,age=13–14;profile=Geral;type=Misto;zones=A3|A2|A1;styles=NA;skills=Braçadas,"Sessão e blocos normalizados: pode usar integralmente ou recombinar blocos preservando objetivo, zona dominante, perfil, fase e regras RKF.",RKF_V5.0
RKF-13-14-56,VALAT com contraste de roupa,4300,4300,0,OK — EXATO,Treinos_13_14,57,13–14,Linear / desenvolvimento técnico,Geral,Misto,VALAT com contraste de roupa,Aeróbico + contraste resistido/VALAT,VALAT|A2|A1,Costas|Borboleta,Camisa|Short,,,6,READY_WHOLE|BLOCKS_EXACT,YES,age=13–14;profile=Geral;type=Misto;zones=VALAT|A2|A1;styles=Costas|Borboleta;skills=NA,"Sessão e blocos normalizados: pode usar integralmente ou recombinar blocos preservando objetivo, zona dominante, perfil, fase e regras RKF.",RKF_V5.0
RKF-13-14-57,Força especial dentro do medley,4600,4600,0,OK — EXATO,Treinos_13_14,58,13–14,Linear / desenvolvimento técnico,Geral,Aeróbio,Força especial dentro do medley,IM resistido + A1/A2/A3,A3|A2|A1,Livre/Crawl|Medley,Camisa|Short,,,5,READY_WHOLE|BLOCKS_EXACT,YES,age=13–14;profile=Geral;type=Aeróbio;zones=A3|A2|A1;styles=Livre/Crawl|Medley;skills=NA,"Sessão e blocos normalizados: pode usar integralmente ou recombinar blocos preservando objetivo, zona dominante, perfil, fase e regras RKF.",RKF_V5.0
RKF-13-14-58,Quebra de resistência,4400,4400,0,OK — EXATO,Treinos_13_14,59,13–14,Linear / desenvolvimento técnico,Geral,Misto,Quebra de resistência,Resistência decrescente + VALAT,VALAT,Livre/Crawl,Camisa|Short,,,5,READY_WHOLE|BLOCKS_EXACT,YES,age=13–14;profile=Geral;type=Misto;zones=VALAT;styles=Livre/Crawl;skills=NA,"Sessão e blocos normalizados: pode usar integralmente ou recombinar blocos preservando objetivo, zona dominante, perfil, fase e regras RKF.",RKF_V5.0
RKF-13-14-59,Sprint alático + retorno aeróbico,4500,4500,0,OK — EXATO,Treinos_13_14,60,13–14,Linear / desenvolvimento técnico,Geral,Velocidade,Sprint alático + retorno aeróbico,Força→VALAT→reconstrução aeróbica,VALAT|A2|A1,Livre/Crawl|Costas,Camisa,,,7,READY_WHOLE|BLOCKS_EXACT,YES,age=13–14;profile=Geral;type=Velocidade;zones=VALAT|A2|A1;styles=Livre/Crawl|Costas;skills=NA,"Sessão e blocos normalizados: pode usar integralmente ou recombinar blocos preservando objetivo, zona dominante, perfil, fase e regras RKF.",RKF_V5.0
RKF-13-14-60,Circuito RKF força → velocidade,4800,4800,0,OK — EXATO,Treinos_13_14,61,13–14,Linear / desenvolvimento técnico,Geral,Velocidade,Circuito RKF força → velocidade,Síntese força especial + VALAT + transferência,VALAT|A3|A2|A1,Livre/Crawl,Camisa|Short,Scull|Braçadas|Perna,,7,READY_WHOLE|BLOCKS_EXACT,YES,age=13–14;profile=Geral;type=Velocidade;zones=VALAT|A3|A2|A1;styles=Livre/Crawl;skills=Scull|Braçadas|Perna,"Sessão e blocos normalizados: pode usar integralmente ou recombinar blocos preservando objetivo, zona dominante, perfil, fase e regras RKF.",RKF_V5.0
RKF-13-14-61,50s de qualidade crescente,4400,4400,0,OK — EXATO,Treinos_13_14,62,13–14,Linear / desenvolvimento técnico,Geral,Misto,50s de qualidade crescente,Capacidade anaeróbica + eficiência,A2|A1,Livre/Crawl|Medley,,Scull|Braçadas|Perna,,6,READY_WHOLE|BLOCKS_EXACT,YES,age=13–14;profile=Geral;type=Misto;zones=A2|A1;styles=Livre/Crawl|Medley;skills=Scull|Braçadas|Perna,"Sessão e blocos normalizados: pode usar integralmente ou recombinar blocos preservando objetivo, zona dominante, perfil, fase e regras RKF.",RKF_V5.0
RKF-13-14-62,Perna AN → transferência,4300,4300,0,OK — EXATO,Treinos_13_14,63,13–14,Linear / desenvolvimento técnico,Geral,Misto,Perna AN → transferência,Capacidade anaeróbica; perna→nado,A2|A1,,,Perna,,6,READY_WHOLE|BLOCKS_EXACT,YES,age=13–14;profile=Geral;type=Misto;zones=A2|A1;styles=NA;skills=Perna,"Sessão e blocos normalizados: pode usar integralmente ou recombinar blocos preservando objetivo, zona dominante, perfil, fase e regras RKF.",RKF_V5.0
RKF-13-14-63,Broken 200,4500,4500,0,OK — EXATO,Treinos_13_14,64,13–14,Linear / desenvolvimento técnico,Geral,Misto,Broken 200,Capacidade anaeróbica + distribuição de potência,A2|A1,,,Braçadas,,6,READY_WHOLE|BLOCKS_EXACT,YES,age=13–14;profile=Geral;type=Misto;zones=A2|A1;styles=NA;skills=Braçadas,"Sessão e blocos normalizados: pode usar integralmente ou recombinar blocos preservando objetivo, zona dominante, perfil, fase e regras RKF.",RKF_V5.0
RKF-13-14-64,25 perna + 25 nado,4200,4200,0,OK — EXATO,Treinos_13_14,65,13–14,Linear / desenvolvimento técnico,Geral,Misto,25 perna + 25 nado,AN misto perna/nado; 4 estilos,A2|A1,Livre/Crawl|Costas|Peito|Borboleta,,Perna,,7,READY_WHOLE|BLOCKS_EXACT,YES,age=13–14;profile=Geral;type=Misto;zones=A2|A1;styles=Livre/Crawl|Costas|Peito|Borboleta;skills=Perna,"Sessão e blocos normalizados: pode usar integralmente ou recombinar blocos preservando objetivo, zona dominante, perfil, fase e regras RKF.",RKF_V5.0
RKF-13-14-65,100s anaeróbicos controlados,4500,4500,0,OK — EXATO,Treinos_13_14,66,13–14,Linear / desenvolvimento técnico,Geral,Misto,100s anaeróbicos controlados,AN em 100 + eficiência,A2|A1,,,Braçadas,,6,READY_WHOLE|BLOCKS_EXACT,YES,age=13–14;profile=Geral;type=Misto;zones=A2|A1;styles=NA;skills=Braçadas,"Sessão e blocos normalizados: pode usar integralmente ou recombinar blocos preservando objetivo, zona dominante, perfil, fase e regras RKF.",RKF_V5.0
RKF-13-14-66,Perna cria velocidade,4300,4300,0,OK — EXATO,Treinos_13_14,67,13–14,Linear / desenvolvimento técnico,Geral,Velocidade,Perna cria velocidade,AN perna + transferência,,Livre/Crawl|Costas|Borboleta,,Perna,,6,READY_WHOLE|BLOCKS_EXACT,YES,age=13–14;profile=Geral;type=Velocidade;zones=NA;styles=Livre/Crawl|Costas|Borboleta;skills=Perna,"Sessão e blocos normalizados: pode usar integralmente ou recombinar blocos preservando objetivo, zona dominante, perfil, fase e regras RKF.",RKF_V5.0
RKF-13-14-67,75s: potência sem desorganização,4300,4300,0,OK — EXATO,Treinos_13_14,68,13–14,Linear / desenvolvimento técnico,Geral,Misto,75s: potência sem desorganização,AN 75s + controle técnico,A2|A1,,,Perna|Coordenação,,7,READY_WHOLE|BLOCKS_EXACT,YES,age=13–14;profile=Geral;type=Misto;zones=A2|A1;styles=NA;skills=Perna|Coordenação,"Sessão e blocos normalizados: pode usar integralmente ou recombinar blocos preservando objetivo, zona dominante, perfil, fase e regras RKF.",RKF_V5.0
RKF-13-14-68,"Mesma velocidade, menos braçadas",4400,4400,0,OK — EXATO,Treinos_13_14,69,13–14,Linear / desenvolvimento técnico,Geral,Velocidade,"Mesma velocidade, menos braçadas",AN + eficiência mensurável,A2|A1,Livre/Crawl|Costas,,Braçadas|Perna,,6,READY_WHOLE|BLOCKS_EXACT,YES,age=13–14;profile=Geral;type=Velocidade;zones=A2|A1;styles=Livre/Crawl|Costas;skills=Braçadas|Perna,"Sessão e blocos normalizados: pode usar integralmente ou recombinar blocos preservando objetivo, zona dominante, perfil, fase e regras RKF.",RKF_V5.0
RKF-13-14-69,200 perna + 200 nado,4500,4500,0,OK — EXATO,Treinos_13_14,70,13–14,Linear / desenvolvimento técnico,Geral,Misto,200 perna + 200 nado,AN perna isolada → nado,,,,Perna,,6,READY_WHOLE|BLOCKS_EXACT,YES,age=13–14;profile=Geral;type=Misto;zones=NA;styles=NA;skills=Perna,"Sessão e blocos normalizados: pode usar integralmente ou recombinar blocos preservando objetivo, zona dominante, perfil, fase e regras RKF.",RKF_V5.0
RKF-13-14-70,Escada anaeróbica 25→100→25,4400,4400,0,OK — EXATO,Treinos_13_14,71,13–14,Linear / desenvolvimento técnico,Geral,Misto,Escada anaeróbica 25→100→25,AN por distâncias variadas,,,,Coordenação,,7,READY_WHOLE|BLOCKS_EXACT,YES,age=13–14;profile=Geral;type=Misto;zones=NA;styles=NA;skills=Coordenação,"Sessão e blocos normalizados: pode usar integralmente ou recombinar blocos preservando objetivo, zona dominante, perfil, fase e regras RKF.",RKF_V5.0
RKF-13-14-71,Anaeróbico nos quatro estilos,4300,4300,0,OK — EXATO,Treinos_13_14,72,13–14,Linear / desenvolvimento técnico,Geral,Técnica/Fundamentos,Anaeróbico nos quatro estilos,AN 4 estilos + técnica,,Livre/Crawl|Costas|Peito|Borboleta|Medley,,Coordenação,,7,READY_WHOLE|BLOCKS_EXACT,YES,age=13–14;profile=Geral;type=Técnica/Fundamentos;zones=NA;styles=Livre/Crawl|Costas|Peito|Borboleta|Medley;skills=Coordenação,"Sessão e blocos normalizados: pode usar integralmente ou recombinar blocos preservando objetivo, zona dominante, perfil, fase e regras RKF.",RKF_V5.0
RKF-13-14-72,4×100 negativos,4500,4500,0,OK — EXATO,Treinos_13_14,73,13–14,Linear / desenvolvimento técnico,Geral,Misto,4×100 negativos,AN negative split + eficiência,,,,Perna,,6,READY_WHOLE|BLOCKS_EXACT,YES,age=13–14;profile=Geral;type=Misto;zones=NA;styles=NA;skills=Perna,"Sessão e blocos normalizados: pode usar integralmente ou recombinar blocos preservando objetivo, zona dominante, perfil, fase e regras RKF.",RKF_V5.0
RKF-13-14-73,Perna / nado / perna / nado,4200,4200,0,OK — EXATO,Treinos_13_14,74,13–14,Linear / desenvolvimento técnico,Geral,Misto,Perna / nado / perna / nado,AN alternado + transferência,,,,Perna,,7,READY_WHOLE|BLOCKS_EXACT,YES,age=13–14;profile=Geral;type=Misto;zones=NA;styles=NA;skills=Perna,"Sessão e blocos normalizados: pode usar integralmente ou recombinar blocos preservando objetivo, zona dominante, perfil, fase e regras RKF.",RKF_V5.0
RKF-13-14-74,Broken 400 inteligente,4500,4500,0,OK — EXATO,Treinos_13_14,75,13–14,Linear / desenvolvimento técnico,Geral,Misto,Broken 400 inteligente,AN broken + pacing/eficiência,,,,Perna,,6,READY_WHOLE|BLOCKS_EXACT,YES,age=13–14;profile=Geral;type=Misto;zones=NA;styles=NA;skills=Perna,"Sessão e blocos normalizados: pode usar integralmente ou recombinar blocos preservando objetivo, zona dominante, perfil, fase e regras RKF.",RKF_V5.0
RKF-13-14-75,50 perna → 25 explosivo,4300,4300,0,OK — EXATO,Treinos_13_14,76,13–14,Linear / desenvolvimento técnico,Geral,Velocidade,50 perna → 25 explosivo,AN perna→sprint coordenado,,Livre/Crawl|Costas|Peito,,Perna|Coordenação,,7,READY_WHOLE|BLOCKS_EXACT,YES,age=13–14;profile=Geral;type=Velocidade;zones=NA;styles=Livre/Crawl|Costas|Peito;skills=Perna|Coordenação,"Sessão e blocos normalizados: pode usar integralmente ou recombinar blocos preservando objetivo, zona dominante, perfil, fase e regras RKF.",RKF_V5.0
RKF-13-14-76,8×50 descendentes anaeróbicos,4400,4400,0,OK — EXATO,Treinos_13_14,77,13–14,Linear / desenvolvimento técnico,Geral,Misto,8×50 descendentes anaeróbicos,AN descendente + controle de ciclos,,,,Braçadas,,6,READY_WHOLE|BLOCKS_EXACT,YES,age=13–14;profile=Geral;type=Misto;zones=NA;styles=NA;skills=Braçadas,"Sessão e blocos normalizados: pode usar integralmente ou recombinar blocos preservando objetivo, zona dominante, perfil, fase e regras RKF.",RKF_V5.0
RKF-13-14-77,Medley anaeróbico fracionado,4400,4400,0,OK — EXATO,Treinos_13_14,78,13–14,Linear / desenvolvimento técnico,Geral,Misto,Medley anaeróbico fracionado,AN IM fracionado,,Livre/Crawl|Costas|Peito|Borboleta|Medley,,,,7,READY_WHOLE|BLOCKS_EXACT,YES,age=13–14;profile=Geral;type=Misto;zones=NA;styles=Livre/Crawl|Costas|Peito|Borboleta|Medley;skills=NA,"Sessão e blocos normalizados: pode usar integralmente ou recombinar blocos preservando objetivo, zona dominante, perfil, fase e regras RKF.",RKF_V5.0
RKF-13-14-78,Potência das pernas dentro do 100,4500,4500,0,OK — EXATO,Treinos_13_14,79,13–14,Linear / desenvolvimento técnico,Geral,Misto,Potência das pernas dentro do 100,AN 100s + potência de pernas,,,,Perna,,7,READY_WHOLE|BLOCKS_EXACT,YES,age=13–14;profile=Geral;type=Misto;zones=NA;styles=NA;skills=Perna,"Sessão e blocos normalizados: pode usar integralmente ou recombinar blocos preservando objetivo, zona dominante, perfil, fase e regras RKF.",RKF_V5.0
RKF-13-14-79,Anaeróbico com eficiência mensurável,4400,4400,0,OK — EXATO,Treinos_13_14,80,13–14,Linear / desenvolvimento técnico,Geral,Misto,Anaeróbico com eficiência mensurável,AN + tempo/braçadas/qualidade,,,,Braçadas,,6,READY_WHOLE|BLOCKS_EXACT,YES,age=13–14;profile=Geral;type=Misto;zones=NA;styles=NA;skills=Braçadas,"Sessão e blocos normalizados: pode usar integralmente ou recombinar blocos preservando objetivo, zona dominante, perfil, fase e regras RKF.",RKF_V5.0
RKF-13-14-80,Escola RKF de capacidade anaeróbica,4600,4600,0,OK — EXATO,Treinos_13_14,81,13–14,Linear / desenvolvimento técnico,Geral,Misto,Escola RKF de capacidade anaeróbica,Síntese AN + eficiência,A2|A1,Livre/Crawl|Medley,,Scull|Braçadas|Perna,,7,READY_WHOLE|BLOCKS_EXACT,YES,age=13–14;profile=Geral;type=Misto;zones=A2|A1;styles=Livre/Crawl|Medley;skills=Scull|Braçadas|Perna,"Sessão e blocos normalizados: pode usar integralmente ou recombinar blocos preservando objetivo, zona dominante, perfil, fase e regras RKF.",RKF_V5.0
RKF-13-14-081,Construindo a pernada submersa,4300,4300,0,OK — EXATO,Treinos_13_14,82,13–14,Linear / desenvolvimento técnico,Geral,Técnica/Fundamentos,Construindo a pernada submersa,Underwater / viradas / sustentação técnica,A2|A1,Livre/Crawl|Costas|Medley,,Streamline|Submerso|Breakout|Perna,,7,READY_WHOLE|BLOCKS_EXACT,YES,age=13–14;profile=Geral;type=Técnica/Fundamentos;zones=A2|A1;styles=Livre/Crawl|Costas|Medley;skills=Streamline|Submerso|Breakout|Perna,"Sessão e blocos normalizados: pode usar integralmente ou recombinar blocos preservando objetivo, zona dominante, perfil, fase e regras RKF.",RKF_V5.0
RKF-13-14-082,Parede poderosa,4400,4400,0,OK — EXATO,Treinos_13_14,83,13–14,Linear / desenvolvimento técnico,Geral,Técnica/Fundamentos,Parede poderosa,Underwater / viradas / sustentação técnica,A2|A1,,,Streamline|Submerso|Perna,,7,READY_WHOLE|BLOCKS_EXACT,YES,age=13–14;profile=Geral;type=Técnica/Fundamentos;zones=A2|A1;styles=NA;skills=Streamline|Submerso|Perna,"Sessão e blocos normalizados: pode usar integralmente ou recombinar blocos preservando objetivo, zona dominante, perfil, fase e regras RKF.",RKF_V5.0
RKF-13-14-083,Costas: domínio dorsal,4300,4300,0,OK — EXATO,Treinos_13_14,84,13–14,Linear / desenvolvimento técnico,Geral,Técnica/Fundamentos,Costas: domínio dorsal,Underwater / viradas / sustentação técnica,,Livre/Crawl|Costas,,Streamline|Submerso|Breakout,,6,READY_WHOLE|BLOCKS_EXACT,YES,age=13–14;profile=Geral;type=Técnica/Fundamentos;zones=NA;styles=Livre/Crawl|Costas;skills=Streamline|Submerso|Breakout,"Sessão e blocos normalizados: pode usar integralmente ou recombinar blocos preservando objetivo, zona dominante, perfil, fase e regras RKF.",RKF_V5.0
RKF-13-14-084,Pernada → parede → submerso,4400,4400,0,OK — EXATO,Treinos_13_14,85,13–14,Linear / desenvolvimento técnico,Geral,Técnica/Fundamentos,Pernada → parede → submerso,Underwater / viradas / sustentação técnica,A2|A1,,,Submerso|Breakout|Perna,,6,READY_WHOLE|BLOCKS_EXACT,YES,age=13–14;profile=Geral;type=Técnica/Fundamentos;zones=A2|A1;styles=NA;skills=Submerso|Breakout|Perna,"Sessão e blocos normalizados: pode usar integralmente ou recombinar blocos preservando objetivo, zona dominante, perfil, fase e regras RKF.",RKF_V5.0
RKF-13-14-085,100s: quatro paredes iguais,4500,4500,0,OK — EXATO,Treinos_13_14,86,13–14,Linear / desenvolvimento técnico,Geral,Técnica/Fundamentos,100s: quatro paredes iguais,Underwater / viradas / sustentação técnica,A2|A1,,,Submerso|Perna,,6,READY_WHOLE|BLOCKS_EXACT,YES,age=13–14;profile=Geral;type=Técnica/Fundamentos;zones=A2|A1;styles=NA;skills=Submerso|Perna,"Sessão e blocos normalizados: pode usar integralmente ou recombinar blocos preservando objetivo, zona dominante, perfil, fase e regras RKF.",RKF_V5.0
RKF-13-14-086,Medley submerso,4400,4400,0,OK — EXATO,Treinos_13_14,87,13–14,Linear / desenvolvimento técnico,Geral,Técnica/Fundamentos,Medley submerso,Underwater / viradas / sustentação técnica,,Livre/Crawl|Costas|Peito|Borboleta|Medley,,Submerso,,7,READY_WHOLE|BLOCKS_EXACT,YES,age=13–14;profile=Geral;type=Técnica/Fundamentos;zones=NA;styles=Livre/Crawl|Costas|Peito|Borboleta|Medley;skills=Submerso,"Sessão e blocos normalizados: pode usar integralmente ou recombinar blocos preservando objetivo, zona dominante, perfil, fase e regras RKF.",RKF_V5.0
RKF-13-14-087,400s sem abandonar a parede,4500,4500,0,OK — EXATO,Treinos_13_14,88,13–14,Linear / desenvolvimento técnico,Geral,Técnica/Fundamentos,400s sem abandonar a parede,Underwater / viradas / sustentação técnica,A2|A1,,,Submerso,,6,READY_WHOLE|BLOCKS_EXACT,YES,age=13–14;profile=Geral;type=Técnica/Fundamentos;zones=A2|A1;styles=NA;skills=Submerso,"Sessão e blocos normalizados: pode usar integralmente ou recombinar blocos preservando objetivo, zona dominante, perfil, fase e regras RKF.",RKF_V5.0
RKF-13-14-088,Submerso sob fadiga de pernas,4300,4300,0,OK — EXATO,Treinos_13_14,89,13–14,Linear / desenvolvimento técnico,Geral,Técnica/Fundamentos,Submerso sob fadiga de pernas,Underwater / viradas / sustentação técnica,A2|A1,,,Submerso|Perna,,6,READY_WHOLE|BLOCKS_EXACT,YES,age=13–14;profile=Geral;type=Técnica/Fundamentos;zones=A2|A1;styles=NA;skills=Submerso|Perna,"Sessão e blocos normalizados: pode usar integralmente ou recombinar blocos preservando objetivo, zona dominante, perfil, fase e regras RKF.",RKF_V5.0
RKF-13-14-089,Qualidade por número de ondulações,4400,4400,0,OK — EXATO,Treinos_13_14,90,13–14,Linear / desenvolvimento técnico,Geral,Técnica/Fundamentos,Qualidade por número de ondulações,Underwater / viradas / sustentação técnica,,,,Submerso|Breakout|Braçadas,,6,READY_WHOLE|BLOCKS_EXACT,YES,age=13–14;profile=Geral;type=Técnica/Fundamentos;zones=NA;styles=NA;skills=Submerso|Breakout|Braçadas,"Sessão e blocos normalizados: pode usar integralmente ou recombinar blocos preservando objetivo, zona dominante, perfil, fase e regras RKF.",RKF_V5.0
RKF-13-14-090,Virada rápida + submerso eficiente,4500,4500,0,OK — EXATO,Treinos_13_14,91,13–14,Linear / desenvolvimento técnico,Geral,Técnica/Fundamentos,Virada rápida + submerso eficiente,Underwater / viradas / sustentação técnica,A2|A1,,,Submerso|Breakout,,6,READY_WHOLE|BLOCKS_EXACT,YES,age=13–14;profile=Geral;type=Técnica/Fundamentos;zones=A2|A1;styles=NA;skills=Submerso|Breakout,"Sessão e blocos normalizados: pode usar integralmente ou recombinar blocos preservando objetivo, zona dominante, perfil, fase e regras RKF.",RKF_V5.0
RKF-13-14-091,800 com disciplina de parede,4600,4600,0,OK — EXATO,Treinos_13_14,92,13–14,Linear / desenvolvimento técnico,Geral,Técnica/Fundamentos,800 com disciplina de parede,Underwater / viradas / sustentação técnica,A2|A1,,,Submerso,,6,READY_WHOLE|BLOCKS_EXACT,YES,age=13–14;profile=Geral;type=Técnica/Fundamentos;zones=A2|A1;styles=NA;skills=Submerso,"Sessão e blocos normalizados: pode usar integralmente ou recombinar blocos preservando objetivo, zona dominante, perfil, fase e regras RKF.",RKF_V5.0
RKF-13-14-092,"Submerso rápido, breakout perfeito",4300,4300,0,OK — EXATO,Treinos_13_14,93,13–14,Linear / desenvolvimento técnico,Geral,Técnica/Fundamentos,"Submerso rápido, breakout perfeito",Underwater / viradas / sustentação técnica,A2|A1,,,Submerso|Breakout|Braçadas|Respiração|Perna,,6,READY_WHOLE|BLOCKS_EXACT,YES,age=13–14;profile=Geral;type=Técnica/Fundamentos;zones=A2|A1;styles=NA;skills=Submerso|Breakout|Braçadas|Respiração|Perna,"Sessão e blocos normalizados: pode usar integralmente ou recombinar blocos preservando objetivo, zona dominante, perfil, fase e regras RKF.",RKF_V5.0
RKF-13-14-093,Perna submersa + velocidade de superfície,4400,4400,0,OK — EXATO,Treinos_13_14,94,13–14,Linear / desenvolvimento técnico,Geral,Técnica/Fundamentos,Perna submersa + velocidade de superfície,Underwater / viradas / sustentação técnica,A2|A1,,,Submerso|Breakout|Perna,,7,READY_WHOLE|BLOCKS_EXACT,YES,age=13–14;profile=Geral;type=Técnica/Fundamentos;zones=A2|A1;styles=NA;skills=Submerso|Breakout|Perna,"Sessão e blocos normalizados: pode usar integralmente ou recombinar blocos preservando objetivo, zona dominante, perfil, fase e regras RKF.",RKF_V5.0
RKF-13-14-094,Viradas dentro do 200,4500,4500,0,OK — EXATO,Treinos_13_14,95,13–14,Linear / desenvolvimento técnico,Geral,Técnica/Fundamentos,Viradas dentro do 200,Underwater / viradas / sustentação técnica,A2|A1,,,Submerso,,6,READY_WHOLE|BLOCKS_EXACT,YES,age=13–14;profile=Geral;type=Técnica/Fundamentos;zones=A2|A1;styles=NA;skills=Submerso,"Sessão e blocos normalizados: pode usar integralmente ou recombinar blocos preservando objetivo, zona dominante, perfil, fase e regras RKF.",RKF_V5.0
RKF-13-14-095,IM: transição + submerso,4400,4400,0,OK — EXATO,Treinos_13_14,96,13–14,Linear / desenvolvimento técnico,Geral,Técnica/Fundamentos,IM: transição + submerso,Underwater / viradas / sustentação técnica,,Livre/Crawl|Costas|Peito|Borboleta|Medley,,Submerso|Perna,,7,READY_WHOLE|BLOCKS_EXACT,YES,age=13–14;profile=Geral;type=Técnica/Fundamentos;zones=NA;styles=Livre/Crawl|Costas|Peito|Borboleta|Medley;skills=Submerso|Perna,"Sessão e blocos normalizados: pode usar integralmente ou recombinar blocos preservando objetivo, zona dominante, perfil, fase e regras RKF.",RKF_V5.0
RKF-13-14-096,Última virada melhor que a primeira,4300,4300,0,OK — EXATO,Treinos_13_14,97,13–14,Linear / desenvolvimento técnico,Geral,Técnica/Fundamentos,Última virada melhor que a primeira,Underwater / viradas / sustentação técnica,,,,Streamline|Submerso|Breakout|Perna,,7,READY_WHOLE|BLOCKS_EXACT,YES,age=13–14;profile=Geral;type=Técnica/Fundamentos;zones=NA;styles=NA;skills=Streamline|Submerso|Breakout|Perna,"Sessão e blocos normalizados: pode usar integralmente ou recombinar blocos preservando objetivo, zona dominante, perfil, fase e regras RKF.",RKF_V5.0
RKF-13-14-097,Parede sob velocidade,4400,4400,0,OK — EXATO,Treinos_13_14,98,13–14,Linear / desenvolvimento técnico,Geral,Técnica/Fundamentos,Parede sob velocidade,Underwater / viradas / sustentação técnica,A2|A1,,,Submerso|Breakout,,7,READY_WHOLE|BLOCKS_EXACT,YES,age=13–14;profile=Geral;type=Técnica/Fundamentos;zones=A2|A1;styles=NA;skills=Submerso|Breakout,"Sessão e blocos normalizados: pode usar integralmente ou recombinar blocos preservando objetivo, zona dominante, perfil, fase e regras RKF.",RKF_V5.0
RKF-13-14-098,Sustentação de submerso em 400,4600,4600,0,OK — EXATO,Treinos_13_14,99,13–14,Linear / desenvolvimento técnico,Geral,Técnica/Fundamentos,Sustentação de submerso em 400,Underwater / viradas / sustentação técnica,,,,Submerso|Breakout,,6,READY_WHOLE|BLOCKS_EXACT,YES,age=13–14;profile=Geral;type=Técnica/Fundamentos;zones=NA;styles=NA;skills=Submerso|Breakout,"Sessão e blocos normalizados: pode usar integralmente ou recombinar blocos preservando objetivo, zona dominante, perfil, fase e regras RKF.",RKF_V5.0
RKF-13-14-099,Simulação competitiva técnica,4300,4300,0,OK — EXATO,Treinos_13_14,100,13–14,Linear / desenvolvimento técnico,Geral,Técnica/Fundamentos,Simulação competitiva técnica,Underwater / viradas / sustentação técnica,,Livre/Crawl|Costas,,Submerso|Breakout,,6,READY_WHOLE|BLOCKS_EXACT,YES,age=13–14;profile=Geral;type=Técnica/Fundamentos;zones=NA;styles=Livre/Crawl|Costas;skills=Submerso|Breakout,"Sessão e blocos normalizados: pode usar integralmente ou recombinar blocos preservando objetivo, zona dominante, perfil, fase e regras RKF.",RKF_V5.0
RKF-13-14-100,RKF Underwater Challenge,4600,4600,0,OK — EXATO,Treinos_13_14,101,13–14,Linear / desenvolvimento técnico,Geral,Técnica/Fundamentos,RKF Underwater Challenge,Underwater / viradas / sustentação técnica,A2|A1,,,Submerso|Breakout,,9,READY_WHOLE|BLOCKS_EXACT,YES,age=13–14;profile=Geral;type=Técnica/Fundamentos;zones=A2|A1;styles=NA;skills=Submerso|Breakout,"Sessão e blocos normalizados: pode usar integralmente ou recombinar blocos preservando objetivo, zona dominante, perfil, fase e regras RKF.",RKF_V5.0
RKF-15-16-01,Grande construção A1 → A2,7200,7200,0,OK — EXATO,Treinos_15_16,2,15–16,ATR / compatível com motor de fase,Geral,Aeróbio,Grande construção A1 → A2,Aeróbico de performance A1/A2 + inserções A3; eficiência sob fadiga,A3|A2|A1,Livre/Crawl|Costas|Medley,,Scull|Braçadas|Perna|Coordenação,,6,READY_WHOLE|BLOCKS_EXACT,YES,age=15–16;profile=Geral;type=Aeróbio;zones=A3|A2|A1;styles=Livre/Crawl|Costas|Medley;skills=Scull|Braçadas|Perna|Coordenação,"Sessão e blocos normalizados: pode usar integralmente ou recombinar blocos preservando objetivo, zona dominante, perfil, fase e regras RKF.",RKF_V5.0
RKF-15-16-02,8×400: eficiência sob progressão,6800,6800,0,OK — EXATO,Treinos_15_16,3,15–16,ATR / compatível com motor de fase,Geral,Aeróbio,8×400: eficiência sob progressão,Aeróbico de performance A1/A2 + inserções A3; eficiência sob fadiga,A3|A2|A1,Livre/Crawl|Costas,Palmar pequeno,Braçadas|Perna,,6,READY_WHOLE|BLOCKS_EXACT,YES,age=15–16;profile=Geral;type=Aeróbio;zones=A3|A2|A1;styles=Livre/Crawl|Costas;skills=Braçadas|Perna,"Sessão e blocos normalizados: pode usar integralmente ou recombinar blocos preservando objetivo, zona dominante, perfil, fase e regras RKF.",RKF_V5.0
RKF-15-16-03,Dois 1500 com personalidades diferentes,7400,7400,0,OK — EXATO,Treinos_15_16,4,15–16,ATR / compatível com motor de fase,Geral,Aeróbio,Dois 1500 com personalidades diferentes,Aeróbico de performance A1/A2 + inserções A3; eficiência sob fadiga,A3|A2|A1,Livre/Crawl|Costas,,Perna,,7,READY_WHOLE|BLOCKS_EXACT,YES,age=15–16;profile=Geral;type=Aeróbio;zones=A3|A2|A1;styles=Livre/Crawl|Costas;skills=Perna,"Sessão e blocos normalizados: pode usar integralmente ou recombinar blocos preservando objetivo, zona dominante, perfil, fase e regras RKF.",RKF_V5.0
RKF-15-16-04,Aeróbico de medley,6600,6600,0,OK — EXATO,Treinos_15_16,5,15–16,ATR / compatível com motor de fase,Geral,Aeróbio,Aeróbico de medley,Aeróbico de performance A1/A2 + inserções A3; eficiência sob fadiga,A3|A2|A1,Livre/Crawl|Costas|Peito|Borboleta|Medley,,Perna,,6,READY_WHOLE|BLOCKS_EXACT,YES,age=15–16;profile=Geral;type=Aeróbio;zones=A3|A2|A1;styles=Livre/Crawl|Costas|Peito|Borboleta|Medley;skills=Perna,"Sessão e blocos normalizados: pode usar integralmente ou recombinar blocos preservando objetivo, zona dominante, perfil, fase e regras RKF.",RKF_V5.0
RKF-15-16-05,800→600→400→200,7200,7200,0,OK — EXATO,Treinos_15_16,6,15–16,ATR / compatível com motor de fase,Geral,Aeróbio,800→600→400→200,Aeróbico de performance A1/A2 + inserções A3; eficiência sob fadiga,A3|A2|A1,,,Perna,,6,READY_WHOLE|BLOCKS_EXACT,YES,age=15–16;profile=Geral;type=Aeróbio;zones=A3|A2|A1;styles=NA;skills=Perna,"Sessão e blocos normalizados: pode usar integralmente ou recombinar blocos preservando objetivo, zona dominante, perfil, fase e regras RKF.",RKF_V5.0
RKF-15-16-06,A2 de alta densidade,6800,6800,0,OK — EXATO,Treinos_15_16,7,15–16,ATR / compatível com motor de fase,Geral,Aeróbio,A2 de alta densidade,Aeróbico de performance A1/A2 + inserções A3; eficiência sob fadiga,A3|A2|A1,,Palmar médio,Perna,,8,READY_WHOLE|BLOCKS_EXACT,YES,age=15–16;profile=Geral;type=Aeróbio;zones=A3|A2|A1;styles=NA;skills=Perna,"Sessão e blocos normalizados: pode usar integralmente ou recombinar blocos preservando objetivo, zona dominante, perfil, fase e regras RKF.",RKF_V5.0
RKF-15-16-07,100s progressivos sem perder braçada,6400,6400,0,OK — EXATO,Treinos_15_16,8,15–16,ATR / compatível com motor de fase,Geral,Aeróbio,100s progressivos sem perder braçada,Aeróbico de performance A1/A2 + inserções A3; eficiência sob fadiga,A3|A2|A1,,,Braçadas|Perna,,6,READY_WHOLE|BLOCKS_EXACT,YES,age=15–16;profile=Geral;type=Aeróbio;zones=A3|A2|A1;styles=NA;skills=Braçadas|Perna,"Sessão e blocos normalizados: pode usar integralmente ou recombinar blocos preservando objetivo, zona dominante, perfil, fase e regras RKF.",RKF_V5.0
RKF-15-16-08,1000s negative split,7600,7600,0,OK — EXATO,Treinos_15_16,9,15–16,ATR / compatível com motor de fase,Geral,Aeróbio,1000s negative split,Aeróbico de performance A1/A2 + inserções A3; eficiência sob fadiga,A3|A2|A1,,,Perna,,7,READY_WHOLE|BLOCKS_EXACT,YES,age=15–16;profile=Geral;type=Aeróbio;zones=A3|A2|A1;styles=NA;skills=Perna,"Sessão e blocos normalizados: pode usar integralmente ou recombinar blocos preservando objetivo, zona dominante, perfil, fase e regras RKF.",RKF_V5.0
RKF-15-16-09,Força de braço → transferência aeróbica,7000,7000,0,OK — EXATO,Treinos_15_16,10,15–16,ATR / compatível com motor de fase,Geral,Aeróbio,Força de braço → transferência aeróbica,Aeróbico de performance A1/A2 + inserções A3; eficiência sob fadiga,A3|A2|A1,,Palmar pequeno,Braçadas|Perna,,7,READY_WHOLE|BLOCKS_EXACT,YES,age=15–16;profile=Geral;type=Aeróbio;zones=A3|A2|A1;styles=NA;skills=Braçadas|Perna,"Sessão e blocos normalizados: pode usar integralmente ou recombinar blocos preservando objetivo, zona dominante, perfil, fase e regras RKF.",RKF_V5.0
RKF-15-16-10,3×1200 multiformato,7000,7000,0,OK — EXATO,Treinos_15_16,11,15–16,ATR / compatível com motor de fase,Geral,Aeróbio,3×1200 multiformato,Aeróbico de performance A1/A2 + inserções A3; eficiência sob fadiga,A3|A2|A1,,,Perna,,7,READY_WHOLE|BLOCKS_EXACT,YES,age=15–16;profile=Geral;type=Aeróbio;zones=A3|A2|A1;styles=NA;skills=Perna,"Sessão e blocos normalizados: pode usar integralmente ou recombinar blocos preservando objetivo, zona dominante, perfil, fase e regras RKF.",RKF_V5.0
RKF-15-16-11,10×400 Performance Endurance,7800,7800,0,OK — EXATO,Treinos_15_16,12,15–16,ATR / compatível com motor de fase,Geral,Aeróbio,10×400 Performance Endurance,Aeróbico de performance A1/A2 + inserções A3; eficiência sob fadiga,A3|A2|A1,,,Perna,,7,READY_WHOLE|BLOCKS_EXACT,YES,age=15–16;profile=Geral;type=Aeróbio;zones=A3|A2|A1;styles=NA;skills=Perna,"Sessão e blocos normalizados: pode usar integralmente ou recombinar blocos preservando objetivo, zona dominante, perfil, fase e regras RKF.",RKF_V5.0
RKF-15-16-12,Pirâmide longa,7400,7400,0,OK — EXATO,Treinos_15_16,13,15–16,ATR / compatível com motor de fase,Geral,Aeróbio,Pirâmide longa,Aeróbico de performance A1/A2 + inserções A3; eficiência sob fadiga,A3|A2|A1,,,Perna,,6,READY_WHOLE|BLOCKS_EXACT,YES,age=15–16;profile=Geral;type=Aeróbio;zones=A3|A2|A1;styles=NA;skills=Perna,"Sessão e blocos normalizados: pode usar integralmente ou recombinar blocos preservando objetivo, zona dominante, perfil, fase e regras RKF.",RKF_V5.0
RKF-15-16-13,Perna como motor do aeróbico,6800,6800,0,OK — EXATO,Treinos_15_16,14,15–16,ATR / compatível com motor de fase,Geral,Aeróbio,Perna como motor do aeróbico,Aeróbico de performance A1/A2 + inserções A3; eficiência sob fadiga,A3|A2|A1,,,Perna,,6,READY_WHOLE|BLOCKS_EXACT,YES,age=15–16;profile=Geral;type=Aeróbio;zones=A3|A2|A1;styles=NA;skills=Perna,"Sessão e blocos normalizados: pode usar integralmente ou recombinar blocos preservando objetivo, zona dominante, perfil, fase e regras RKF.",RKF_V5.0
RKF-15-16-14,Grande sessão aeróbica,8000,8000,0,OK — EXATO,Treinos_15_16,15,15–16,ATR / compatível com motor de fase,Geral,Aeróbio,Grande sessão aeróbica,Aeróbico de performance A1/A2 + inserções A3; eficiência sob fadiga,A3|A2|A1,Livre/Crawl,Palmar pequeno,Perna,,7,READY_WHOLE|BLOCKS_EXACT,YES,age=15–16;profile=Geral;type=Aeróbio;zones=A3|A2|A1;styles=Livre/Crawl;skills=Perna,"Sessão e blocos normalizados: pode usar integralmente ou recombinar blocos preservando objetivo, zona dominante, perfil, fase e regras RKF.",RKF_V5.0
RKF-15-16-15,Força especial dentro do aeróbico,6600,6600,0,OK — EXATO,Treinos_15_16,16,15–16,ATR / compatível com motor de fase,Geral,Aeróbio,Força especial dentro do aeróbico,Aeróbico de performance A1/A2 + inserções A3; eficiência sob fadiga,A3|A2|A1,,Camisa|Short,Perna|Sensibilidade,,7,READY_WHOLE|BLOCKS_EXACT,YES,age=15–16;profile=Geral;type=Aeróbio;zones=A3|A2|A1;styles=NA;skills=Perna|Sensibilidade,"Sessão e blocos normalizados: pode usar integralmente ou recombinar blocos preservando objetivo, zona dominante, perfil, fase e regras RKF.",RKF_V5.0
RKF-15-16-16,200s: densidade + controle,7200,7200,0,OK — EXATO,Treinos_15_16,17,15–16,ATR / compatível com motor de fase,Geral,Aeróbio,200s: densidade + controle,Aeróbico de performance A1/A2 + inserções A3; eficiência sob fadiga,A3|A2|A1,,,Perna,,7,READY_WHOLE|BLOCKS_EXACT,YES,age=15–16;profile=Geral;type=Aeróbio;zones=A3|A2|A1;styles=NA;skills=Perna,"Sessão e blocos normalizados: pode usar integralmente ou recombinar blocos preservando objetivo, zona dominante, perfil, fase e regras RKF.",RKF_V5.0
RKF-15-16-17,600 + 3×200 + 6×100,7600,7600,0,OK — EXATO,Treinos_15_16,18,15–16,ATR / compatível com motor de fase,Geral,Aeróbio,600 + 3×200 + 6×100,Aeróbico de performance A1/A2 + inserções A3; eficiência sob fadiga,A3|A2|A1,,,Perna,,5,READY_WHOLE|BLOCKS_EXACT,YES,age=15–16;profile=Geral;type=Aeróbio;zones=A3|A2|A1;styles=NA;skills=Perna,"Sessão e blocos normalizados: pode usar integralmente ou recombinar blocos preservando objetivo, zona dominante, perfil, fase e regras RKF.",RKF_V5.0
RKF-15-16-18,Medley Endurance,7200,7200,0,OK — EXATO,Treinos_15_16,19,15–16,ATR / compatível com motor de fase,Geral,Aeróbio,Medley Endurance,Aeróbico de performance A1/A2 + inserções A3; eficiência sob fadiga,A3|A2|A1,Livre/Crawl|Costas|Peito|Borboleta|Medley,,Perna,,6,READY_WHOLE|BLOCKS_EXACT,YES,age=15–16;profile=Geral;type=Aeróbio;zones=A3|A2|A1;styles=Livre/Crawl|Costas|Peito|Borboleta|Medley;skills=Perna,"Sessão e blocos normalizados: pode usar integralmente ou recombinar blocos preservando objetivo, zona dominante, perfil, fase e regras RKF.",RKF_V5.0
RKF-15-16-19,Aeróbico com controle de performance,7400,7400,0,OK — EXATO,Treinos_15_16,20,15–16,ATR / compatível com motor de fase,Geral,Aeróbio,Aeróbico com controle de performance,Aeróbico de performance A1/A2 + inserções A3; eficiência sob fadiga,A3|A2|A1,,,Braçadas|Perna,,6,READY_WHOLE|BLOCKS_EXACT,YES,age=15–16;profile=Geral;type=Aeróbio;zones=A3|A2|A1;styles=NA;skills=Braçadas|Perna,"Sessão e blocos normalizados: pode usar integralmente ou recombinar blocos preservando objetivo, zona dominante, perfil, fase e regras RKF.",RKF_V5.0
RKF-15-16-20,RKF Aerobic Performance Challenge,8000,8000,0,OK — EXATO,Treinos_15_16,21,15–16,ATR / compatível com motor de fase,Geral,Aeróbio,RKF Aerobic Performance Challenge,Aeróbico de performance A1/A2 + inserções A3; eficiência sob fadiga,A3|A2|A1,Livre/Crawl,,Scull|Perna,,9,READY_WHOLE|BLOCKS_EXACT,YES,age=15–16;profile=Geral;type=Aeróbio;zones=A3|A2|A1;styles=Livre/Crawl;skills=Scull|Perna,"Sessão e blocos normalizados: pode usar integralmente ou recombinar blocos preservando objetivo, zona dominante, perfil, fase e regras RKF.",RKF_V5.0
RKF-15-16-21,Leg Endurance 3000,7600,7600,0,OK — EXATO,Treinos_15_16,22,15–16,ATR / compatível com motor de fase,Geral,Misto,Leg Endurance 3000,Máximo desenvolvimento de pernas: endurance + potência + A3/AN/VALAT + submerso + transferência,VALAT|A3|A2|A1,Livre/Crawl|Costas|Peito|Borboleta,,Streamline|Submerso|Perna,,8,READY_WHOLE|BLOCKS_EXACT,YES,age=15–16;profile=Geral;type=Misto;zones=VALAT|A3|A2|A1;styles=Livre/Crawl|Costas|Peito|Borboleta;skills=Streamline|Submerso|Perna,"Sessão e blocos normalizados: pode usar integralmente ou recombinar blocos preservando objetivo, zona dominante, perfil, fase e regras RKF.",RKF_V5.0
RKF-15-16-22,VALAT de perna → velocidade,6600,6600,0,OK — EXATO,Treinos_15_16,23,15–16,ATR / compatível com motor de fase,Geral,Velocidade,VALAT de perna → velocidade,Máximo desenvolvimento de pernas: endurance + potência + A3/AN/VALAT + submerso + transferência,VALAT|A3|A2|A1,Livre/Crawl|Costas,,Submerso|Perna|Coordenação,,8,READY_WHOLE|BLOCKS_EXACT,YES,age=15–16;profile=Geral;type=Velocidade;zones=VALAT|A3|A2|A1;styles=Livre/Crawl|Costas;skills=Submerso|Perna|Coordenação,"Sessão e blocos normalizados: pode usar integralmente ou recombinar blocos preservando objetivo, zona dominante, perfil, fase e regras RKF.",RKF_V5.0
RKF-15-16-23,3×600 perna → 3×600 nado,7000,7000,0,OK — EXATO,Treinos_15_16,24,15–16,ATR / compatível com motor de fase,Geral,Misto,3×600 perna → 3×600 nado,Máximo desenvolvimento de pernas: endurance + potência + A3/AN/VALAT + submerso + transferência,VALAT|A3|A2|A1,Livre/Crawl|Costas,,Submerso|Perna,,6,READY_WHOLE|BLOCKS_EXACT,YES,age=15–16;profile=Geral;type=Misto;zones=VALAT|A3|A2|A1;styles=Livre/Crawl|Costas;skills=Submerso|Perna,"Sessão e blocos normalizados: pode usar integralmente ou recombinar blocos preservando objetivo, zona dominante, perfil, fase e regras RKF.",RKF_V5.0
RKF-15-16-24,Quatro estilos de perna,7200,7200,0,OK — EXATO,Treinos_15_16,25,15–16,ATR / compatível com motor de fase,Geral,Misto,Quatro estilos de perna,Máximo desenvolvimento de pernas: endurance + potência + A3/AN/VALAT + submerso + transferência,VALAT|A3,Livre/Crawl|Costas|Peito|Borboleta|Medley,,Submerso|Perna,,6,READY_WHOLE|BLOCKS_EXACT,YES,age=15–16;profile=Geral;type=Misto;zones=VALAT|A3;styles=Livre/Crawl|Costas|Peito|Borboleta|Medley;skills=Submerso|Perna,"Sessão e blocos normalizados: pode usar integralmente ou recombinar blocos preservando objetivo, zona dominante, perfil, fase e regras RKF.",RKF_V5.0
RKF-15-16-25,A2→A3 de perna,6800,6800,0,OK — EXATO,Treinos_15_16,26,15–16,ATR / compatível com motor de fase,Geral,Aeróbio,A2→A3 de perna,Máximo desenvolvimento de pernas: endurance + potência + A3/AN/VALAT + submerso + transferência,VALAT|A3|A2|A1,,,Submerso|Perna,,6,READY_WHOLE|BLOCKS_EXACT,YES,age=15–16;profile=Geral;type=Aeróbio;zones=VALAT|A3|A2|A1;styles=NA;skills=Submerso|Perna,"Sessão e blocos normalizados: pode usar integralmente ou recombinar blocos preservando objetivo, zona dominante, perfil, fase e regras RKF.",RKF_V5.0
RKF-15-16-26,400/200/100/50 de perna,7400,7400,0,OK — EXATO,Treinos_15_16,27,15–16,ATR / compatível com motor de fase,Geral,Misto,400/200/100/50 de perna,Máximo desenvolvimento de pernas: endurance + potência + A3/AN/VALAT + submerso + transferência,VALAT|A3|A2|A1,,,Submerso|Perna,,6,READY_WHOLE|BLOCKS_EXACT,YES,age=15–16;profile=Geral;type=Misto;zones=VALAT|A3|A2|A1;styles=NA;skills=Submerso|Perna,"Sessão e blocos normalizados: pode usar integralmente ou recombinar blocos preservando objetivo, zona dominante, perfil, fase e regras RKF.",RKF_V5.0
RKF-15-16-27,Capacidade anaeróbica de pernas,6400,6400,0,OK — EXATO,Treinos_15_16,28,15–16,ATR / compatível com motor de fase,Geral,Misto,Capacidade anaeróbica de pernas,Máximo desenvolvimento de pernas: endurance + potência + A3/AN/VALAT + submerso + transferência,VALAT|A3|A2|A1,,,Submerso|Perna,,8,READY_WHOLE|BLOCKS_EXACT,YES,age=15–16;profile=Geral;type=Misto;zones=VALAT|A3|A2|A1;styles=NA;skills=Submerso|Perna,"Sessão e blocos normalizados: pode usar integralmente ou recombinar blocos preservando objetivo, zona dominante, perfil, fase e regras RKF.",RKF_V5.0
RKF-15-16-28,3000 m de perna multiformato,8000,8000,0,OK — EXATO,Treinos_15_16,29,15–16,ATR / compatível com motor de fase,Geral,Misto,3000 m de perna multiformato,Máximo desenvolvimento de pernas: endurance + potência + A3/AN/VALAT + submerso + transferência,VALAT|A3|A2|A1,,,Submerso|Perna,,8,READY_WHOLE|BLOCKS_EXACT,YES,age=15–16;profile=Geral;type=Misto;zones=VALAT|A3|A2|A1;styles=NA;skills=Submerso|Perna,"Sessão e blocos normalizados: pode usar integralmente ou recombinar blocos preservando objetivo, zona dominante, perfil, fase e regras RKF.",RKF_V5.0
RKF-15-16-29,Submerso + perna de superfície,6400,6400,0,OK — EXATO,Treinos_15_16,30,15–16,ATR / compatível com motor de fase,Geral,Misto,Submerso + perna de superfície,Máximo desenvolvimento de pernas: endurance + potência + A3/AN/VALAT + submerso + transferência,VALAT|A3|A2,,,Streamline|Submerso|Breakout|Perna,,7,READY_WHOLE|BLOCKS_EXACT,YES,age=15–16;profile=Geral;type=Misto;zones=VALAT|A3|A2;styles=NA;skills=Streamline|Submerso|Breakout|Perna,"Sessão e blocos normalizados: pode usar integralmente ou recombinar blocos preservando objetivo, zona dominante, perfil, fase e regras RKF.",RKF_V5.0
RKF-15-16-30,200s de perna de alta densidade,7200,7200,0,OK — EXATO,Treinos_15_16,31,15–16,ATR / compatível com motor de fase,Geral,Misto,200s de perna de alta densidade,Máximo desenvolvimento de pernas: endurance + potência + A3/AN/VALAT + submerso + transferência,VALAT|A3|A2|A1,,,Submerso|Perna,,6,READY_WHOLE|BLOCKS_EXACT,YES,age=15–16;profile=Geral;type=Misto;zones=VALAT|A3|A2|A1;styles=NA;skills=Submerso|Perna,"Sessão e blocos normalizados: pode usar integralmente ou recombinar blocos preservando objetivo, zona dominante, perfil, fase e regras RKF.",RKF_V5.0
RKF-15-16-31,Sprint de perna + A2 longo,6800,6800,0,OK — EXATO,Treinos_15_16,32,15–16,ATR / compatível com motor de fase,Geral,Velocidade,Sprint de perna + A2 longo,Máximo desenvolvimento de pernas: endurance + potência + A3/AN/VALAT + submerso + transferência,VALAT|A3|A2|A1,,,Submerso|Perna|Coordenação,,7,READY_WHOLE|BLOCKS_EXACT,YES,age=15–16;profile=Geral;type=Velocidade;zones=VALAT|A3|A2|A1;styles=NA;skills=Submerso|Perna|Coordenação,"Sessão e blocos normalizados: pode usar integralmente ou recombinar blocos preservando objetivo, zona dominante, perfil, fase e regras RKF.",RKF_V5.0
RKF-15-16-32,3×1000 de perna,7800,7800,0,OK — EXATO,Treinos_15_16,33,15–16,ATR / compatível com motor de fase,Geral,Misto,3×1000 de perna,Máximo desenvolvimento de pernas: endurance + potência + A3/AN/VALAT + submerso + transferência,VALAT|A3|A2|A1,Livre/Crawl|Costas,,Submerso|Perna,,6,READY_WHOLE|BLOCKS_EXACT,YES,age=15–16;profile=Geral;type=Misto;zones=VALAT|A3|A2|A1;styles=Livre/Crawl|Costas;skills=Submerso|Perna,"Sessão e blocos normalizados: pode usar integralmente ou recombinar blocos preservando objetivo, zona dominante, perfil, fase e regras RKF.",RKF_V5.0
RKF-15-16-33,Pernada e ritmo de prova,6600,6600,0,OK — EXATO,Treinos_15_16,34,15–16,ATR / compatível com motor de fase,Geral,Misto,Pernada e ritmo de prova,Máximo desenvolvimento de pernas: endurance + potência + A3/AN/VALAT + submerso + transferência,VALAT|A3|A2|A1,,,Submerso|Perna,,6,READY_WHOLE|BLOCKS_EXACT,YES,age=15–16;profile=Geral;type=Misto;zones=VALAT|A3|A2|A1;styles=NA;skills=Submerso|Perna,"Sessão e blocos normalizados: pode usar integralmente ou recombinar blocos preservando objetivo, zona dominante, perfil, fase e regras RKF.",RKF_V5.0
RKF-15-16-34,Resistência → potência,7400,7400,0,OK — EXATO,Treinos_15_16,35,15–16,ATR / compatível com motor de fase,Geral,Misto,Resistência → potência,Máximo desenvolvimento de pernas: endurance + potência + A3/AN/VALAT + submerso + transferência,VALAT|A3|A2|A1,,,Submerso|Perna,,8,READY_WHOLE|BLOCKS_EXACT,YES,age=15–16;profile=Geral;type=Misto;zones=VALAT|A3|A2|A1;styles=NA;skills=Submerso|Perna,"Sessão e blocos normalizados: pode usar integralmente ou recombinar blocos preservando objetivo, zona dominante, perfil, fase e regras RKF.",RKF_V5.0
RKF-15-16-35,Força especial de pernas → liberdade,6800,6800,0,OK — EXATO,Treinos_15_16,36,15–16,ATR / compatível com motor de fase,Geral,Misto,Força especial de pernas → liberdade,Máximo desenvolvimento de pernas: endurance + potência + A3/AN/VALAT + submerso + transferência,VALAT|A3|A2|A1,Livre/Crawl,Short,Submerso|Perna|Coordenação,,7,READY_WHOLE|BLOCKS_EXACT,YES,age=15–16;profile=Geral;type=Misto;zones=VALAT|A3|A2|A1;styles=Livre/Crawl;skills=Submerso|Perna|Coordenação,"Sessão e blocos normalizados: pode usar integralmente ou recombinar blocos preservando objetivo, zona dominante, perfil, fase e regras RKF.",RKF_V5.0
RKF-15-16-36,Leg Drop-off Test Training,6200,6200,0,OK — EXATO,Treinos_15_16,37,15–16,ATR / compatível com motor de fase,Geral,Misto,Leg Drop-off Test Training,Máximo desenvolvimento de pernas: endurance + potência + A3/AN/VALAT + submerso + transferência,VALAT|A3|A2,,,Submerso|Perna,,7,READY_WHOLE|BLOCKS_EXACT,YES,age=15–16;profile=Geral;type=Misto;zones=VALAT|A3|A2;styles=NA;skills=Submerso|Perna,"Sessão e blocos normalizados: pode usar integralmente ou recombinar blocos preservando objetivo, zona dominante, perfil, fase e regras RKF.",RKF_V5.0
RKF-15-16-37,Medley Leg Power,7000,7000,0,OK — EXATO,Treinos_15_16,38,15–16,ATR / compatível com motor de fase,Geral,Misto,Medley Leg Power,Máximo desenvolvimento de pernas: endurance + potência + A3/AN/VALAT + submerso + transferência,VALAT|A3|A2|A1,Medley,,Submerso|Perna,,6,READY_WHOLE|BLOCKS_EXACT,YES,age=15–16;profile=Geral;type=Misto;zones=VALAT|A3|A2|A1;styles=Medley;skills=Submerso|Perna,"Sessão e blocos normalizados: pode usar integralmente ou recombinar blocos preservando objetivo, zona dominante, perfil, fase e regras RKF.",RKF_V5.0
RKF-15-16-38,Pernas fortes depois de 5 km,8000,8000,0,OK — EXATO,Treinos_15_16,39,15–16,ATR / compatível com motor de fase,Geral,Misto,Pernas fortes depois de 5 km,Máximo desenvolvimento de pernas: endurance + potência + A3/AN/VALAT + submerso + transferência,VALAT|A3|A2|A1,,,Submerso|Perna,,6,READY_WHOLE|BLOCKS_EXACT,YES,age=15–16;profile=Geral;type=Misto;zones=VALAT|A3|A2|A1;styles=NA;skills=Submerso|Perna,"Sessão e blocos normalizados: pode usar integralmente ou recombinar blocos preservando objetivo, zona dominante, perfil, fase e regras RKF.",RKF_V5.0
RKF-15-16-39,Potência anaeróbica → recuperação → repetir,6400,6400,0,OK — EXATO,Treinos_15_16,40,15–16,ATR / compatível com motor de fase,Geral,Misto,Potência anaeróbica → recuperação → repetir,Máximo desenvolvimento de pernas: endurance + potência + A3/AN/VALAT + submerso + transferência,VALAT|A3|A2|A1,,,Submerso|Perna,,6,READY_WHOLE|BLOCKS_EXACT,YES,age=15–16;profile=Geral;type=Misto;zones=VALAT|A3|A2|A1;styles=NA;skills=Submerso|Perna,"Sessão e blocos normalizados: pode usar integralmente ou recombinar blocos preservando objetivo, zona dominante, perfil, fase e regras RKF.",RKF_V5.0
RKF-15-16-40,RKF Maximum Leg Development,8000,8000,0,OK — EXATO,Treinos_15_16,41,15–16,ATR / compatível com motor de fase,Geral,Misto,RKF Maximum Leg Development,Máximo desenvolvimento de pernas: endurance + potência + A3/AN/VALAT + submerso + transferência,VALAT|A3|A2|A1,,,Submerso|Braçadas|Perna,,10,READY_WHOLE|BLOCKS_EXACT,YES,age=15–16;profile=Geral;type=Misto;zones=VALAT|A3|A2|A1;styles=NA;skills=Submerso|Braçadas|Perna,"Sessão e blocos normalizados: pode usar integralmente ou recombinar blocos preservando objetivo, zona dominante, perfil, fase e regras RKF.",RKF_V5.0
RKF-15-16-41,Escada progressiva 800→400→200,7400,7400,0,OK — EXATO,Treinos_15_16,42,15–16,ATR / compatível com motor de fase,Geral,Aeróbio,Escada progressiva 800→400→200,"Progressivo A1→A2→A3 de performance; troca de intensidade com eficiência, pernas e controle mecânico",A3|A2|A1,Livre/Crawl|Medley,,Scull|Braçadas|Perna|Coordenação,,6,READY_WHOLE|BLOCKS_EXACT,YES,age=15–16;profile=Geral;type=Aeróbio;zones=A3|A2|A1;styles=Livre/Crawl|Medley;skills=Scull|Braçadas|Perna|Coordenação,"Sessão e blocos normalizados: pode usar integralmente ou recombinar blocos preservando objetivo, zona dominante, perfil, fase e regras RKF.",RKF_V5.0
RKF-15-16-42,4×6×100 RKF Progression,7200,7200,0,OK — EXATO,Treinos_15_16,43,15–16,ATR / compatível com motor de fase,Geral,Aeróbio,4×6×100 RKF Progression,"Progressivo A1→A2→A3 de performance; troca de intensidade com eficiência, pernas e controle mecânico",A3|A2|A1,,,Scull|Perna,,7,READY_WHOLE|BLOCKS_EXACT,YES,age=15–16;profile=Geral;type=Aeróbio;zones=A3|A2|A1;styles=NA;skills=Scull|Perna,"Sessão e blocos normalizados: pode usar integralmente ou recombinar blocos preservando objetivo, zona dominante, perfil, fase e regras RKF.",RKF_V5.0
RKF-15-16-43,400 A1 + 2×150 A2 + 4×50 A3,7400,7400,0,OK — EXATO,Treinos_15_16,44,15–16,ATR / compatível com motor de fase,Geral,Aeróbio,400 A1 + 2×150 A2 + 4×50 A3,"Progressivo A1→A2→A3 de performance; troca de intensidade com eficiência, pernas e controle mecânico",A3|A2|A1,,,Braçadas|Perna,,6,READY_WHOLE|BLOCKS_EXACT,YES,age=15–16;profile=Geral;type=Aeróbio;zones=A3|A2|A1;styles=NA;skills=Braçadas|Perna,"Sessão e blocos normalizados: pode usar integralmente ou recombinar blocos preservando objetivo, zona dominante, perfil, fase e regras RKF.",RKF_V5.0
RKF-15-16-44,1500 progressivo quebrado,7600,7600,0,OK — EXATO,Treinos_15_16,45,15–16,ATR / compatível com motor de fase,Geral,Aeróbio,1500 progressivo quebrado,"Progressivo A1→A2→A3 de performance; troca de intensidade com eficiência, pernas e controle mecânico",A3|A2|A1,,,Perna,,6,READY_WHOLE|BLOCKS_EXACT,YES,age=15–16;profile=Geral;type=Aeróbio;zones=A3|A2|A1;styles=NA;skills=Perna,"Sessão e blocos normalizados: pode usar integralmente ou recombinar blocos preservando objetivo, zona dominante, perfil, fase e regras RKF.",RKF_V5.0
RKF-15-16-45,Progressão com perna integrada,7200,7200,0,OK — EXATO,Treinos_15_16,46,15–16,ATR / compatível com motor de fase,Geral,Aeróbio,Progressão com perna integrada,"Progressivo A1→A2→A3 de performance; troca de intensidade com eficiência, pernas e controle mecânico",A3|A2|A1,Livre/Crawl|Costas,,Perna,,6,READY_WHOLE|BLOCKS_EXACT,YES,age=15–16;profile=Geral;type=Aeróbio;zones=A3|A2|A1;styles=Livre/Crawl|Costas;skills=Perna,"Sessão e blocos normalizados: pode usar integralmente ou recombinar blocos preservando objetivo, zona dominante, perfil, fase e regras RKF.",RKF_V5.0
RKF-15-16-46,600/300/100,7600,7600,0,OK — EXATO,Treinos_15_16,47,15–16,ATR / compatível com motor de fase,Geral,Aeróbio,600/300/100,"Progressivo A1→A2→A3 de performance; troca de intensidade com eficiência, pernas e controle mecânico",A3|A2|A1,,,Braçadas|Perna,,7,READY_WHOLE|BLOCKS_EXACT,YES,age=15–16;profile=Geral;type=Aeróbio;zones=A3|A2|A1;styles=NA;skills=Braçadas|Perna,"Sessão e blocos normalizados: pode usar integralmente ou recombinar blocos preservando objetivo, zona dominante, perfil, fase e regras RKF.",RKF_V5.0
RKF-15-16-47,4 estilos progressivos,7000,7000,0,OK — EXATO,Treinos_15_16,48,15–16,ATR / compatível com motor de fase,Geral,Aeróbio,4 estilos progressivos,"Progressivo A1→A2→A3 de performance; troca de intensidade com eficiência, pernas e controle mecânico",A3|A2|A1,Livre/Crawl|Costas|Peito|Borboleta|Medley,,Perna,,5,READY_WHOLE|BLOCKS_EXACT,YES,age=15–16;profile=Geral;type=Aeróbio;zones=A3|A2|A1;styles=Livre/Crawl|Costas|Peito|Borboleta|Medley;skills=Perna,"Sessão e blocos normalizados: pode usar integralmente ou recombinar blocos preservando objetivo, zona dominante, perfil, fase e regras RKF.",RKF_V5.0
RKF-15-16-48,100s com controle absoluto,7400,7400,0,OK — EXATO,Treinos_15_16,49,15–16,ATR / compatível com motor de fase,Geral,Aeróbio,100s com controle absoluto,"Progressivo A1→A2→A3 de performance; troca de intensidade com eficiência, pernas e controle mecânico",A3|A2|A1,,,Perna,,5,READY_WHOLE|BLOCKS_EXACT,YES,age=15–16;profile=Geral;type=Aeróbio;zones=A3|A2|A1;styles=NA;skills=Perna,"Sessão e blocos normalizados: pode usar integralmente ou recombinar blocos preservando objetivo, zona dominante, perfil, fase e regras RKF.",RKF_V5.0
RKF-15-16-49,800 A1 / 400 A2 / 200 A3,7600,7600,0,OK — EXATO,Treinos_15_16,50,15–16,ATR / compatível com motor de fase,Geral,Aeróbio,800 A1 / 400 A2 / 200 A3,"Progressivo A1→A2→A3 de performance; troca de intensidade com eficiência, pernas e controle mecânico",A3|A2|A1,,,Perna,,6,READY_WHOLE|BLOCKS_EXACT,YES,age=15–16;profile=Geral;type=Aeróbio;zones=A3|A2|A1;styles=NA;skills=Perna,"Sessão e blocos normalizados: pode usar integralmente ou recombinar blocos preservando objetivo, zona dominante, perfil, fase e regras RKF.",RKF_V5.0
RKF-15-16-50,Progressivo descendente 400→50,7400,7400,0,OK — EXATO,Treinos_15_16,51,15–16,ATR / compatível com motor de fase,Geral,Aeróbio,Progressivo descendente 400→50,"Progressivo A1→A2→A3 de performance; troca de intensidade com eficiência, pernas e controle mecânico",A3|A2|A1,,,Perna,,6,READY_WHOLE|BLOCKS_EXACT,YES,age=15–16;profile=Geral;type=Aeróbio;zones=A3|A2|A1;styles=NA;skills=Perna,"Sessão e blocos normalizados: pode usar integralmente ou recombinar blocos preservando objetivo, zona dominante, perfil, fase e regras RKF.",RKF_V5.0
RKF-15-16-51,Progressão invertida,7200,7200,0,OK — EXATO,Treinos_15_16,52,15–16,ATR / compatível com motor de fase,Geral,Aeróbio,Progressão invertida,"Progressivo A1→A2→A3 de performance; troca de intensidade com eficiência, pernas e controle mecânico",A3|A2|A1,,,Perna,,6,READY_WHOLE|BLOCKS_EXACT,YES,age=15–16;profile=Geral;type=Aeróbio;zones=A3|A2|A1;styles=NA;skills=Perna,"Sessão e blocos normalizados: pode usar integralmente ou recombinar blocos preservando objetivo, zona dominante, perfil, fase e regras RKF.",RKF_V5.0
RKF-15-16-52,3×(600+400+300+200),7600,7600,0,OK — EXATO,Treinos_15_16,53,15–16,ATR / compatível com motor de fase,Geral,Aeróbio,3×(600+400+300+200),"Progressivo A1→A2→A3 de performance; troca de intensidade com eficiência, pernas e controle mecânico",A3|A2|A1,,,Perna,,6,READY_WHOLE|BLOCKS_EXACT,YES,age=15–16;profile=Geral;type=Aeróbio;zones=A3|A2|A1;styles=NA;skills=Perna,"Sessão e blocos normalizados: pode usar integralmente ou recombinar blocos preservando objetivo, zona dominante, perfil, fase e regras RKF.",RKF_V5.0
RKF-15-16-53,Perna A1→A2→A3 + nado,7200,7200,0,OK — EXATO,Treinos_15_16,54,15–16,ATR / compatível com motor de fase,Geral,Aeróbio,Perna A1→A2→A3 + nado,"Progressivo A1→A2→A3 de performance; troca de intensidade com eficiência, pernas e controle mecânico",A3|A2|A1,Livre/Crawl|Costas,,Perna,,6,READY_WHOLE|BLOCKS_EXACT,YES,age=15–16;profile=Geral;type=Aeróbio;zones=A3|A2|A1;styles=Livre/Crawl|Costas;skills=Perna,"Sessão e blocos normalizados: pode usar integralmente ou recombinar blocos preservando objetivo, zona dominante, perfil, fase e regras RKF.",RKF_V5.0
RKF-15-16-54,300s progressivos de performance,7400,7400,0,OK — EXATO,Treinos_15_16,55,15–16,ATR / compatível com motor de fase,Geral,Aeróbio,300s progressivos de performance,"Progressivo A1→A2→A3 de performance; troca de intensidade com eficiência, pernas e controle mecânico",A3|A2|A1,,,Perna,,5,READY_WHOLE|BLOCKS_EXACT,YES,age=15–16;profile=Geral;type=Aeróbio;zones=A3|A2|A1;styles=NA;skills=Perna,"Sessão e blocos normalizados: pode usar integralmente ou recombinar blocos preservando objetivo, zona dominante, perfil, fase e regras RKF.",RKF_V5.0
RKF-15-16-55,Longo progressivo + 100s,7800,7800,0,OK — EXATO,Treinos_15_16,56,15–16,ATR / compatível com motor de fase,Geral,Aeróbio,Longo progressivo + 100s,"Progressivo A1→A2→A3 de performance; troca de intensidade com eficiência, pernas e controle mecânico",A3|A2|A1,,,Perna,,7,READY_WHOLE|BLOCKS_EXACT,YES,age=15–16;profile=Geral;type=Aeróbio;zones=A3|A2|A1;styles=NA;skills=Perna,"Sessão e blocos normalizados: pode usar integralmente ou recombinar blocos preservando objetivo, zona dominante, perfil, fase e regras RKF.",RKF_V5.0
RKF-15-16-56,Inversão de proporção em 100s,7400,7400,0,OK — EXATO,Treinos_15_16,57,15–16,ATR / compatível com motor de fase,Geral,Aeróbio,Inversão de proporção em 100s,"Progressivo A1→A2→A3 de performance; troca de intensidade com eficiência, pernas e controle mecânico",A3|A2|A1,,,Perna,,6,READY_WHOLE|BLOCKS_EXACT,YES,age=15–16;profile=Geral;type=Aeróbio;zones=A3|A2|A1;styles=NA;skills=Perna,"Sessão e blocos normalizados: pode usar integralmente ou recombinar blocos preservando objetivo, zona dominante, perfil, fase e regras RKF.",RKF_V5.0
RKF-15-16-57,600 perna + progressão nadando,7600,7600,0,OK — EXATO,Treinos_15_16,58,15–16,ATR / compatível com motor de fase,Geral,Aeróbio,600 perna + progressão nadando,"Progressivo A1→A2→A3 de performance; troca de intensidade com eficiência, pernas e controle mecânico",A3|A2|A1,,,Perna,,5,READY_WHOLE|BLOCKS_EXACT,YES,age=15–16;profile=Geral;type=Aeróbio;zones=A3|A2|A1;styles=NA;skills=Perna,"Sessão e blocos normalizados: pode usar integralmente ou recombinar blocos preservando objetivo, zona dominante, perfil, fase e regras RKF.",RKF_V5.0
RKF-15-16-58,4×1000 com arquiteturas diferentes,7400,7400,0,OK — EXATO,Treinos_15_16,59,15–16,ATR / compatível com motor de fase,Geral,Aeróbio,4×1000 com arquiteturas diferentes,"Progressivo A1→A2→A3 de performance; troca de intensidade com eficiência, pernas e controle mecânico",A3|A2|A1,,,Perna,,6,READY_WHOLE|BLOCKS_EXACT,YES,age=15–16;profile=Geral;type=Aeróbio;zones=A3|A2|A1;styles=NA;skills=Perna,"Sessão e blocos normalizados: pode usar integralmente ou recombinar blocos preservando objetivo, zona dominante, perfil, fase e regras RKF.",RKF_V5.0
RKF-15-16-59,Medley progressivo sob fadiga,7600,7600,0,OK — EXATO,Treinos_15_16,60,15–16,ATR / compatível com motor de fase,Geral,Aeróbio,Medley progressivo sob fadiga,"Progressivo A1→A2→A3 de performance; troca de intensidade com eficiência, pernas e controle mecânico",A3|A2|A1,Livre/Crawl|Peito|Borboleta|Medley,,Perna,,5,READY_WHOLE|BLOCKS_EXACT,YES,age=15–16;profile=Geral;type=Aeróbio;zones=A3|A2|A1;styles=Livre/Crawl|Peito|Borboleta|Medley;skills=Perna,"Sessão e blocos normalizados: pode usar integralmente ou recombinar blocos preservando objetivo, zona dominante, perfil, fase e regras RKF.",RKF_V5.0
RKF-15-16-60,RKF A1→A2→A3 Performance Challenge,8000,8000,0,OK — EXATO,Treinos_15_16,61,15–16,ATR / compatível com motor de fase,Geral,Aeróbio,RKF A1→A2→A3 Performance Challenge,"Progressivo A1→A2→A3 de performance; troca de intensidade com eficiência, pernas e controle mecânico",A3|A2|A1,Livre/Crawl,,Scull|Perna|Coordenação,,10,READY_WHOLE|BLOCKS_EXACT,YES,age=15–16;profile=Geral;type=Aeróbio;zones=A3|A2|A1;styles=Livre/Crawl;skills=Scull|Perna|Coordenação,"Sessão e blocos normalizados: pode usar integralmente ou recombinar blocos preservando objetivo, zona dominante, perfil, fase e regras RKF.",RKF_V5.0
RKF-15-16-61,300 A2 → 100 A3 → 50 A3+,6200,6200,0,OK — EXATO,Treinos_15_16,62,15–16,ATR / compatível com motor de fase,Geral,Técnica/Fundamentos,300 A2 → 100 A3 → 50 A3+,"Meio-fundo 200/400: A2→A3, progressões A1/A2/A3, maior recuperação e A3 de alta qualidade/repetibilidade",A3|A2|A1,Livre/Crawl|Medley,,Perna,,8,READY_WHOLE|BLOCKS_EXACT,YES,age=15–16;profile=Geral;type=Técnica/Fundamentos;zones=A3|A2|A1;styles=Livre/Crawl|Medley;skills=Perna,"Sessão e blocos normalizados: pode usar integralmente ou recombinar blocos preservando objetivo, zona dominante, perfil, fase e regras RKF.",RKF_V5.0
RKF-15-16-62,200 Performance Ladder,6000,6000,0,OK — EXATO,Treinos_15_16,63,15–16,ATR / compatível com motor de fase,Geral,Técnica/Fundamentos,200 Performance Ladder,"Meio-fundo 200/400: A2→A3, progressões A1/A2/A3, maior recuperação e A3 de alta qualidade/repetibilidade",VALAT|A3|A2|A1,,,Perna,,7,READY_WHOLE|BLOCKS_EXACT,YES,age=15–16;profile=Geral;type=Técnica/Fundamentos;zones=VALAT|A3|A2|A1;styles=NA;skills=Perna,"Sessão e blocos normalizados: pode usar integralmente ou recombinar blocos preservando objetivo, zona dominante, perfil, fase e regras RKF.",RKF_V5.0
RKF-15-16-63,400 livre: capacidade de fechar,6400,6400,0,OK — EXATO,Treinos_15_16,64,15–16,ATR / compatível com motor de fase,Geral,Técnica/Fundamentos,400 livre: capacidade de fechar,"Meio-fundo 200/400: A2→A3, progressões A1/A2/A3, maior recuperação e A3 de alta qualidade/repetibilidade",A3|A2|A1,Livre/Crawl,,Perna,,7,READY_WHOLE|BLOCKS_EXACT,YES,age=15–16;profile=Geral;type=Técnica/Fundamentos;zones=A3|A2|A1;styles=Livre/Crawl;skills=Perna,"Sessão e blocos normalizados: pode usar integralmente ou recombinar blocos preservando objetivo, zona dominante, perfil, fase e regras RKF.",RKF_V5.0
RKF-15-16-64,Medley A2/A3,6200,6200,0,OK — EXATO,Treinos_15_16,65,15–16,ATR / compatível com motor de fase,Geral,Técnica/Fundamentos,Medley A2/A3,"Meio-fundo 200/400: A2→A3, progressões A1/A2/A3, maior recuperação e A3 de alta qualidade/repetibilidade",A3|A2|A1,Livre/Crawl|Medley,,Perna,,6,READY_WHOLE|BLOCKS_EXACT,YES,age=15–16;profile=Geral;type=Técnica/Fundamentos;zones=A3|A2|A1;styles=Livre/Crawl|Medley;skills=Perna,"Sessão e blocos normalizados: pode usar integralmente ou recombinar blocos preservando objetivo, zona dominante, perfil, fase e regras RKF.",RKF_V5.0
RKF-15-16-65,150s A3 de qualidade,6300,6300,0,OK — EXATO,Treinos_15_16,66,15–16,ATR / compatível com motor de fase,Geral,Técnica/Fundamentos,150s A3 de qualidade,"Meio-fundo 200/400: A2→A3, progressões A1/A2/A3, maior recuperação e A3 de alta qualidade/repetibilidade",A3|A2|A1,,,Perna,,7,READY_WHOLE|BLOCKS_EXACT,YES,age=15–16;profile=Geral;type=Técnica/Fundamentos;zones=A3|A2|A1;styles=NA;skills=Perna,"Sessão e blocos normalizados: pode usar integralmente ou recombinar blocos preservando objetivo, zona dominante, perfil, fase e regras RKF.",RKF_V5.0
RKF-15-16-66,A2 → A3 → recuperar → A3,6000,6000,0,OK — EXATO,Treinos_15_16,67,15–16,ATR / compatível com motor de fase,Geral,Técnica/Fundamentos,A2 → A3 → recuperar → A3,"Meio-fundo 200/400: A2→A3, progressões A1/A2/A3, maior recuperação e A3 de alta qualidade/repetibilidade",A3|A2|A1,,,Perna|Coordenação,,7,READY_WHOLE|BLOCKS_EXACT,YES,age=15–16;profile=Geral;type=Técnica/Fundamentos;zones=A3|A2|A1;styles=NA;skills=Perna|Coordenação,"Sessão e blocos normalizados: pode usar integralmente ou recombinar blocos preservando objetivo, zona dominante, perfil, fase e regras RKF.",RKF_V5.0
RKF-15-16-67,400 Broken Performance,6400,6400,0,OK — EXATO,Treinos_15_16,68,15–16,ATR / compatível com motor de fase,Geral,Técnica/Fundamentos,400 Broken Performance,"Meio-fundo 200/400: A2→A3, progressões A1/A2/A3, maior recuperação e A3 de alta qualidade/repetibilidade",A3|A2|A1,,,Perna,,7,READY_WHOLE|BLOCKS_EXACT,YES,age=15–16;profile=Geral;type=Técnica/Fundamentos;zones=A3|A2|A1;styles=NA;skills=Perna,"Sessão e blocos normalizados: pode usar integralmente ou recombinar blocos preservando objetivo, zona dominante, perfil, fase e regras RKF.",RKF_V5.0
RKF-15-16-68,Pernas para 200/400,6000,6000,0,OK — EXATO,Treinos_15_16,69,15–16,ATR / compatível com motor de fase,Geral,Técnica/Fundamentos,Pernas para 200/400,"Meio-fundo 200/400: A2→A3, progressões A1/A2/A3, maior recuperação e A3 de alta qualidade/repetibilidade",A3|A2|A1,,,Perna,,7,READY_WHOLE|BLOCKS_EXACT,YES,age=15–16;profile=Geral;type=Técnica/Fundamentos;zones=A3|A2|A1;styles=NA;skills=Perna,"Sessão e blocos normalizados: pode usar integralmente ou recombinar blocos preservando objetivo, zona dominante, perfil, fase e regras RKF.",RKF_V5.0
RKF-15-16-69,300/150/75,6200,6200,0,OK — EXATO,Treinos_15_16,70,15–16,ATR / compatível com motor de fase,Geral,Técnica/Fundamentos,300/150/75,"Meio-fundo 200/400: A2→A3, progressões A1/A2/A3, maior recuperação e A3 de alta qualidade/repetibilidade",A3|A2|A1,,,Perna|Coordenação,,8,READY_WHOLE|BLOCKS_EXACT,YES,age=15–16;profile=Geral;type=Técnica/Fundamentos;zones=A3|A2|A1;styles=NA;skills=Perna|Coordenação,"Sessão e blocos normalizados: pode usar integralmente ou recombinar blocos preservando objetivo, zona dominante, perfil, fase e regras RKF.",RKF_V5.0
RKF-15-16-70,200 livre: Speed Endurance,5800,5800,0,OK — EXATO,Treinos_15_16,71,15–16,ATR / compatível com motor de fase,Geral,Técnica/Fundamentos,200 livre: Speed Endurance,"Meio-fundo 200/400: A2→A3, progressões A1/A2/A3, maior recuperação e A3 de alta qualidade/repetibilidade",A3|A2|A1,Livre/Crawl,,Perna,,7,READY_WHOLE|BLOCKS_EXACT,YES,age=15–16;profile=Geral;type=Técnica/Fundamentos;zones=A3|A2|A1;styles=Livre/Crawl;skills=Perna,"Sessão e blocos normalizados: pode usar integralmente ou recombinar blocos preservando objetivo, zona dominante, perfil, fase e regras RKF.",RKF_V5.0
RKF-15-16-71,400 IM Quality,6400,6400,0,OK — EXATO,Treinos_15_16,72,15–16,ATR / compatível com motor de fase,Geral,Técnica/Fundamentos,400 IM Quality,"Meio-fundo 200/400: A2→A3, progressões A1/A2/A3, maior recuperação e A3 de alta qualidade/repetibilidade",A3|A2|A1,Medley,,Perna,,6,READY_WHOLE|BLOCKS_EXACT,YES,age=15–16;profile=Geral;type=Técnica/Fundamentos;zones=A3|A2|A1;styles=Medley;skills=Perna,"Sessão e blocos normalizados: pode usar integralmente ou recombinar blocos preservando objetivo, zona dominante, perfil, fase e regras RKF.",RKF_V5.0
RKF-15-16-72,4×(400 A2 +4×100 A3),6600,6600,0,OK — EXATO,Treinos_15_16,73,15–16,ATR / compatível com motor de fase,Geral,Técnica/Fundamentos,4×(400 A2 +4×100 A3),"Meio-fundo 200/400: A2→A3, progressões A1/A2/A3, maior recuperação e A3 de alta qualidade/repetibilidade",A3|A2|A1,,,Perna,,7,READY_WHOLE|BLOCKS_EXACT,YES,age=15–16;profile=Geral;type=Técnica/Fundamentos;zones=A3|A2|A1;styles=NA;skills=Perna,"Sessão e blocos normalizados: pode usar integralmente ou recombinar blocos preservando objetivo, zona dominante, perfil, fase e regras RKF.",RKF_V5.0
RKF-15-16-73,200s multivelocidade,6200,6200,0,OK — EXATO,Treinos_15_16,74,15–16,ATR / compatível com motor de fase,Geral,Técnica/Fundamentos,200s multivelocidade,"Meio-fundo 200/400: A2→A3, progressões A1/A2/A3, maior recuperação e A3 de alta qualidade/repetibilidade",A3|A2|A1,,,Perna,,7,READY_WHOLE|BLOCKS_EXACT,YES,age=15–16;profile=Geral;type=Técnica/Fundamentos;zones=A3|A2|A1;styles=NA;skills=Perna,"Sessão e blocos normalizados: pode usar integralmente ou recombinar blocos preservando objetivo, zona dominante, perfil, fase e regras RKF.",RKF_V5.0
RKF-15-16-74,400 livre: terceiro 100,6400,6400,0,OK — EXATO,Treinos_15_16,75,15–16,ATR / compatível com motor de fase,Geral,Técnica/Fundamentos,400 livre: terceiro 100,"Meio-fundo 200/400: A2→A3, progressões A1/A2/A3, maior recuperação e A3 de alta qualidade/repetibilidade",A3|A2|A1,Livre/Crawl,,Perna,,7,READY_WHOLE|BLOCKS_EXACT,YES,age=15–16;profile=Geral;type=Técnica/Fundamentos;zones=A3|A2|A1;styles=Livre/Crawl;skills=Perna,"Sessão e blocos normalizados: pode usar integralmente ou recombinar blocos preservando objetivo, zona dominante, perfil, fase e regras RKF.",RKF_V5.0
RKF-15-16-75,50/100/150 A3,6000,6000,0,OK — EXATO,Treinos_15_16,76,15–16,ATR / compatível com motor de fase,Geral,Técnica/Fundamentos,50/100/150 A3,"Meio-fundo 200/400: A2→A3, progressões A1/A2/A3, maior recuperação e A3 de alta qualidade/repetibilidade",A3|A2|A1,,,Perna,,7,READY_WHOLE|BLOCKS_EXACT,YES,age=15–16;profile=Geral;type=Técnica/Fundamentos;zones=A3|A2|A1;styles=NA;skills=Perna,"Sessão e blocos normalizados: pode usar integralmente ou recombinar blocos preservando objetivo, zona dominante, perfil, fase e regras RKF.",RKF_V5.0
RKF-15-16-76,Medley → livre A3,6400,6400,0,OK — EXATO,Treinos_15_16,77,15–16,ATR / compatível com motor de fase,Geral,Técnica/Fundamentos,Medley → livre A3,"Meio-fundo 200/400: A2→A3, progressões A1/A2/A3, maior recuperação e A3 de alta qualidade/repetibilidade",A3|A2|A1,Livre/Crawl|Medley,,Perna,,6,READY_WHOLE|BLOCKS_EXACT,YES,age=15–16;profile=Geral;type=Técnica/Fundamentos;zones=A3|A2|A1;styles=Livre/Crawl|Medley;skills=Perna,"Sessão e blocos normalizados: pode usar integralmente ou recombinar blocos preservando objetivo, zona dominante, perfil, fase e regras RKF.",RKF_V5.0
RKF-15-16-77,A3 Repeatability,5800,5800,0,OK — EXATO,Treinos_15_16,78,15–16,ATR / compatível com motor de fase,Geral,Técnica/Fundamentos,A3 Repeatability,"Meio-fundo 200/400: A2→A3, progressões A1/A2/A3, maior recuperação e A3 de alta qualidade/repetibilidade",A3|A2|A1,,,Braçadas|Perna|Coordenação,,8,READY_WHOLE|BLOCKS_EXACT,YES,age=15–16;profile=Geral;type=Técnica/Fundamentos;zones=A3|A2|A1;styles=NA;skills=Braçadas|Perna|Coordenação,"Sessão e blocos normalizados: pode usar integralmente ou recombinar blocos preservando objetivo, zona dominante, perfil, fase e regras RKF.",RKF_V5.0
RKF-15-16-78,400 → 200 → 100 → 50,6200,6200,0,OK — EXATO,Treinos_15_16,79,15–16,ATR / compatível com motor de fase,Geral,Técnica/Fundamentos,400 → 200 → 100 → 50,"Meio-fundo 200/400: A2→A3, progressões A1/A2/A3, maior recuperação e A3 de alta qualidade/repetibilidade",A3|A2|A1,,,Perna,,7,READY_WHOLE|BLOCKS_EXACT,YES,age=15–16;profile=Geral;type=Técnica/Fundamentos;zones=A3|A2|A1;styles=NA;skills=Perna,"Sessão e blocos normalizados: pode usar integralmente ou recombinar blocos preservando objetivo, zona dominante, perfil, fase e regras RKF.",RKF_V5.0
RKF-15-16-79,200/400 Mixed Performance,6600,6600,0,OK — EXATO,Treinos_15_16,80,15–16,ATR / compatível com motor de fase,Geral,Técnica/Fundamentos,200/400 Mixed Performance,"Meio-fundo 200/400: A2→A3, progressões A1/A2/A3, maior recuperação e A3 de alta qualidade/repetibilidade",A3|A2|A1,,,Perna,,8,READY_WHOLE|BLOCKS_EXACT,YES,age=15–16;profile=Geral;type=Técnica/Fundamentos;zones=A3|A2|A1;styles=NA;skills=Perna,"Sessão e blocos normalizados: pode usar integralmente ou recombinar blocos preservando objetivo, zona dominante, perfil, fase e regras RKF.",RKF_V5.0
RKF-15-16-80,RKF 200/400 Middle Distance Challenge,6800,6800,0,OK — EXATO,Treinos_15_16,81,15–16,ATR / compatível com motor de fase,Geral,Técnica/Fundamentos,RKF 200/400 Middle Distance Challenge,"Meio-fundo 200/400: A2→A3, progressões A1/A2/A3, maior recuperação e A3 de alta qualidade/repetibilidade",A3|A2|A1,Livre/Crawl,,Scull|Braçadas|Perna,,9,READY_WHOLE|BLOCKS_EXACT,YES,age=15–16;profile=Geral;type=Técnica/Fundamentos;zones=A3|A2|A1;styles=Livre/Crawl;skills=Scull|Braçadas|Perna,"Sessão e blocos normalizados: pode usar integralmente ou recombinar blocos preservando objetivo, zona dominante, perfil, fase e regras RKF.",RKF_V5.0
RKF-16-17-S01,Cascata de resistência → velocidade,5200,5200,0,OK — EXATO,Treinos_15_16,82,15–16,ATR / compatível com motor de fase,Geral,Velocidade,Cascata de resistência → velocidade,"Sprint Development 16–17: força curta, contraste, A3, AN1, velocidade láctica e transferência de materiais",AN1|A3|A2|A1,,Palmar,Perna,,8,READY_WHOLE|BLOCKS_EXACT,YES,age=15–16;profile=Geral;type=Velocidade;zones=AN1|A3|A2|A1;styles=NA;skills=Perna,"Sessão e blocos normalizados: pode usar integralmente ou recombinar blocos preservando objetivo, zona dominante, perfil, fase e regras RKF.",RKF_V5.0
RKF-16-17-S02,Paraquedas curto → AN1,5000,5000,0,OK — EXATO,Treinos_15_16,83,15–16,ATR / compatível com motor de fase,Geral,Velocidade,Paraquedas curto → AN1,"Sprint Development 16–17: força curta, contraste, A3, AN1, velocidade láctica e transferência de materiais",AN1|A3|A2|A1,,Palmar|Paraquedas,Perna,,8,READY_WHOLE|BLOCKS_EXACT,YES,age=15–16;profile=Geral;type=Velocidade;zones=AN1|A3|A2|A1;styles=NA;skills=Perna,"Sessão e blocos normalizados: pode usar integralmente ou recombinar blocos preservando objetivo, zona dominante, perfil, fase e regras RKF.",RKF_V5.0
RKF-16-17-S03,Palmar → liberação,5200,5200,0,OK — EXATO,Treinos_15_16,84,15–16,ATR / compatível com motor de fase,Geral,Velocidade,Palmar → liberação,"Sprint Development 16–17: força curta, contraste, A3, AN1, velocidade láctica e transferência de materiais",AN1|A3|A2|A1,,Palmar,Perna,,8,READY_WHOLE|BLOCKS_EXACT,YES,age=15–16;profile=Geral;type=Velocidade;zones=AN1|A3|A2|A1;styles=NA;skills=Perna,"Sessão e blocos normalizados: pode usar integralmente ou recombinar blocos preservando objetivo, zona dominante, perfil, fase e regras RKF.",RKF_V5.0
RKF-16-17-S04,Pé de pato → velocidade limpa,5000,5000,0,OK — EXATO,Treinos_15_16,85,15–16,ATR / compatível com motor de fase,Geral,Velocidade,Pé de pato → velocidade limpa,"Sprint Development 16–17: força curta, contraste, A3, AN1, velocidade láctica e transferência de materiais",AN1|A3|A2|A1,,Palmar|Pé de pato,Perna,,8,READY_WHOLE|BLOCKS_EXACT,YES,age=15–16;profile=Geral;type=Velocidade;zones=AN1|A3|A2|A1;styles=NA;skills=Perna,"Sessão e blocos normalizados: pode usar integralmente ou recombinar blocos preservando objetivo, zona dominante, perfil, fase e regras RKF.",RKF_V5.0
RKF-16-17-S05,Contrast 25s,5200,5200,0,OK — EXATO,Treinos_15_16,86,15–16,ATR / compatível com motor de fase,Geral,Velocidade,Contrast 25s,"Sprint Development 16–17: força curta, contraste, A3, AN1, velocidade láctica e transferência de materiais",AN1|A3|A2|A1,,Palmar,Perna,,8,READY_WHOLE|BLOCKS_EXACT,YES,age=15–16;profile=Geral;type=Velocidade;zones=AN1|A3|A2|A1;styles=NA;skills=Perna,"Sessão e blocos normalizados: pode usar integralmente ou recombinar blocos preservando objetivo, zona dominante, perfil, fase e regras RKF.",RKF_V5.0
RKF-16-17-S06,Saída + resistência,4800,4800,0,OK — EXATO,Treinos_15_16,87,15–16,ATR / compatível com motor de fase,Geral,Técnica/Fundamentos,Saída + resistência,"Sprint Development 16–17: força curta, contraste, A3, AN1, velocidade láctica e transferência de materiais",AN1|A3|A2|A1,,Palmar,Perna,,8,READY_WHOLE|BLOCKS_EXACT,YES,age=15–16;profile=Geral;type=Técnica/Fundamentos;zones=AN1|A3|A2|A1;styles=NA;skills=Perna,"Sessão e blocos normalizados: pode usar integralmente ou recombinar blocos preservando objetivo, zona dominante, perfil, fase e regras RKF.",RKF_V5.0
RKF-16-17-S07,A3 → AN1 Repeatability,5400,5400,0,OK — EXATO,Treinos_15_16,88,15–16,ATR / compatível com motor de fase,Geral,Velocidade,A3 → AN1 Repeatability,"Sprint Development 16–17: força curta, contraste, A3, AN1, velocidade láctica e transferência de materiais",AN1|A3|A2|A1,,Palmar,Perna,,8,READY_WHOLE|BLOCKS_EXACT,YES,age=15–16;profile=Geral;type=Velocidade;zones=AN1|A3|A2|A1;styles=NA;skills=Perna,"Sessão e blocos normalizados: pode usar integralmente ou recombinar blocos preservando objetivo, zona dominante, perfil, fase e regras RKF.",RKF_V5.0
RKF-16-17-S08,75 AN1 Quality,5100,5100,0,OK — EXATO,Treinos_15_16,89,15–16,ATR / compatível com motor de fase,Geral,Velocidade,75 AN1 Quality,"Sprint Development 16–17: força curta, contraste, A3, AN1, velocidade láctica e transferência de materiais",AN1|A3|A2|A1,,Palmar,Perna,,8,READY_WHOLE|BLOCKS_EXACT,YES,age=15–16;profile=Geral;type=Velocidade;zones=AN1|A3|A2|A1;styles=NA;skills=Perna,"Sessão e blocos normalizados: pode usar integralmente ou recombinar blocos preservando objetivo, zona dominante, perfil, fase e regras RKF.",RKF_V5.0
RKF-16-17-S09,100 A3→AN1,5200,5200,0,OK — EXATO,Treinos_15_16,90,15–16,ATR / compatível com motor de fase,Geral,Velocidade,100 A3→AN1,"Sprint Development 16–17: força curta, contraste, A3, AN1, velocidade láctica e transferência de materiais",AN1|A3|A2|A1,,Palmar,Perna,,8,READY_WHOLE|BLOCKS_EXACT,YES,age=15–16;profile=Geral;type=Velocidade;zones=AN1|A3|A2|A1;styles=NA;skills=Perna,"Sessão e blocos normalizados: pode usar integralmente ou recombinar blocos preservando objetivo, zona dominante, perfil, fase e regras RKF.",RKF_V5.0
RKF-16-17-S10,50s AN1 + pernas,5000,5000,0,OK — EXATO,Treinos_15_16,91,15–16,ATR / compatível com motor de fase,Geral,Velocidade,50s AN1 + pernas,"Sprint Development 16–17: força curta, contraste, A3, AN1, velocidade láctica e transferência de materiais",AN1|A3|A2|A1,,Palmar,Perna,,8,READY_WHOLE|BLOCKS_EXACT,YES,age=15–16;profile=Geral;type=Velocidade;zones=AN1|A3|A2|A1;styles=NA;skills=Perna,"Sessão e blocos normalizados: pode usar integralmente ou recombinar blocos preservando objetivo, zona dominante, perfil, fase e regras RKF.",RKF_V5.0
RKF-16-17-S11,Broken 100,5000,5000,0,OK — EXATO,Treinos_15_16,92,15–16,ATR / compatível com motor de fase,Geral,Velocidade,Broken 100,"Sprint Development 16–17: força curta, contraste, A3, AN1, velocidade láctica e transferência de materiais",AN1|A3|A2|A1,,Palmar,Perna,,8,READY_WHOLE|BLOCKS_EXACT,YES,age=15–16;profile=Geral;type=Velocidade;zones=AN1|A3|A2|A1;styles=NA;skills=Perna,"Sessão e blocos normalizados: pode usar integralmente ou recombinar blocos preservando objetivo, zona dominante, perfil, fase e regras RKF.",RKF_V5.0
RKF-16-17-S12,A3 Load → AN1,5200,5200,0,OK — EXATO,Treinos_15_16,93,15–16,ATR / compatível com motor de fase,Geral,Velocidade,A3 Load → AN1,"Sprint Development 16–17: força curta, contraste, A3, AN1, velocidade láctica e transferência de materiais",AN1|A3|A2|A1,,Palmar,Perna,,8,READY_WHOLE|BLOCKS_EXACT,YES,age=15–16;profile=Geral;type=Velocidade;zones=AN1|A3|A2|A1;styles=NA;skills=Perna,"Sessão e blocos normalizados: pode usar integralmente ou recombinar blocos preservando objetivo, zona dominante, perfil, fase e regras RKF.",RKF_V5.0
RKF-16-17-S13,Lactate 50,4600,4600,0,OK — EXATO,Treinos_15_16,94,15–16,ATR / compatível com motor de fase,Geral,Velocidade,Lactate 50,"Sprint Development 16–17: força curta, contraste, A3, AN1, velocidade láctica e transferência de materiais",AN1|A3|A2|A1,,Palmar,Perna,,8,READY_WHOLE|BLOCKS_EXACT,YES,age=15–16;profile=Geral;type=Velocidade;zones=AN1|A3|A2|A1;styles=NA;skills=Perna,"Sessão e blocos normalizados: pode usar integralmente ou recombinar blocos preservando objetivo, zona dominante, perfil, fase e regras RKF.",RKF_V5.0
RKF-16-17-S14,Lactate 75,4600,4600,0,OK — EXATO,Treinos_15_16,95,15–16,ATR / compatível com motor de fase,Geral,Velocidade,Lactate 75,"Sprint Development 16–17: força curta, contraste, A3, AN1, velocidade láctica e transferência de materiais",AN1|A3|A2|A1,,Palmar,Perna,,8,READY_WHOLE|BLOCKS_EXACT,YES,age=15–16;profile=Geral;type=Velocidade;zones=AN1|A3|A2|A1;styles=NA;skills=Perna,"Sessão e blocos normalizados: pode usar integralmente ou recombinar blocos preservando objetivo, zona dominante, perfil, fase e regras RKF.",RKF_V5.0
RKF-16-17-S15,Lactate 50+25,4800,4800,0,OK — EXATO,Treinos_15_16,96,15–16,ATR / compatível com motor de fase,Geral,Velocidade,Lactate 50+25,"Sprint Development 16–17: força curta, contraste, A3, AN1, velocidade láctica e transferência de materiais",AN1|A3|A2|A1,,Palmar,Perna,,8,READY_WHOLE|BLOCKS_EXACT,YES,age=15–16;profile=Geral;type=Velocidade;zones=AN1|A3|A2|A1;styles=NA;skills=Perna,"Sessão e blocos normalizados: pode usar integralmente ou recombinar blocos preservando objetivo, zona dominante, perfil, fase e regras RKF.",RKF_V5.0
RKF-16-17-S16,Broken Lactate 100,4800,4800,0,OK — EXATO,Treinos_15_16,97,15–16,ATR / compatível com motor de fase,Geral,Velocidade,Broken Lactate 100,"Sprint Development 16–17: força curta, contraste, A3, AN1, velocidade láctica e transferência de materiais",AN1|A3|A2|A1,,Palmar,Perna,,8,READY_WHOLE|BLOCKS_EXACT,YES,age=15–16;profile=Geral;type=Velocidade;zones=AN1|A3|A2|A1;styles=NA;skills=Perna,"Sessão e blocos normalizados: pode usar integralmente ou recombinar blocos preservando objetivo, zona dominante, perfil, fase e regras RKF.",RKF_V5.0
RKF-16-17-S17,100→50 Lactate,4800,4800,0,OK — EXATO,Treinos_15_16,98,15–16,ATR / compatível com motor de fase,Geral,Velocidade,100→50 Lactate,"Sprint Development 16–17: força curta, contraste, A3, AN1, velocidade láctica e transferência de materiais",AN1|A3|A2|A1,,Palmar,Perna,,8,READY_WHOLE|BLOCKS_EXACT,YES,age=15–16;profile=Geral;type=Velocidade;zones=AN1|A3|A2|A1;styles=NA;skills=Perna,"Sessão e blocos normalizados: pode usar integralmente ou recombinar blocos preservando objetivo, zona dominante, perfil, fase e regras RKF.",RKF_V5.0
RKF-16-17-S18,Finish Speed,5000,5000,0,OK — EXATO,Treinos_15_16,99,15–16,ATR / compatível com motor de fase,Geral,Velocidade,Finish Speed,"Sprint Development 16–17: força curta, contraste, A3, AN1, velocidade láctica e transferência de materiais",AN1|A3|A2|A1,,Palmar,Perna,,8,READY_WHOLE|BLOCKS_EXACT,YES,age=15–16;profile=Geral;type=Velocidade;zones=AN1|A3|A2|A1;styles=NA;skills=Perna,"Sessão e blocos normalizados: pode usar integralmente ou recombinar blocos preservando objetivo, zona dominante, perfil, fase e regras RKF.",RKF_V5.0
RKF-16-17-S19,Kick A3/AN1 → Swim,5200,5200,0,OK — EXATO,Treinos_15_16,100,15–16,ATR / compatível com motor de fase,Geral,Velocidade,Kick A3/AN1 → Swim,"Sprint Development 16–17: força curta, contraste, A3, AN1, velocidade láctica e transferência de materiais",AN1|A3|A2|A1,Medley,Palmar,Perna,,8,READY_WHOLE|BLOCKS_EXACT,YES,age=15–16;profile=Geral;type=Velocidade;zones=AN1|A3|A2|A1;styles=Medley;skills=Perna,"Sessão e blocos normalizados: pode usar integralmente ou recombinar blocos preservando objetivo, zona dominante, perfil, fase e regras RKF.",RKF_V5.0
RKF-16-17-S20,Leg Power + Fins,5000,5000,0,OK — EXATO,Treinos_15_16,101,15–16,ATR / compatível com motor de fase,Geral,Velocidade,Leg Power + Fins,"Sprint Development 16–17: força curta, contraste, A3, AN1, velocidade láctica e transferência de materiais",AN1|A3|A2|A1,,Palmar|Pé de pato,Perna,,8,READY_WHOLE|BLOCKS_EXACT,YES,age=15–16;profile=Geral;type=Velocidade;zones=AN1|A3|A2|A1;styles=NA;skills=Perna,"Sessão e blocos normalizados: pode usar integralmente ou recombinar blocos preservando objetivo, zona dominante, perfil, fase e regras RKF.",RKF_V5.0
RKF-16-17-S21,Braço forte → nado rápido,5200,5200,0,OK — EXATO,Treinos_15_16,102,15–16,ATR / compatível com motor de fase,Geral,Velocidade,Braço forte → nado rápido,"Sprint Development 16–17: força curta, contraste, A3, AN1, velocidade láctica e transferência de materiais",AN1|A3|A2|A1,,Palmar,Perna,,8,READY_WHOLE|BLOCKS_EXACT,YES,age=15–16;profile=Geral;type=Velocidade;zones=AN1|A3|A2|A1;styles=NA;skills=Perna,"Sessão e blocos normalizados: pode usar integralmente ou recombinar blocos preservando objetivo, zona dominante, perfil, fase e regras RKF.",RKF_V5.0
RKF-16-17-S22,Leg Resistance Cascade,5000,5000,0,OK — EXATO,Treinos_15_16,103,15–16,ATR / compatível com motor de fase,Geral,Velocidade,Leg Resistance Cascade,"Sprint Development 16–17: força curta, contraste, A3, AN1, velocidade láctica e transferência de materiais",AN1|A3|A2|A1,,Palmar,Perna,,8,READY_WHOLE|BLOCKS_EXACT,YES,age=15–16;profile=Geral;type=Velocidade;zones=AN1|A3|A2|A1;styles=NA;skills=Perna,"Sessão e blocos normalizados: pode usar integralmente ou recombinar blocos preservando objetivo, zona dominante, perfil, fase e regras RKF.",RKF_V5.0
RKF-16-17-S23,Kick Lactate,4800,4800,0,OK — EXATO,Treinos_15_16,104,15–16,ATR / compatível com motor de fase,Geral,Velocidade,Kick Lactate,"Sprint Development 16–17: força curta, contraste, A3, AN1, velocidade láctica e transferência de materiais",AN1|A3|A2|A1,,Palmar,Perna,,8,READY_WHOLE|BLOCKS_EXACT,YES,age=15–16;profile=Geral;type=Velocidade;zones=AN1|A3|A2|A1;styles=NA;skills=Perna,"Sessão e blocos normalizados: pode usar integralmente ou recombinar blocos preservando objetivo, zona dominante, perfil, fase e regras RKF.",RKF_V5.0
RKF-16-17-S24,Underwater + AN1,5000,5000,0,OK — EXATO,Treinos_15_16,105,15–16,ATR / compatível com motor de fase,Geral,Velocidade,Underwater + AN1,"Sprint Development 16–17: força curta, contraste, A3, AN1, velocidade láctica e transferência de materiais",AN1|A3|A2|A1,,Palmar,Submerso|Perna,,8,READY_WHOLE|BLOCKS_EXACT,YES,age=15–16;profile=Geral;type=Velocidade;zones=AN1|A3|A2|A1;styles=NA;skills=Submerso|Perna,"Sessão e blocos normalizados: pode usar integralmente ou recombinar blocos preservando objetivo, zona dominante, perfil, fase e regras RKF.",RKF_V5.0
RKF-16-17-S25,Paraquedas + palmar → livre,5200,5200,0,OK — EXATO,Treinos_15_16,106,15–16,ATR / compatível com motor de fase,Geral,Velocidade,Paraquedas + palmar → livre,"Sprint Development 16–17: força curta, contraste, A3, AN1, velocidade láctica e transferência de materiais",AN1|A3|A2|A1,Livre/Crawl,Palmar|Paraquedas,Perna,,8,READY_WHOLE|BLOCKS_EXACT,YES,age=15–16;profile=Geral;type=Velocidade;zones=AN1|A3|A2|A1;styles=Livre/Crawl;skills=Perna,"Sessão e blocos normalizados: pode usar integralmente ou recombinar blocos preservando objetivo, zona dominante, perfil, fase e regras RKF.",RKF_V5.0
RKF-16-17-S26,Cascata completa RKF,5400,5400,0,OK — EXATO,Treinos_15_16,107,15–16,ATR / compatível com motor de fase,Geral,Velocidade,Cascata completa RKF,"Sprint Development 16–17: força curta, contraste, A3, AN1, velocidade láctica e transferência de materiais",AN1|A3|A2|A1,,Palmar,Perna,,8,READY_WHOLE|BLOCKS_EXACT,YES,age=15–16;profile=Geral;type=Velocidade;zones=AN1|A3|A2|A1;styles=NA;skills=Perna,"Sessão e blocos normalizados: pode usar integralmente ou recombinar blocos preservando objetivo, zona dominante, perfil, fase e regras RKF.",RKF_V5.0
RKF-16-17-S27,Contrast Mix,5200,5200,0,OK — EXATO,Treinos_15_16,108,15–16,ATR / compatível com motor de fase,Geral,Velocidade,Contrast Mix,"Sprint Development 16–17: força curta, contraste, A3, AN1, velocidade láctica e transferência de materiais",AN1|A3|A2|A1,,Palmar,Perna,,8,READY_WHOLE|BLOCKS_EXACT,YES,age=15–16;profile=Geral;type=Velocidade;zones=AN1|A3|A2|A1;styles=NA;skills=Perna,"Sessão e blocos normalizados: pode usar integralmente ou recombinar blocos preservando objetivo, zona dominante, perfil, fase e regras RKF.",RKF_V5.0
RKF-16-17-S28,200 Sprinter Development,5600,5600,0,OK — EXATO,Treinos_15_16,109,15–16,ATR / compatível com motor de fase,Geral,Velocidade,200 Sprinter Development,"Sprint Development 16–17: força curta, contraste, A3, AN1, velocidade láctica e transferência de materiais",AN1|A3|A2|A1,,Palmar,Perna,,8,READY_WHOLE|BLOCKS_EXACT,YES,age=15–16;profile=Geral;type=Velocidade;zones=AN1|A3|A2|A1;styles=NA;skills=Perna,"Sessão e blocos normalizados: pode usar integralmente ou recombinar blocos preservando objetivo, zona dominante, perfil, fase e regras RKF.",RKF_V5.0
RKF-16-17-S29,Three-Speed Performance,5000,5000,0,OK — EXATO,Treinos_15_16,110,15–16,ATR / compatível com motor de fase,Geral,Velocidade,Three-Speed Performance,"Sprint Development 16–17: força curta, contraste, A3, AN1, velocidade láctica e transferência de materiais",AN1|A3|A2|A1,,Palmar,Perna,,8,READY_WHOLE|BLOCKS_EXACT,YES,age=15–16;profile=Geral;type=Velocidade;zones=AN1|A3|A2|A1;styles=NA;skills=Perna,"Sessão e blocos normalizados: pode usar integralmente ou recombinar blocos preservando objetivo, zona dominante, perfil, fase e regras RKF.",RKF_V5.0
RKF-16-17-S30,RKF Sprint Development Challenge,5400,5400,0,OK — EXATO,Treinos_15_16,111,15–16,ATR / compatível com motor de fase,Geral,Velocidade,RKF Sprint Development Challenge,"Sprint Development 16–17: força curta, contraste, A3, AN1, velocidade láctica e transferência de materiais",AN1|A3|A2|A1,,Palmar,Perna,,8,READY_WHOLE|BLOCKS_EXACT,YES,age=15–16;profile=Geral;type=Velocidade;zones=AN1|A3|A2|A1;styles=NA;skills=Perna,"Sessão e blocos normalizados: pode usar integralmente ou recombinar blocos preservando objetivo, zona dominante, perfil, fase e regras RKF.",RKF_V5.0
RKF-16-17-EST-01,A3 específico + troca de estilo,5200,5200,0,OK — EXATO,Treinos_16_17_Estilos,2,16–17,ATR / compatível com motor de fase,"50/100 estilos: A3, AN1, AN2, tolerância ao lactato, perna, contraste e transferência",Anaeróbio,"50/100 estilos: A3, AN1, AN2, tolerância ao lactato, perna, contraste e transferência",,AN2|AN1|A3|A2|A1,Livre/Crawl|Costas|Peito|Borboleta|Medley,Palmar,Perna,,8,READY_WHOLE|BLOCKS_EXACT,YES,"age=16–17;profile=50/100 estilos: A3, AN1, AN2, tolerância ao lactato, perna, contraste e transferência;type=Anaeróbio;zones=AN2|AN1|A3|A2|A1;styles=Livre/Crawl|Costas|Peito|Borboleta|Medley;skills=Perna","Sessão e blocos normalizados: pode usar integralmente ou recombinar blocos preservando objetivo, zona dominante, perfil, fase e regras RKF.",RKF_V5.0
RKF-16-17-EST-02,A3 100 específico,5400,5400,0,OK — EXATO,Treinos_16_17_Estilos,3,16–17,ATR / compatível com motor de fase,"50/100 estilos: A3, AN1, AN2, tolerância ao lactato, perna, contraste e transferência",Anaeróbio,"50/100 estilos: A3, AN1, AN2, tolerância ao lactato, perna, contraste e transferência",,AN2|AN1|A3|A2|A1,,Palmar,Perna,,8,READY_WHOLE|BLOCKS_EXACT,YES,"age=16–17;profile=50/100 estilos: A3, AN1, AN2, tolerância ao lactato, perna, contraste e transferência;type=Anaeróbio;zones=AN2|AN1|A3|A2|A1;styles=NA;skills=Perna","Sessão e blocos normalizados: pode usar integralmente ou recombinar blocos preservando objetivo, zona dominante, perfil, fase e regras RKF.",RKF_V5.0
RKF-16-17-EST-03,75/50/25 A3 → AN1,5000,5000,0,OK — EXATO,Treinos_16_17_Estilos,4,16–17,ATR / compatível com motor de fase,"50/100 estilos: A3, AN1, AN2, tolerância ao lactato, perna, contraste e transferência",Anaeróbio,"50/100 estilos: A3, AN1, AN2, tolerância ao lactato, perna, contraste e transferência",,AN2|AN1|A3|A1,,,Perna,,8,READY_WHOLE|BLOCKS_EXACT,YES,"age=16–17;profile=50/100 estilos: A3, AN1, AN2, tolerância ao lactato, perna, contraste e transferência;type=Anaeróbio;zones=AN2|AN1|A3|A1;styles=NA;skills=Perna","Sessão e blocos normalizados: pode usar integralmente ou recombinar blocos preservando objetivo, zona dominante, perfil, fase e regras RKF.",RKF_V5.0
RKF-16-17-EST-04,100 de estilo: segunda metade,5200,5200,0,OK — EXATO,Treinos_16_17_Estilos,5,16–17,ATR / compatível com motor de fase,"50/100 estilos: A3, AN1, AN2, tolerância ao lactato, perna, contraste e transferência",Anaeróbio,"50/100 estilos: A3, AN1, AN2, tolerância ao lactato, perna, contraste e transferência",,AN2|AN1|A3|A1,Livre/Crawl,,Perna,,9,READY_WHOLE|BLOCKS_EXACT,YES,"age=16–17;profile=50/100 estilos: A3, AN1, AN2, tolerância ao lactato, perna, contraste e transferência;type=Anaeróbio;zones=AN2|AN1|A3|A1;styles=Livre/Crawl;skills=Perna","Sessão e blocos normalizados: pode usar integralmente ou recombinar blocos preservando objetivo, zona dominante, perfil, fase e regras RKF.",RKF_V5.0
RKF-16-17-EST-05,AN1 50 Repeatability,4800,4800,0,OK — EXATO,Treinos_16_17_Estilos,6,16–17,ATR / compatível com motor de fase,"50/100 estilos: A3, AN1, AN2, tolerância ao lactato, perna, contraste e transferência",Anaeróbio,"50/100 estilos: A3, AN1, AN2, tolerância ao lactato, perna, contraste e transferência",,AN2|AN1|A3|A1,Costas|Peito|Borboleta,,Braçadas|Perna,,8,READY_WHOLE|BLOCKS_EXACT,YES,"age=16–17;profile=50/100 estilos: A3, AN1, AN2, tolerância ao lactato, perna, contraste e transferência;type=Anaeróbio;zones=AN2|AN1|A3|A1;styles=Costas|Peito|Borboleta;skills=Braçadas|Perna","Sessão e blocos normalizados: pode usar integralmente ou recombinar blocos preservando objetivo, zona dominante, perfil, fase e regras RKF.",RKF_V5.0
RKF-16-17-EST-06,75 AN1 de estilo,4950,4950,0,OK — EXATO,Treinos_16_17_Estilos,7,16–17,ATR / compatível com motor de fase,"50/100 estilos: A3, AN1, AN2, tolerância ao lactato, perna, contraste e transferência",Anaeróbio,"50/100 estilos: A3, AN1, AN2, tolerância ao lactato, perna, contraste e transferência",,AN2|AN1|A3|A1,,,Perna,,8,READY_WHOLE|BLOCKS_EXACT,YES,"age=16–17;profile=50/100 estilos: A3, AN1, AN2, tolerância ao lactato, perna, contraste e transferência;type=Anaeróbio;zones=AN2|AN1|A3|A1;styles=NA;skills=Perna","Sessão e blocos normalizados: pode usar integralmente ou recombinar blocos preservando objetivo, zona dominante, perfil, fase e regras RKF.",RKF_V5.0
RKF-16-17-EST-07,AN1 estilo → livre → estilo,5000,5000,0,OK — EXATO,Treinos_16_17_Estilos,8,16–17,ATR / compatível com motor de fase,"50/100 estilos: A3, AN1, AN2, tolerância ao lactato, perna, contraste e transferência",Anaeróbio,"50/100 estilos: A3, AN1, AN2, tolerância ao lactato, perna, contraste e transferência",,AN2|AN1|A3|A2|A1,Livre/Crawl,,Perna,,8,READY_WHOLE|BLOCKS_EXACT,YES,"age=16–17;profile=50/100 estilos: A3, AN1, AN2, tolerância ao lactato, perna, contraste e transferência;type=Anaeróbio;zones=AN2|AN1|A3|A2|A1;styles=Livre/Crawl;skills=Perna","Sessão e blocos normalizados: pode usar integralmente ou recombinar blocos preservando objetivo, zona dominante, perfil, fase e regras RKF.",RKF_V5.0
RKF-16-17-EST-08,Broken 100 estilo,4800,4800,0,OK — EXATO,Treinos_16_17_Estilos,9,16–17,ATR / compatível com motor de fase,"50/100 estilos: A3, AN1, AN2, tolerância ao lactato, perna, contraste e transferência",Anaeróbio,"50/100 estilos: A3, AN1, AN2, tolerância ao lactato, perna, contraste e transferência",,AN2|AN1|A3|A1,,,Perna,,8,READY_WHOLE|BLOCKS_EXACT,YES,"age=16–17;profile=50/100 estilos: A3, AN1, AN2, tolerância ao lactato, perna, contraste e transferência;type=Anaeróbio;zones=AN2|AN1|A3|A1;styles=NA;skills=Perna","Sessão e blocos normalizados: pode usar integralmente ou recombinar blocos preservando objetivo, zona dominante, perfil, fase e regras RKF.",RKF_V5.0
RKF-16-17-EST-09,AN2 25,4400,4400,0,OK — EXATO,Treinos_16_17_Estilos,10,16–17,ATR / compatível com motor de fase,"50/100 estilos: A3, AN1, AN2, tolerância ao lactato, perna, contraste e transferência",Anaeróbio,"50/100 estilos: A3, AN1, AN2, tolerância ao lactato, perna, contraste e transferência",,AN2|AN1|A3|A1,,,Perna,,8,READY_WHOLE|BLOCKS_EXACT,YES,"age=16–17;profile=50/100 estilos: A3, AN1, AN2, tolerância ao lactato, perna, contraste e transferência;type=Anaeróbio;zones=AN2|AN1|A3|A1;styles=NA;skills=Perna","Sessão e blocos normalizados: pode usar integralmente ou recombinar blocos preservando objetivo, zona dominante, perfil, fase e regras RKF.",RKF_V5.0
RKF-16-17-EST-10,AN2 50 específico,4500,4500,0,OK — EXATO,Treinos_16_17_Estilos,11,16–17,ATR / compatível com motor de fase,"50/100 estilos: A3, AN1, AN2, tolerância ao lactato, perna, contraste e transferência",Anaeróbio,"50/100 estilos: A3, AN1, AN2, tolerância ao lactato, perna, contraste e transferência",,AN2|AN1|A3|A1,,,Perna,,9,READY_WHOLE|BLOCKS_EXACT,YES,"age=16–17;profile=50/100 estilos: A3, AN1, AN2, tolerância ao lactato, perna, contraste e transferência;type=Anaeróbio;zones=AN2|AN1|A3|A1;styles=NA;skills=Perna","Sessão e blocos normalizados: pode usar integralmente ou recombinar blocos preservando objetivo, zona dominante, perfil, fase e regras RKF.",RKF_V5.0
RKF-16-17-EST-11,50 + 25 AN2,4600,4600,0,OK — EXATO,Treinos_16_17_Estilos,12,16–17,ATR / compatível com motor de fase,"50/100 estilos: A3, AN1, AN2, tolerância ao lactato, perna, contraste e transferência",Anaeróbio,"50/100 estilos: A3, AN1, AN2, tolerância ao lactato, perna, contraste e transferência",,AN2|AN1|A3|A1,,,Perna,,9,READY_WHOLE|BLOCKS_EXACT,YES,"age=16–17;profile=50/100 estilos: A3, AN1, AN2, tolerância ao lactato, perna, contraste e transferência;type=Anaeróbio;zones=AN2|AN1|A3|A1;styles=NA;skills=Perna","Sessão e blocos normalizados: pode usar integralmente ou recombinar blocos preservando objetivo, zona dominante, perfil, fase e regras RKF.",RKF_V5.0
RKF-16-17-EST-12,25/25/25/25 Broken AN2,4600,4600,0,OK — EXATO,Treinos_16_17_Estilos,13,16–17,ATR / compatível com motor de fase,"50/100 estilos: A3, AN1, AN2, tolerância ao lactato, perna, contraste e transferência",Anaeróbio,"50/100 estilos: A3, AN1, AN2, tolerância ao lactato, perna, contraste e transferência",,AN2|AN1|A3|A1,,,Perna,,9,READY_WHOLE|BLOCKS_EXACT,YES,"age=16–17;profile=50/100 estilos: A3, AN1, AN2, tolerância ao lactato, perna, contraste e transferência;type=Anaeróbio;zones=AN2|AN1|A3|A1;styles=NA;skills=Perna","Sessão e blocos normalizados: pode usar integralmente ou recombinar blocos preservando objetivo, zona dominante, perfil, fase e regras RKF.",RKF_V5.0
RKF-16-17-EST-13,Kick AN1 → Swim AN1,5000,5000,0,OK — EXATO,Treinos_16_17_Estilos,14,16–17,ATR / compatível com motor de fase,"50/100 estilos: A3, AN1, AN2, tolerância ao lactato, perna, contraste e transferência",Anaeróbio,"50/100 estilos: A3, AN1, AN2, tolerância ao lactato, perna, contraste e transferência",,AN2|AN1|A3|A2|A1,Medley,,Perna,,8,READY_WHOLE|BLOCKS_EXACT,YES,"age=16–17;profile=50/100 estilos: A3, AN1, AN2, tolerância ao lactato, perna, contraste e transferência;type=Anaeróbio;zones=AN2|AN1|A3|A2|A1;styles=Medley;skills=Perna","Sessão e blocos normalizados: pode usar integralmente ou recombinar blocos preservando objetivo, zona dominante, perfil, fase e regras RKF.",RKF_V5.0
RKF-16-17-EST-14,Perna de especialidade,5200,5200,0,OK — EXATO,Treinos_16_17_Estilos,15,16–17,ATR / compatível com motor de fase,"50/100 estilos: A3, AN1, AN2, tolerância ao lactato, perna, contraste e transferência",Anaeróbio,"50/100 estilos: A3, AN1, AN2, tolerância ao lactato, perna, contraste e transferência",,AN2|AN1|A3|A2|A1,Livre/Crawl|Costas|Peito|Borboleta,,Perna,,8,READY_WHOLE|BLOCKS_EXACT,YES,"age=16–17;profile=50/100 estilos: A3, AN1, AN2, tolerância ao lactato, perna, contraste e transferência;type=Anaeróbio;zones=AN2|AN1|A3|A2|A1;styles=Livre/Crawl|Costas|Peito|Borboleta;skills=Perna","Sessão e blocos normalizados: pode usar integralmente ou recombinar blocos preservando objetivo, zona dominante, perfil, fase e regras RKF.",RKF_V5.0
RKF-16-17-EST-15,Kick AN2 → nado,4600,4600,0,OK — EXATO,Treinos_16_17_Estilos,16,16–17,ATR / compatível com motor de fase,"50/100 estilos: A3, AN1, AN2, tolerância ao lactato, perna, contraste e transferência",Anaeróbio,"50/100 estilos: A3, AN1, AN2, tolerância ao lactato, perna, contraste e transferência",,AN2|AN1|A3|A1,,,Perna,,9,READY_WHOLE|BLOCKS_EXACT,YES,"age=16–17;profile=50/100 estilos: A3, AN1, AN2, tolerância ao lactato, perna, contraste e transferência;type=Anaeróbio;zones=AN2|AN1|A3|A1;styles=NA;skills=Perna","Sessão e blocos normalizados: pode usar integralmente ou recombinar blocos preservando objetivo, zona dominante, perfil, fase e regras RKF.",RKF_V5.0
RKF-16-17-EST-16,Paraquedas → estilo limpo,4800,4800,0,OK — EXATO,Treinos_16_17_Estilos,17,16–17,ATR / compatível com motor de fase,"50/100 estilos: A3, AN1, AN2, tolerância ao lactato, perna, contraste e transferência",Anaeróbio,"50/100 estilos: A3, AN1, AN2, tolerância ao lactato, perna, contraste e transferência",,AN2|AN1|A3|A1,,Palmar pequeno|Paraquedas,Perna,,8,READY_WHOLE|BLOCKS_EXACT,YES,"age=16–17;profile=50/100 estilos: A3, AN1, AN2, tolerância ao lactato, perna, contraste e transferência;type=Anaeróbio;zones=AN2|AN1|A3|A1;styles=NA;skills=Perna","Sessão e blocos normalizados: pode usar integralmente ou recombinar blocos preservando objetivo, zona dominante, perfil, fase e regras RKF.",RKF_V5.0
RKF-16-17-EST-17,Palmar → estilo,5000,5000,0,OK — EXATO,Treinos_16_17_Estilos,18,16–17,ATR / compatível com motor de fase,"50/100 estilos: A3, AN1, AN2, tolerância ao lactato, perna, contraste e transferência",Anaeróbio,"50/100 estilos: A3, AN1, AN2, tolerância ao lactato, perna, contraste e transferência",,AN2|AN1|A3|A2|A1,,Palmar,Perna,,9,READY_WHOLE|BLOCKS_EXACT,YES,"age=16–17;profile=50/100 estilos: A3, AN1, AN2, tolerância ao lactato, perna, contraste e transferência;type=Anaeróbio;zones=AN2|AN1|A3|A2|A1;styles=NA;skills=Perna","Sessão e blocos normalizados: pode usar integralmente ou recombinar blocos preservando objetivo, zona dominante, perfil, fase e regras RKF.",RKF_V5.0
RKF-16-17-EST-18,Fins → Clean Stroke,5000,5000,0,OK — EXATO,Treinos_16_17_Estilos,19,16–17,ATR / compatível com motor de fase,"50/100 estilos: A3, AN1, AN2, tolerância ao lactato, perna, contraste e transferência",Anaeróbio,"50/100 estilos: A3, AN1, AN2, tolerância ao lactato, perna, contraste e transferência",,AN2|AN1|A3|A1,Costas|Borboleta,Pé de pato,Perna,,9,READY_WHOLE|BLOCKS_EXACT,YES,"age=16–17;profile=50/100 estilos: A3, AN1, AN2, tolerância ao lactato, perna, contraste e transferência;type=Anaeróbio;zones=AN2|AN1|A3|A1;styles=Costas|Borboleta;skills=Perna","Sessão e blocos normalizados: pode usar integralmente ou recombinar blocos preservando objetivo, zona dominante, perfil, fase e regras RKF.",RKF_V5.0
RKF-16-17-EST-19,Cascata completa,5000,5000,0,OK — EXATO,Treinos_16_17_Estilos,20,16–17,ATR / compatível com motor de fase,"50/100 estilos: A3, AN1, AN2, tolerância ao lactato, perna, contraste e transferência",Anaeróbio,"50/100 estilos: A3, AN1, AN2, tolerância ao lactato, perna, contraste e transferência",,AN2|AN1|A3|A1,,Palmar|Pé de pato|Paraquedas,Perna,,9,READY_WHOLE|BLOCKS_EXACT,YES,"age=16–17;profile=50/100 estilos: A3, AN1, AN2, tolerância ao lactato, perna, contraste e transferência;type=Anaeróbio;zones=AN2|AN1|A3|A1;styles=NA;skills=Perna","Sessão e blocos normalizados: pode usar integralmente ou recombinar blocos preservando objetivo, zona dominante, perfil, fase e regras RKF.",RKF_V5.0
RKF-16-17-EST-20,Contrast Mix 3 estilos,5200,5200,0,OK — EXATO,Treinos_16_17_Estilos,21,16–17,ATR / compatível com motor de fase,"50/100 estilos: A3, AN1, AN2, tolerância ao lactato, perna, contraste e transferência",Anaeróbio,"50/100 estilos: A3, AN1, AN2, tolerância ao lactato, perna, contraste e transferência",,AN2|AN1|A3|A2|A1,Costas|Peito|Borboleta,,Perna,,9,READY_WHOLE|BLOCKS_EXACT,YES,"age=16–17;profile=50/100 estilos: A3, AN1, AN2, tolerância ao lactato, perna, contraste e transferência;type=Anaeróbio;zones=AN2|AN1|A3|A2|A1;styles=Costas|Peito|Borboleta;skills=Perna","Sessão e blocos normalizados: pode usar integralmente ou recombinar blocos preservando objetivo, zona dominante, perfil, fase e regras RKF.",RKF_V5.0
RKF-16-17-EST-21,Fly/Back Speed Switch,5000,5000,0,OK — EXATO,Treinos_16_17_Estilos,22,16–17,ATR / compatível com motor de fase,"50/100 estilos: A3, AN1, AN2, tolerância ao lactato, perna, contraste e transferência",Anaeróbio,"50/100 estilos: A3, AN1, AN2, tolerância ao lactato, perna, contraste e transferência",,AN2|AN1|A3|A1,Costas|Borboleta,,Perna,,8,READY_WHOLE|BLOCKS_EXACT,YES,"age=16–17;profile=50/100 estilos: A3, AN1, AN2, tolerância ao lactato, perna, contraste e transferência;type=Anaeróbio;zones=AN2|AN1|A3|A1;styles=Costas|Borboleta;skills=Perna","Sessão e blocos normalizados: pode usar integralmente ou recombinar blocos preservando objetivo, zona dominante, perfil, fase e regras RKF.",RKF_V5.0
RKF-16-17-EST-22,Breaststroke Power,5000,5000,0,OK — EXATO,Treinos_16_17_Estilos,23,16–17,ATR / compatível com motor de fase,"50/100 estilos: A3, AN1, AN2, tolerância ao lactato, perna, contraste e transferência",Anaeróbio,"50/100 estilos: A3, AN1, AN2, tolerância ao lactato, perna, contraste e transferência",,AN2|AN1|A3|A2|A1,Peito,,Perna,,8,READY_WHOLE|BLOCKS_EXACT,YES,"age=16–17;profile=50/100 estilos: A3, AN1, AN2, tolerância ao lactato, perna, contraste e transferência;type=Anaeróbio;zones=AN2|AN1|A3|A2|A1;styles=Peito;skills=Perna","Sessão e blocos normalizados: pode usar integralmente ou recombinar blocos preservando objetivo, zona dominante, perfil, fase e regras RKF.",RKF_V5.0
RKF-16-17-EST-23,Butterfly Power,4800,4800,0,OK — EXATO,Treinos_16_17_Estilos,24,16–17,ATR / compatível com motor de fase,"50/100 estilos: A3, AN1, AN2, tolerância ao lactato, perna, contraste e transferência",Anaeróbio,"50/100 estilos: A3, AN1, AN2, tolerância ao lactato, perna, contraste e transferência",,AN2|AN1|A3|A2|A1,Livre/Crawl|Borboleta,,Submerso|Perna,,8,READY_WHOLE|BLOCKS_EXACT,YES,"age=16–17;profile=50/100 estilos: A3, AN1, AN2, tolerância ao lactato, perna, contraste e transferência;type=Anaeróbio;zones=AN2|AN1|A3|A2|A1;styles=Livre/Crawl|Borboleta;skills=Submerso|Perna","Sessão e blocos normalizados: pode usar integralmente ou recombinar blocos preservando objetivo, zona dominante, perfil, fase e regras RKF.",RKF_V5.0
RKF-16-17-EST-24,Backstroke Speed,5000,5000,0,OK — EXATO,Treinos_16_17_Estilos,25,16–17,ATR / compatível com motor de fase,"50/100 estilos: A3, AN1, AN2, tolerância ao lactato, perna, contraste e transferência",Anaeróbio,"50/100 estilos: A3, AN1, AN2, tolerância ao lactato, perna, contraste e transferência",,AN2|AN1|A3|A1,Costas,,Submerso|Breakout|Perna,,8,READY_WHOLE|BLOCKS_EXACT,YES,"age=16–17;profile=50/100 estilos: A3, AN1, AN2, tolerância ao lactato, perna, contraste e transferência;type=Anaeróbio;zones=AN2|AN1|A3|A1;styles=Costas;skills=Submerso|Breakout|Perna","Sessão e blocos normalizados: pode usar integralmente ou recombinar blocos preservando objetivo, zona dominante, perfil, fase e regras RKF.",RKF_V5.0
RKF-16-17-EST-25,First 25 / Last 25,4800,4800,0,OK — EXATO,Treinos_16_17_Estilos,26,16–17,ATR / compatível com motor de fase,"50/100 estilos: A3, AN1, AN2, tolerância ao lactato, perna, contraste e transferência",Anaeróbio,"50/100 estilos: A3, AN1, AN2, tolerância ao lactato, perna, contraste e transferência",,AN2|AN1|A3|A1,,,Perna,,8,READY_WHOLE|BLOCKS_EXACT,YES,"age=16–17;profile=50/100 estilos: A3, AN1, AN2, tolerância ao lactato, perna, contraste e transferência;type=Anaeróbio;zones=AN2|AN1|A3|A1;styles=NA;skills=Perna","Sessão e blocos normalizados: pode usar integralmente ou recombinar blocos preservando objetivo, zona dominante, perfil, fase e regras RKF.",RKF_V5.0
RKF-16-17-EST-26,100 Race Architecture,5000,5000,0,OK — EXATO,Treinos_16_17_Estilos,27,16–17,ATR / compatível com motor de fase,"50/100 estilos: A3, AN1, AN2, tolerância ao lactato, perna, contraste e transferência",Anaeróbio,"50/100 estilos: A3, AN1, AN2, tolerância ao lactato, perna, contraste e transferência",,AN2|AN1|A3|A1,,,Perna,,8,READY_WHOLE|BLOCKS_EXACT,YES,"age=16–17;profile=50/100 estilos: A3, AN1, AN2, tolerância ao lactato, perna, contraste e transferência;type=Anaeróbio;zones=AN2|AN1|A3|A1;styles=NA;skills=Perna","Sessão e blocos normalizados: pode usar integralmente ou recombinar blocos preservando objetivo, zona dominante, perfil, fase e regras RKF.",RKF_V5.0
RKF-16-17-EST-27,50 Race Quality,4600,4600,0,OK — EXATO,Treinos_16_17_Estilos,28,16–17,ATR / compatível com motor de fase,"50/100 estilos: A3, AN1, AN2, tolerância ao lactato, perna, contraste e transferência",Anaeróbio,"50/100 estilos: A3, AN1, AN2, tolerância ao lactato, perna, contraste e transferência",,AN2|AN1|A3|A1,,,Breakout|Perna,,9,READY_WHOLE|BLOCKS_EXACT,YES,"age=16–17;profile=50/100 estilos: A3, AN1, AN2, tolerância ao lactato, perna, contraste e transferência;type=Anaeróbio;zones=AN2|AN1|A3|A1;styles=NA;skills=Breakout|Perna","Sessão e blocos normalizados: pode usar integralmente ou recombinar blocos preservando objetivo, zona dominante, perfil, fase e regras RKF.",RKF_V5.0
RKF-16-17-EST-28,100 Style Lactate Tolerance,4800,4800,0,OK — EXATO,Treinos_16_17_Estilos,29,16–17,ATR / compatível com motor de fase,"50/100 estilos: A3, AN1, AN2, tolerância ao lactato, perna, contraste e transferência",Anaeróbio,"50/100 estilos: A3, AN1, AN2, tolerância ao lactato, perna, contraste e transferência",,AN2|AN1|A3|A1,,,Perna,,9,READY_WHOLE|BLOCKS_EXACT,YES,"age=16–17;profile=50/100 estilos: A3, AN1, AN2, tolerância ao lactato, perna, contraste e transferência;type=Anaeróbio;zones=AN2|AN1|A3|A1;styles=NA;skills=Perna","Sessão e blocos normalizados: pode usar integralmente ou recombinar blocos preservando objetivo, zona dominante, perfil, fase e regras RKF.",RKF_V5.0
RKF-16-17-EST-29,Style Sprint Contrast Challenge,5200,5200,0,OK — EXATO,Treinos_16_17_Estilos,30,16–17,ATR / compatível com motor de fase,"50/100 estilos: A3, AN1, AN2, tolerância ao lactato, perna, contraste e transferência",Velocidade,"50/100 estilos: A3, AN1, AN2, tolerância ao lactato, perna, contraste e transferência",,AN2|AN1|A3|A1,,Paraquedas,Perna,,10,READY_WHOLE|BLOCKS_EXACT,YES,"age=16–17;profile=50/100 estilos: A3, AN1, AN2, tolerância ao lactato, perna, contraste e transferência;type=Velocidade;zones=AN2|AN1|A3|A1;styles=NA;skills=Perna","Sessão e blocos normalizados: pode usar integralmente ou recombinar blocos preservando objetivo, zona dominante, perfil, fase e regras RKF.",RKF_V5.0
RKF-16-17-EST-30,RKF 50/100 Stroke Performance,5200,5200,0,OK — EXATO,Treinos_16_17_Estilos,31,16–17,ATR / compatível com motor de fase,"50/100 estilos: A3, AN1, AN2, tolerância ao lactato, perna, contraste e transferência",Anaeróbio,"50/100 estilos: A3, AN1, AN2, tolerância ao lactato, perna, contraste e transferência",,AN2|AN1|A3|A2|A1,Livre/Crawl,Palmar|Pé de pato|Paraquedas,Perna|Coordenação,,10,READY_WHOLE|BLOCKS_EXACT,YES,"age=16–17;profile=50/100 estilos: A3, AN1, AN2, tolerância ao lactato, perna, contraste e transferência;type=Anaeróbio;zones=AN2|AN1|A3|A2|A1;styles=Livre/Crawl;skills=Perna|Coordenação","Sessão e blocos normalizados: pode usar integralmente ou recombinar blocos preservando objetivo, zona dominante, perfil, fase e regras RKF.",RKF_V5.0
RKF-18+-FUN-01,Aerobic Power Foundation,8400,8400,0,OK — EXATO,Treinos_18_Mais_Fundo,2,18+,ATR / compatível com motor de fase,"Rendimento 18+ fundo: 400/800/1500 livre; densidade aeróbica, A2/A3, race pace, força, perna e velocidade sob fadiga",Técnica/Fundamentos,"Rendimento 18+ fundo: 400/800/1500 livre; densidade aeróbica, A2/A3, race pace, força, perna e velocidade sob fadiga",,A3|A2|A1,Livre/Crawl|Costas,Palmar,Scull|Braçadas|Perna,,7,READY_WHOLE|BLOCKS_EXACT,YES,"age=18+;profile=Rendimento 18+ fundo: 400/800/1500 livre; densidade aeróbica, A2/A3, race pace, força, perna e velocidade sob fadiga;type=Técnica/Fundamentos;zones=A3|A2|A1;styles=Livre/Crawl|Costas;skills=Scull|Braçadas|Perna","Sessão e blocos normalizados: pode usar integralmente ou recombinar blocos preservando objetivo, zona dominante, perfil, fase e regras RKF.",RKF_V5.0
RKF-18+-FUN-02,8×400 Aerobic Quality,8000,8000,0,OK — EXATO,Treinos_18_Mais_Fundo,3,18+,ATR / compatível com motor de fase,"Rendimento 18+ fundo: 400/800/1500 livre; densidade aeróbica, A2/A3, race pace, força, perna e velocidade sob fadiga",Técnica/Fundamentos,"Rendimento 18+ fundo: 400/800/1500 livre; densidade aeróbica, A2/A3, race pace, força, perna e velocidade sob fadiga",,A3|A2|A1,Livre/Crawl,Palmar,Braçadas|Perna,,8,READY_WHOLE|BLOCKS_EXACT,YES,"age=18+;profile=Rendimento 18+ fundo: 400/800/1500 livre; densidade aeróbica, A2/A3, race pace, força, perna e velocidade sob fadiga;type=Técnica/Fundamentos;zones=A3|A2|A1;styles=Livre/Crawl;skills=Braçadas|Perna","Sessão e blocos normalizados: pode usar integralmente ou recombinar blocos preservando objetivo, zona dominante, perfil, fase e regras RKF.",RKF_V5.0
RKF-18+-FUN-03,2×1500 + fechamento,8400,8400,0,OK — EXATO,Treinos_18_Mais_Fundo,4,18+,ATR / compatível com motor de fase,"Rendimento 18+ fundo: 400/800/1500 livre; densidade aeróbica, A2/A3, race pace, força, perna e velocidade sob fadiga",Técnica/Fundamentos,"Rendimento 18+ fundo: 400/800/1500 livre; densidade aeróbica, A2/A3, race pace, força, perna e velocidade sob fadiga",,A3|A2|A1,Livre/Crawl,,Perna,,9,READY_WHOLE|BLOCKS_EXACT,YES,"age=18+;profile=Rendimento 18+ fundo: 400/800/1500 livre; densidade aeróbica, A2/A3, race pace, força, perna e velocidade sob fadiga;type=Técnica/Fundamentos;zones=A3|A2|A1;styles=Livre/Crawl;skills=Perna","Sessão e blocos normalizados: pode usar integralmente ou recombinar blocos preservando objetivo, zona dominante, perfil, fase e regras RKF.",RKF_V5.0
RKF-18+-FUN-04,600/400/200 Progression,8400,8400,0,OK — EXATO,Treinos_18_Mais_Fundo,5,18+,ATR / compatível com motor de fase,"Rendimento 18+ fundo: 400/800/1500 livre; densidade aeróbica, A2/A3, race pace, força, perna e velocidade sob fadiga",Técnica/Fundamentos,"Rendimento 18+ fundo: 400/800/1500 livre; densidade aeróbica, A2/A3, race pace, força, perna e velocidade sob fadiga",,A3|A2|A1,Livre/Crawl,,Perna,,8,READY_WHOLE|BLOCKS_EXACT,YES,"age=18+;profile=Rendimento 18+ fundo: 400/800/1500 livre; densidade aeróbica, A2/A3, race pace, força, perna e velocidade sob fadiga;type=Técnica/Fundamentos;zones=A3|A2|A1;styles=Livre/Crawl;skills=Perna","Sessão e blocos normalizados: pode usar integralmente ou recombinar blocos preservando objetivo, zona dominante, perfil, fase e regras RKF.",RKF_V5.0
RKF-18+-FUN-05,100 Progression Master,8000,8000,0,OK — EXATO,Treinos_18_Mais_Fundo,6,18+,ATR / compatível com motor de fase,"Rendimento 18+ fundo: 400/800/1500 livre; densidade aeróbica, A2/A3, race pace, força, perna e velocidade sob fadiga",Técnica/Fundamentos,"Rendimento 18+ fundo: 400/800/1500 livre; densidade aeróbica, A2/A3, race pace, força, perna e velocidade sob fadiga",,A3|A2,Livre/Crawl,,Braçadas|Perna,,8,READY_WHOLE|BLOCKS_EXACT,YES,"age=18+;profile=Rendimento 18+ fundo: 400/800/1500 livre; densidade aeróbica, A2/A3, race pace, força, perna e velocidade sob fadiga;type=Técnica/Fundamentos;zones=A3|A2;styles=Livre/Crawl;skills=Braçadas|Perna","Sessão e blocos normalizados: pode usar integralmente ou recombinar blocos preservando objetivo, zona dominante, perfil, fase e regras RKF.",RKF_V5.0
RKF-18+-FUN-06,Aerobic Density 800s,8800,8800,0,OK — EXATO,Treinos_18_Mais_Fundo,7,18+,ATR / compatível com motor de fase,"Rendimento 18+ fundo: 400/800/1500 livre; densidade aeróbica, A2/A3, race pace, força, perna e velocidade sob fadiga",Técnica/Fundamentos,"Rendimento 18+ fundo: 400/800/1500 livre; densidade aeróbica, A2/A3, race pace, força, perna e velocidade sob fadiga",,A3|A2|A1,Livre/Crawl,,Perna,,8,READY_WHOLE|BLOCKS_EXACT,YES,"age=18+;profile=Rendimento 18+ fundo: 400/800/1500 livre; densidade aeróbica, A2/A3, race pace, força, perna e velocidade sob fadiga;type=Técnica/Fundamentos;zones=A3|A2|A1;styles=Livre/Crawl;skills=Perna","Sessão e blocos normalizados: pode usar integralmente ou recombinar blocos preservando objetivo, zona dominante, perfil, fase e regras RKF.",RKF_V5.0
RKF-18+-FUN-07,A2/A3 400–200–100,8200,8200,0,OK — EXATO,Treinos_18_Mais_Fundo,8,18+,ATR / compatível com motor de fase,"Rendimento 18+ fundo: 400/800/1500 livre; densidade aeróbica, A2/A3, race pace, força, perna e velocidade sob fadiga",Técnica/Fundamentos,"Rendimento 18+ fundo: 400/800/1500 livre; densidade aeróbica, A2/A3, race pace, força, perna e velocidade sob fadiga",,A3|A2|A1,Livre/Crawl,,Perna,,8,READY_WHOLE|BLOCKS_EXACT,YES,"age=18+;profile=Rendimento 18+ fundo: 400/800/1500 livre; densidade aeróbica, A2/A3, race pace, força, perna e velocidade sob fadiga;type=Técnica/Fundamentos;zones=A3|A2|A1;styles=Livre/Crawl;skills=Perna","Sessão e blocos normalizados: pode usar integralmente ou recombinar blocos preservando objetivo, zona dominante, perfil, fase e regras RKF.",RKF_V5.0
RKF-18+-FUN-08,Threshold 300s,8000,8000,0,OK — EXATO,Treinos_18_Mais_Fundo,9,18+,ATR / compatível com motor de fase,"Rendimento 18+ fundo: 400/800/1500 livre; densidade aeróbica, A2/A3, race pace, força, perna e velocidade sob fadiga",Técnica/Fundamentos,"Rendimento 18+ fundo: 400/800/1500 livre; densidade aeróbica, A2/A3, race pace, força, perna e velocidade sob fadiga",,A3|A2,Livre/Crawl,,Braçadas|Perna,,8,READY_WHOLE|BLOCKS_EXACT,YES,"age=18+;profile=Rendimento 18+ fundo: 400/800/1500 livre; densidade aeróbica, A2/A3, race pace, força, perna e velocidade sob fadiga;type=Técnica/Fundamentos;zones=A3|A2;styles=Livre/Crawl;skills=Braçadas|Perna","Sessão e blocos normalizados: pode usar integralmente ou recombinar blocos preservando objetivo, zona dominante, perfil, fase e regras RKF.",RKF_V5.0
RKF-18+-FUN-09,1500 Race-Pace Integration,8200,8200,0,OK — EXATO,Treinos_18_Mais_Fundo,10,18+,ATR / compatível com motor de fase,"Rendimento 18+ fundo: 400/800/1500 livre; densidade aeróbica, A2/A3, race pace, força, perna e velocidade sob fadiga",Técnica/Fundamentos,"Rendimento 18+ fundo: 400/800/1500 livre; densidade aeróbica, A2/A3, race pace, força, perna e velocidade sob fadiga",,A3|A2|A1,Livre/Crawl,,Perna,,8,READY_WHOLE|BLOCKS_EXACT,YES,"age=18+;profile=Rendimento 18+ fundo: 400/800/1500 livre; densidade aeróbica, A2/A3, race pace, força, perna e velocidade sob fadiga;type=Técnica/Fundamentos;zones=A3|A2|A1;styles=Livre/Crawl;skills=Perna","Sessão e blocos normalizados: pode usar integralmente ou recombinar blocos preservando objetivo, zona dominante, perfil, fase e regras RKF.",RKF_V5.0
RKF-18+-FUN-10,800 Race-Pace Endurance,8000,8000,0,OK — EXATO,Treinos_18_Mais_Fundo,11,18+,ATR / compatível com motor de fase,"Rendimento 18+ fundo: 400/800/1500 livre; densidade aeróbica, A2/A3, race pace, força, perna e velocidade sob fadiga",Técnica/Fundamentos,"Rendimento 18+ fundo: 400/800/1500 livre; densidade aeróbica, A2/A3, race pace, força, perna e velocidade sob fadiga",,A3|A2|A1,Livre/Crawl,,Perna,,8,READY_WHOLE|BLOCKS_EXACT,YES,"age=18+;profile=Rendimento 18+ fundo: 400/800/1500 livre; densidade aeróbica, A2/A3, race pace, força, perna e velocidade sob fadiga;type=Técnica/Fundamentos;zones=A3|A2|A1;styles=Livre/Crawl;skills=Perna","Sessão e blocos normalizados: pode usar integralmente ou recombinar blocos preservando objetivo, zona dominante, perfil, fase e regras RKF.",RKF_V5.0
RKF-18+-FUN-11,400/800 Mixed Race Pace,8000,8000,0,OK — EXATO,Treinos_18_Mais_Fundo,12,18+,ATR / compatível com motor de fase,"Rendimento 18+ fundo: 400/800/1500 livre; densidade aeróbica, A2/A3, race pace, força, perna e velocidade sob fadiga",Técnica/Fundamentos,"Rendimento 18+ fundo: 400/800/1500 livre; densidade aeróbica, A2/A3, race pace, força, perna e velocidade sob fadiga",,A3|A2,Livre/Crawl,,Perna,,8,READY_WHOLE|BLOCKS_EXACT,YES,"age=18+;profile=Rendimento 18+ fundo: 400/800/1500 livre; densidade aeróbica, A2/A3, race pace, força, perna e velocidade sob fadiga;type=Técnica/Fundamentos;zones=A3|A2;styles=Livre/Crawl;skills=Perna","Sessão e blocos normalizados: pode usar integralmente ou recombinar blocos preservando objetivo, zona dominante, perfil, fase e regras RKF.",RKF_V5.0
RKF-18+-FUN-12,Long Pull Strength,8400,8400,0,OK — EXATO,Treinos_18_Mais_Fundo,13,18+,ATR / compatível com motor de fase,"Rendimento 18+ fundo: 400/800/1500 livre; densidade aeróbica, A2/A3, race pace, força, perna e velocidade sob fadiga",Técnica/Fundamentos,"Rendimento 18+ fundo: 400/800/1500 livre; densidade aeróbica, A2/A3, race pace, força, perna e velocidade sob fadiga",,A3|A2,Livre/Crawl,Palmar,Perna,,8,READY_WHOLE|BLOCKS_EXACT,YES,"age=18+;profile=Rendimento 18+ fundo: 400/800/1500 livre; densidade aeróbica, A2/A3, race pace, força, perna e velocidade sob fadiga;type=Técnica/Fundamentos;zones=A3|A2;styles=Livre/Crawl;skills=Perna","Sessão e blocos normalizados: pode usar integralmente ou recombinar blocos preservando objetivo, zona dominante, perfil, fase e regras RKF.",RKF_V5.0
RKF-18+-FUN-13,Special Strength → Aerobic Transfer,8000,8000,0,OK — EXATO,Treinos_18_Mais_Fundo,14,18+,ATR / compatível com motor de fase,"Rendimento 18+ fundo: 400/800/1500 livre; densidade aeróbica, A2/A3, race pace, força, perna e velocidade sob fadiga",Técnica/Fundamentos,"Rendimento 18+ fundo: 400/800/1500 livre; densidade aeróbica, A2/A3, race pace, força, perna e velocidade sob fadiga",,A3|A2|A1,Livre/Crawl,Palmar|Camisa|Short,Perna,,8,READY_WHOLE|BLOCKS_EXACT,YES,"age=18+;profile=Rendimento 18+ fundo: 400/800/1500 livre; densidade aeróbica, A2/A3, race pace, força, perna e velocidade sob fadiga;type=Técnica/Fundamentos;zones=A3|A2|A1;styles=Livre/Crawl;skills=Perna","Sessão e blocos normalizados: pode usar integralmente ou recombinar blocos preservando objetivo, zona dominante, perfil, fase e regras RKF.",RKF_V5.0
RKF-18+-FUN-14,Kick Endurance for Distance,8000,8000,0,OK — EXATO,Treinos_18_Mais_Fundo,15,18+,ATR / compatível com motor de fase,"Rendimento 18+ fundo: 400/800/1500 livre; densidade aeróbica, A2/A3, race pace, força, perna e velocidade sob fadiga",Técnica/Fundamentos,"Rendimento 18+ fundo: 400/800/1500 livre; densidade aeróbica, A2/A3, race pace, força, perna e velocidade sob fadiga",,A3|A2,Livre/Crawl,,Perna,,8,READY_WHOLE|BLOCKS_EXACT,YES,"age=18+;profile=Rendimento 18+ fundo: 400/800/1500 livre; densidade aeróbica, A2/A3, race pace, força, perna e velocidade sob fadiga;type=Técnica/Fundamentos;zones=A3|A2;styles=Livre/Crawl;skills=Perna","Sessão e blocos normalizados: pode usar integralmente ou recombinar blocos preservando objetivo, zona dominante, perfil, fase e regras RKF.",RKF_V5.0
RKF-18+-FUN-15,Negative Split Distance,8400,8400,0,OK — EXATO,Treinos_18_Mais_Fundo,16,18+,ATR / compatível com motor de fase,"Rendimento 18+ fundo: 400/800/1500 livre; densidade aeróbica, A2/A3, race pace, força, perna e velocidade sob fadiga",Técnica/Fundamentos,"Rendimento 18+ fundo: 400/800/1500 livre; densidade aeróbica, A2/A3, race pace, força, perna e velocidade sob fadiga",,A3|A2,Livre/Crawl,,Perna,,8,READY_WHOLE|BLOCKS_EXACT,YES,"age=18+;profile=Rendimento 18+ fundo: 400/800/1500 livre; densidade aeróbica, A2/A3, race pace, força, perna e velocidade sob fadiga;type=Técnica/Fundamentos;zones=A3|A2;styles=Livre/Crawl;skills=Perna","Sessão e blocos normalizados: pode usar integralmente ou recombinar blocos preservando objetivo, zona dominante, perfil, fase e regras RKF.",RKF_V5.0
RKF-18+-FUN-16,1500 Broken Performance,8200,8200,0,OK — EXATO,Treinos_18_Mais_Fundo,17,18+,ATR / compatível com motor de fase,"Rendimento 18+ fundo: 400/800/1500 livre; densidade aeróbica, A2/A3, race pace, força, perna e velocidade sob fadiga",Técnica/Fundamentos,"Rendimento 18+ fundo: 400/800/1500 livre; densidade aeróbica, A2/A3, race pace, força, perna e velocidade sob fadiga",,A3|A2,Livre/Crawl,,Perna,,9,READY_WHOLE|BLOCKS_EXACT,YES,"age=18+;profile=Rendimento 18+ fundo: 400/800/1500 livre; densidade aeróbica, A2/A3, race pace, força, perna e velocidade sob fadiga;type=Técnica/Fundamentos;zones=A3|A2;styles=Livre/Crawl;skills=Perna","Sessão e blocos normalizados: pode usar integralmente ou recombinar blocos preservando objetivo, zona dominante, perfil, fase e regras RKF.",RKF_V5.0
RKF-18+-FUN-17,800 Broken + Speed Reserve,7800,7800,0,OK — EXATO,Treinos_18_Mais_Fundo,18,18+,ATR / compatível com motor de fase,"Rendimento 18+ fundo: 400/800/1500 livre; densidade aeróbica, A2/A3, race pace, força, perna e velocidade sob fadiga",Técnica/Fundamentos,"Rendimento 18+ fundo: 400/800/1500 livre; densidade aeróbica, A2/A3, race pace, força, perna e velocidade sob fadiga",,A3|A2,Livre/Crawl,,Perna,,9,READY_WHOLE|BLOCKS_EXACT,YES,"age=18+;profile=Rendimento 18+ fundo: 400/800/1500 livre; densidade aeróbica, A2/A3, race pace, força, perna e velocidade sob fadiga;type=Técnica/Fundamentos;zones=A3|A2;styles=Livre/Crawl;skills=Perna","Sessão e blocos normalizados: pode usar integralmente ou recombinar blocos preservando objetivo, zona dominante, perfil, fase e regras RKF.",RKF_V5.0
RKF-18+-FUN-18,A3 Under Fatigue,8000,8000,0,OK — EXATO,Treinos_18_Mais_Fundo,19,18+,ATR / compatível com motor de fase,"Rendimento 18+ fundo: 400/800/1500 livre; densidade aeróbica, A2/A3, race pace, força, perna e velocidade sob fadiga",Técnica/Fundamentos,"Rendimento 18+ fundo: 400/800/1500 livre; densidade aeróbica, A2/A3, race pace, força, perna e velocidade sob fadiga",,A3|A2,Livre/Crawl,,Perna,,8,READY_WHOLE|BLOCKS_EXACT,YES,"age=18+;profile=Rendimento 18+ fundo: 400/800/1500 livre; densidade aeróbica, A2/A3, race pace, força, perna e velocidade sob fadiga;type=Técnica/Fundamentos;zones=A3|A2;styles=Livre/Crawl;skills=Perna","Sessão e blocos normalizados: pode usar integralmente ou recombinar blocos preservando objetivo, zona dominante, perfil, fase e regras RKF.",RKF_V5.0
RKF-18+-FUN-19,1500 → 800 → 400 Velocity Ladder,8000,8000,0,OK — EXATO,Treinos_18_Mais_Fundo,20,18+,ATR / compatível com motor de fase,"Rendimento 18+ fundo: 400/800/1500 livre; densidade aeróbica, A2/A3, race pace, força, perna e velocidade sob fadiga",Técnica/Fundamentos,"Rendimento 18+ fundo: 400/800/1500 livre; densidade aeróbica, A2/A3, race pace, força, perna e velocidade sob fadiga",,A3|A2,Livre/Crawl,,Perna,,8,READY_WHOLE|BLOCKS_EXACT,YES,"age=18+;profile=Rendimento 18+ fundo: 400/800/1500 livre; densidade aeróbica, A2/A3, race pace, força, perna e velocidade sob fadiga;type=Técnica/Fundamentos;zones=A3|A2;styles=Livre/Crawl;skills=Perna","Sessão e blocos normalizados: pode usar integralmente ou recombinar blocos preservando objetivo, zona dominante, perfil, fase e regras RKF.",RKF_V5.0
RKF-18+-FUN-20,RKF Elite Distance Performance,9000,9000,0,OK — EXATO,Treinos_18_Mais_Fundo,21,18+,ATR / compatível com motor de fase,"Rendimento 18+ fundo: 400/800/1500 livre; densidade aeróbica, A2/A3, race pace, força, perna e velocidade sob fadiga",Técnica/Fundamentos,"Rendimento 18+ fundo: 400/800/1500 livre; densidade aeróbica, A2/A3, race pace, força, perna e velocidade sob fadiga",,A3|A2|A1,Livre/Crawl,Palmar,Scull|Braçadas|Perna,,10,READY_WHOLE|BLOCKS_EXACT,YES,"age=18+;profile=Rendimento 18+ fundo: 400/800/1500 livre; densidade aeróbica, A2/A3, race pace, força, perna e velocidade sob fadiga;type=Técnica/Fundamentos;zones=A3|A2|A1;styles=Livre/Crawl;skills=Scull|Braçadas|Perna","Sessão e blocos normalizados: pode usar integralmente ou recombinar blocos preservando objetivo, zona dominante, perfil, fase e regras RKF.",RKF_V5.0
RKF-18+-A1-01,Aerobic Engine 10K,10000,10000,0,OK — EXATO,Treinos_18_Mais_A1_Engine,2,18+,ATR / compatível com motor de fase,Aerobic Engine / Low Intensity High Volume + Fiber Recruitment Finish,Aeróbio,Aerobic Engine 10K,,A2|A1,Livre/Crawl|Costas,Palmar,Scull|Braçadas|Perna,,7,READY_WHOLE|BLOCKS_EXACT,YES,age=18+;profile=Aerobic Engine / Low Intensity High Volume + Fiber Recruitment Finish;type=Aeróbio;zones=A2|A1;styles=Livre/Crawl|Costas;skills=Scull|Braçadas|Perna,"Sessão e blocos normalizados: pode usar integralmente ou recombinar blocos preservando objetivo, zona dominante, perfil, fase e regras RKF.",RKF_V5.0
RKF-18+-A1-02,Long 1500 Aerobic,9000,9000,0,OK — EXATO,Treinos_18_Mais_A1_Engine,3,18+,ATR / compatível com motor de fase,Aerobic Engine / Low Intensity High Volume + Fiber Recruitment Finish,Aeróbio,Long 1500 Aerobic,,A2|A1,Livre/Crawl|Costas,Palmar,Perna,,7,READY_WHOLE|BLOCKS_EXACT,YES,age=18+;profile=Aerobic Engine / Low Intensity High Volume + Fiber Recruitment Finish;type=Aeróbio;zones=A2|A1;styles=Livre/Crawl|Costas;skills=Perna,"Sessão e blocos normalizados: pode usar integralmente ou recombinar blocos preservando objetivo, zona dominante, perfil, fase e regras RKF.",RKF_V5.0
RKF-18+-A1-03,1000s Economy,9200,9200,0,OK — EXATO,Treinos_18_Mais_A1_Engine,4,18+,ATR / compatível com motor de fase,Aerobic Engine / Low Intensity High Volume + Fiber Recruitment Finish,Misto,1000s Economy,,A1,,Palmar,Braçadas|Perna,,7,READY_WHOLE|BLOCKS_EXACT,YES,age=18+;profile=Aerobic Engine / Low Intensity High Volume + Fiber Recruitment Finish;type=Misto;zones=A1;styles=NA;skills=Braçadas|Perna,"Sessão e blocos normalizados: pode usar integralmente ou recombinar blocos preservando objetivo, zona dominante, perfil, fase e regras RKF.",RKF_V5.0
RKF-18+-A1-04,800 Aerobic Rhythm,8800,8800,0,OK — EXATO,Treinos_18_Mais_A1_Engine,5,18+,ATR / compatível com motor de fase,Aerobic Engine / Low Intensity High Volume + Fiber Recruitment Finish,Aeróbio,800 Aerobic Rhythm,,A1,,,Perna,,7,READY_WHOLE|BLOCKS_EXACT,YES,age=18+;profile=Aerobic Engine / Low Intensity High Volume + Fiber Recruitment Finish;type=Aeróbio;zones=A1;styles=NA;skills=Perna,"Sessão e blocos normalizados: pode usar integralmente ou recombinar blocos preservando objetivo, zona dominante, perfil, fase e regras RKF.",RKF_V5.0
RKF-18+-A1-05,400 Aerobic Engine,10000,10000,0,OK — EXATO,Treinos_18_Mais_A1_Engine,6,18+,ATR / compatível com motor de fase,Aerobic Engine / Low Intensity High Volume + Fiber Recruitment Finish,Aeróbio,400 Aerobic Engine,,A2|A1,,,Braçadas|Perna,,6,READY_WHOLE|BLOCKS_EXACT,YES,age=18+;profile=Aerobic Engine / Low Intensity High Volume + Fiber Recruitment Finish;type=Aeróbio;zones=A2|A1;styles=NA;skills=Braçadas|Perna,"Sessão e blocos normalizados: pode usar integralmente ou recombinar blocos preservando objetivo, zona dominante, perfil, fase e regras RKF.",RKF_V5.0
RKF-18+-A1-06,Long Continuous Variability,9000,9000,0,OK — EXATO,Treinos_18_Mais_A1_Engine,7,18+,ATR / compatível com motor de fase,Aerobic Engine / Low Intensity High Volume + Fiber Recruitment Finish,Misto,Long Continuous Variability,,A2|A1,Livre/Crawl|Costas,,Braçadas|Perna,,6,READY_WHOLE|BLOCKS_EXACT,YES,age=18+;profile=Aerobic Engine / Low Intensity High Volume + Fiber Recruitment Finish;type=Misto;zones=A2|A1;styles=Livre/Crawl|Costas;skills=Braçadas|Perna,"Sessão e blocos normalizados: pode usar integralmente ou recombinar blocos preservando objetivo, zona dominante, perfil, fase e regras RKF.",RKF_V5.0
RKF-18+-A1-07,Aerobic Ladder,8800,8800,0,OK — EXATO,Treinos_18_Mais_A1_Engine,8,18+,ATR / compatível com motor de fase,Aerobic Engine / Low Intensity High Volume + Fiber Recruitment Finish,Aeróbio,Aerobic Ladder,,A2|A1,,,Perna,,7,READY_WHOLE|BLOCKS_EXACT,YES,age=18+;profile=Aerobic Engine / Low Intensity High Volume + Fiber Recruitment Finish;type=Aeróbio;zones=A2|A1;styles=NA;skills=Perna,"Sessão e blocos normalizados: pode usar integralmente ou recombinar blocos preservando objetivo, zona dominante, perfil, fase e regras RKF.",RKF_V5.0
RKF-18+-A1-08,Pull Aerobic Engine,9000,9000,0,OK — EXATO,Treinos_18_Mais_A1_Engine,9,18+,ATR / compatível com motor de fase,Aerobic Engine / Low Intensity High Volume + Fiber Recruitment Finish,Aeróbio,Pull Aerobic Engine,,A2|A1,,Palmar,Perna,,6,READY_WHOLE|BLOCKS_EXACT,YES,age=18+;profile=Aerobic Engine / Low Intensity High Volume + Fiber Recruitment Finish;type=Aeróbio;zones=A2|A1;styles=NA;skills=Perna,"Sessão e blocos normalizados: pode usar integralmente ou recombinar blocos preservando objetivo, zona dominante, perfil, fase e regras RKF.",RKF_V5.0
RKF-18+-A1-09,Kick Aerobic Engine,8400,8400,0,OK — EXATO,Treinos_18_Mais_A1_Engine,10,18+,ATR / compatível com motor de fase,Aerobic Engine / Low Intensity High Volume + Fiber Recruitment Finish,Aeróbio,Kick Aerobic Engine,,A2|A1,Livre/Crawl|Costas,,Perna,,6,READY_WHOLE|BLOCKS_EXACT,YES,age=18+;profile=Aerobic Engine / Low Intensity High Volume + Fiber Recruitment Finish;type=Aeróbio;zones=A2|A1;styles=Livre/Crawl|Costas;skills=Perna,"Sessão e blocos normalizados: pode usar integralmente ou recombinar blocos preservando objetivo, zona dominante, perfil, fase e regras RKF.",RKF_V5.0
RKF-18+-A1-10,200 Aerobic Control,8800,8800,0,OK — EXATO,Treinos_18_Mais_A1_Engine,11,18+,ATR / compatível com motor de fase,Aerobic Engine / Low Intensity High Volume + Fiber Recruitment Finish,Aeróbio,200 Aerobic Control,,A2|A1,,,Braçadas|Perna,,7,READY_WHOLE|BLOCKS_EXACT,YES,age=18+;profile=Aerobic Engine / Low Intensity High Volume + Fiber Recruitment Finish;type=Aeróbio;zones=A2|A1;styles=NA;skills=Braçadas|Perna,"Sessão e blocos normalizados: pode usar integralmente ou recombinar blocos preservando objetivo, zona dominante, perfil, fase e regras RKF.",RKF_V5.0
RKF-18+-A1-11,100 Aerobic Precision,8000,8000,0,OK — EXATO,Treinos_18_Mais_A1_Engine,12,18+,ATR / compatível com motor de fase,Aerobic Engine / Low Intensity High Volume + Fiber Recruitment Finish,Aeróbio,100 Aerobic Precision,,A2|A1,,,Perna,,6,READY_WHOLE|BLOCKS_EXACT,YES,age=18+;profile=Aerobic Engine / Low Intensity High Volume + Fiber Recruitment Finish;type=Aeróbio;zones=A2|A1;styles=NA;skills=Perna,"Sessão e blocos normalizados: pode usar integralmente ou recombinar blocos preservando objetivo, zona dominante, perfil, fase e regras RKF.",RKF_V5.0
RKF-18+-A1-12,Mixed Stroke Aerobic,8400,8400,0,OK — EXATO,Treinos_18_Mais_A1_Engine,13,18+,ATR / compatível com motor de fase,Aerobic Engine / Low Intensity High Volume + Fiber Recruitment Finish,Aeróbio,Mixed Stroke Aerobic,,A2|A1,Livre/Crawl|Costas|Peito|Borboleta,,Perna,,6,READY_WHOLE|BLOCKS_EXACT,YES,age=18+;profile=Aerobic Engine / Low Intensity High Volume + Fiber Recruitment Finish;type=Aeróbio;zones=A2|A1;styles=Livre/Crawl|Costas|Peito|Borboleta;skills=Perna,"Sessão e blocos normalizados: pode usar integralmente ou recombinar blocos preservando objetivo, zona dominante, perfil, fase e regras RKF.",RKF_V5.0
RKF-18+-A1-13,Recovery Volume 8K,8000,8000,0,OK — EXATO,Treinos_18_Mais_A1_Engine,14,18+,ATR / compatível com motor de fase,Aerobic Engine / Low Intensity High Volume + Fiber Recruitment Finish,Misto,Recovery Volume 8K,,A2|A1,,,Perna,,7,READY_WHOLE|BLOCKS_EXACT,YES,age=18+;profile=Aerobic Engine / Low Intensity High Volume + Fiber Recruitment Finish;type=Misto;zones=A2|A1;styles=NA;skills=Perna,"Sessão e blocos normalizados: pode usar integralmente ou recombinar blocos preservando objetivo, zona dominante, perfil, fase e regras RKF.",RKF_V5.0
RKF-18+-A1-14,Long Aerobic 3×2000,9600,9600,0,OK — EXATO,Treinos_18_Mais_A1_Engine,15,18+,ATR / compatível com motor de fase,Aerobic Engine / Low Intensity High Volume + Fiber Recruitment Finish,Aeróbio,Long Aerobic 3×2000,,A2|A1,,,Braçadas|Perna,,7,READY_WHOLE|BLOCKS_EXACT,YES,age=18+;profile=Aerobic Engine / Low Intensity High Volume + Fiber Recruitment Finish;type=Aeróbio;zones=A2|A1;styles=NA;skills=Braçadas|Perna,"Sessão e blocos normalizados: pode usar integralmente ou recombinar blocos preservando objetivo, zona dominante, perfil, fase e regras RKF.",RKF_V5.0
RKF-18+-A1-15,Aerobic Pyramid,9200,9200,0,OK — EXATO,Treinos_18_Mais_A1_Engine,16,18+,ATR / compatível com motor de fase,Aerobic Engine / Low Intensity High Volume + Fiber Recruitment Finish,Aeróbio,Aerobic Pyramid,,A2|A1,,,Perna,,7,READY_WHOLE|BLOCKS_EXACT,YES,age=18+;profile=Aerobic Engine / Low Intensity High Volume + Fiber Recruitment Finish;type=Aeróbio;zones=A2|A1;styles=NA;skills=Perna,"Sessão e blocos normalizados: pode usar integralmente ou recombinar blocos preservando objetivo, zona dominante, perfil, fase e regras RKF.",RKF_V5.0
RKF-18+-A1-16,Aerobic Strength Low Cost,8800,8800,0,OK — EXATO,Treinos_18_Mais_A1_Engine,17,18+,ATR / compatível com motor de fase,Aerobic Engine / Low Intensity High Volume + Fiber Recruitment Finish,Aeróbio,Aerobic Strength Low Cost,,A2|A1,,Palmar,Perna,,7,READY_WHOLE|BLOCKS_EXACT,YES,age=18+;profile=Aerobic Engine / Low Intensity High Volume + Fiber Recruitment Finish;type=Aeróbio;zones=A2|A1;styles=NA;skills=Perna,"Sessão e blocos normalizados: pode usar integralmente ou recombinar blocos preservando objetivo, zona dominante, perfil, fase e regras RKF.",RKF_V5.0
RKF-18+-A1-17,1500 + 1000 + 500,9000,9000,0,OK — EXATO,Treinos_18_Mais_A1_Engine,18,18+,ATR / compatível com motor de fase,Aerobic Engine / Low Intensity High Volume + Fiber Recruitment Finish,Misto,1500 + 1000 + 500,,A3|A2|A1,,,Perna,,7,READY_WHOLE|BLOCKS_EXACT,YES,age=18+;profile=Aerobic Engine / Low Intensity High Volume + Fiber Recruitment Finish;type=Misto;zones=A3|A2|A1;styles=NA;skills=Perna,"Sessão e blocos normalizados: pode usar integralmente ou recombinar blocos preservando objetivo, zona dominante, perfil, fase e regras RKF.",RKF_V5.0
RKF-18+-A1-18,Aerobic Change of Gear,8400,8400,0,OK — EXATO,Treinos_18_Mais_A1_Engine,19,18+,ATR / compatível com motor de fase,Aerobic Engine / Low Intensity High Volume + Fiber Recruitment Finish,Aeróbio,Aerobic Change of Gear,,A2|A1,,,Perna,,7,READY_WHOLE|BLOCKS_EXACT,YES,age=18+;profile=Aerobic Engine / Low Intensity High Volume + Fiber Recruitment Finish;type=Aeróbio;zones=A2|A1;styles=NA;skills=Perna,"Sessão e blocos normalizados: pode usar integralmente ou recombinar blocos preservando objetivo, zona dominante, perfil, fase e regras RKF.",RKF_V5.0
RKF-18+-A1-19,Aerobic Marathon,10000,10000,0,OK — EXATO,Treinos_18_Mais_A1_Engine,20,18+,ATR / compatível com motor de fase,Aerobic Engine / Low Intensity High Volume + Fiber Recruitment Finish,Aeróbio,Aerobic Marathon,,A2|A1,,,Braçadas|Perna,,7,READY_WHOLE|BLOCKS_EXACT,YES,age=18+;profile=Aerobic Engine / Low Intensity High Volume + Fiber Recruitment Finish;type=Aeróbio;zones=A2|A1;styles=NA;skills=Braçadas|Perna,"Sessão e blocos normalizados: pode usar integralmente ou recombinar blocos preservando objetivo, zona dominante, perfil, fase e regras RKF.",RKF_V5.0
RKF-18+-A1-20,RKF Elite Aerobic Engine,10000,10000,0,OK — EXATO,Treinos_18_Mais_A1_Engine,21,18+,ATR / compatível com motor de fase,Aerobic Engine / Low Intensity High Volume + Fiber Recruitment Finish,Aeróbio,RKF Elite Aerobic Engine,,A3|A2|A1,Livre/Crawl|Costas,Palmar,Scull|Braçadas|Perna,,8,READY_WHOLE|BLOCKS_EXACT,YES,age=18+;profile=Aerobic Engine / Low Intensity High Volume + Fiber Recruitment Finish;type=Aeróbio;zones=A3|A2|A1;styles=Livre/Crawl|Costas;skills=Scull|Braçadas|Perna,"Sessão e blocos normalizados: pode usar integralmente ou recombinar blocos preservando objetivo, zona dominante, perfil, fase e regras RKF.",RKF_V5.0
RKF-18+-MF-01,Progressão 100 + AN1,6400,6400,0,OK — EXATO,Treinos_18_Mais_MeioFundo,2,18+,ATR / compatível com motor de fase,"Rendimento 18+ meio-fundo: 200/400 livre, 200/400 IM, 200 borbo/costas/peito",Técnica/Fundamentos,Progressão 100 + AN1,,AN1|A3|A2|A1,Livre/Crawl|Costas|Medley,Palmar,Braçadas,,8,READY_WHOLE|BLOCKS_EXACT,YES,"age=18+;profile=Rendimento 18+ meio-fundo: 200/400 livre, 200/400 IM, 200 borbo/costas/peito;type=Técnica/Fundamentos;zones=AN1|A3|A2|A1;styles=Livre/Crawl|Costas|Medley;skills=Braçadas","Sessão e blocos normalizados: pode usar integralmente ou recombinar blocos preservando objetivo, zona dominante, perfil, fase e regras RKF.",RKF_V5.0
RKF-18+-MF-02,A1 / A3 / AN1 / máximo,5900,5900,0,OK — EXATO,Treinos_18_Mais_MeioFundo,3,18+,ATR / compatível com motor de fase,"Rendimento 18+ meio-fundo: 200/400 livre, 200/400 IM, 200 borbo/costas/peito",Técnica/Fundamentos,A1 / A3 / AN1 / máximo,,AN1|A3|A2|A1,Livre/Crawl|Costas,Palmar,,,8,READY_WHOLE|BLOCKS_EXACT,YES,"age=18+;profile=Rendimento 18+ meio-fundo: 200/400 livre, 200/400 IM, 200 borbo/costas/peito;type=Técnica/Fundamentos;zones=AN1|A3|A2|A1;styles=Livre/Crawl|Costas;skills=NA","Sessão e blocos normalizados: pode usar integralmente ou recombinar blocos preservando objetivo, zona dominante, perfil, fase e regras RKF.",RKF_V5.0
RKF-18+-MF-03,200→150→100→50,6400,6400,0,OK — EXATO,Treinos_18_Mais_MeioFundo,4,18+,ATR / compatível com motor de fase,"Rendimento 18+ meio-fundo: 200/400 livre, 200/400 IM, 200 borbo/costas/peito",Técnica/Fundamentos,200→150→100→50,,AN1|A3|A2|A1,Livre/Crawl|Costas,Palmar,Scull,,8,READY_WHOLE|BLOCKS_EXACT,YES,"age=18+;profile=Rendimento 18+ meio-fundo: 200/400 livre, 200/400 IM, 200 borbo/costas/peito;type=Técnica/Fundamentos;zones=AN1|A3|A2|A1;styles=Livre/Crawl|Costas;skills=Scull","Sessão e blocos normalizados: pode usar integralmente ou recombinar blocos preservando objetivo, zona dominante, perfil, fase e regras RKF.",RKF_V5.0
RKF-18+-MF-04,Compressão 300→200→100,6100,6100,0,OK — EXATO,Treinos_18_Mais_MeioFundo,5,18+,ATR / compatível com motor de fase,"Rendimento 18+ meio-fundo: 200/400 livre, 200/400 IM, 200 borbo/costas/peito",Técnica/Fundamentos,Compressão 300→200→100,,AN1|A3|A2|A1,Livre/Crawl,Palmar,,,8,READY_WHOLE|BLOCKS_EXACT,YES,"age=18+;profile=Rendimento 18+ meio-fundo: 200/400 livre, 200/400 IM, 200 borbo/costas/peito;type=Técnica/Fundamentos;zones=AN1|A3|A2|A1;styles=Livre/Crawl;skills=NA","Sessão e blocos normalizados: pode usar integralmente ou recombinar blocos preservando objetivo, zona dominante, perfil, fase e regras RKF.",RKF_V5.0
RKF-18+-MF-05,Broken 200 progressivo,5800,5800,0,OK — EXATO,Treinos_18_Mais_MeioFundo,6,18+,ATR / compatível com motor de fase,"Rendimento 18+ meio-fundo: 200/400 livre, 200/400 IM, 200 borbo/costas/peito",Técnica/Fundamentos,Broken 200 progressivo,,AN1|A3|A2|A1,Livre/Crawl,Palmar,Perna,,8,READY_WHOLE|BLOCKS_EXACT,YES,"age=18+;profile=Rendimento 18+ meio-fundo: 200/400 livre, 200/400 IM, 200 borbo/costas/peito;type=Técnica/Fundamentos;zones=AN1|A3|A2|A1;styles=Livre/Crawl;skills=Perna","Sessão e blocos normalizados: pode usar integralmente ou recombinar blocos preservando objetivo, zona dominante, perfil, fase e regras RKF.",RKF_V5.0
RKF-18+-MF-06,A3 acumulativo,6400,6400,0,OK — EXATO,Treinos_18_Mais_MeioFundo,7,18+,ATR / compatível com motor de fase,"Rendimento 18+ meio-fundo: 200/400 livre, 200/400 IM, 200 borbo/costas/peito",Técnica/Fundamentos,A3 acumulativo,,AN1|A3|A1,,,Perna,,8,READY_WHOLE|BLOCKS_EXACT,YES,"age=18+;profile=Rendimento 18+ meio-fundo: 200/400 livre, 200/400 IM, 200 borbo/costas/peito;type=Técnica/Fundamentos;zones=AN1|A3|A1;styles=NA;skills=Perna","Sessão e blocos normalizados: pode usar integralmente ou recombinar blocos preservando objetivo, zona dominante, perfil, fase e regras RKF.",RKF_V5.0
RKF-18+-MF-07,Perna→nado→AN1,5900,5900,0,OK — EXATO,Treinos_18_Mais_MeioFundo,8,18+,ATR / compatível com motor de fase,"Rendimento 18+ meio-fundo: 200/400 livre, 200/400 IM, 200 borbo/costas/peito",Técnica/Fundamentos,Perna→nado→AN1,,AN1|A3|A1,,,Perna,,8,READY_WHOLE|BLOCKS_EXACT,YES,"age=18+;profile=Rendimento 18+ meio-fundo: 200/400 livre, 200/400 IM, 200 borbo/costas/peito;type=Técnica/Fundamentos;zones=AN1|A3|A1;styles=NA;skills=Perna","Sessão e blocos normalizados: pode usar integralmente ou recombinar blocos preservando objetivo, zona dominante, perfil, fase e regras RKF.",RKF_V5.0
RKF-18+-MF-08,Perna curta / nado rápido,5900,5900,0,OK — EXATO,Treinos_18_Mais_MeioFundo,9,18+,ATR / compatível com motor de fase,"Rendimento 18+ meio-fundo: 200/400 livre, 200/400 IM, 200 borbo/costas/peito",Técnica/Fundamentos,Perna curta / nado rápido,,AN1|A3|A2|A1,,,Perna,,8,READY_WHOLE|BLOCKS_EXACT,YES,"age=18+;profile=Rendimento 18+ meio-fundo: 200/400 livre, 200/400 IM, 200 borbo/costas/peito;type=Técnica/Fundamentos;zones=AN1|A3|A2|A1;styles=NA;skills=Perna","Sessão e blocos normalizados: pode usar integralmente ou recombinar blocos preservando objetivo, zona dominante, perfil, fase e regras RKF.",RKF_V5.0
RKF-18+-MF-09,150 progressivo / 100 forte / 50 AN1,6400,6400,0,OK — EXATO,Treinos_18_Mais_MeioFundo,10,18+,ATR / compatível com motor de fase,"Rendimento 18+ meio-fundo: 200/400 livre, 200/400 IM, 200 borbo/costas/peito",Técnica/Fundamentos,150 progressivo / 100 forte / 50 AN1,,AN1|A3|A2|A1,,,Perna,,8,READY_WHOLE|BLOCKS_EXACT,YES,"age=18+;profile=Rendimento 18+ meio-fundo: 200/400 livre, 200/400 IM, 200 borbo/costas/peito;type=Técnica/Fundamentos;zones=AN1|A3|A2|A1;styles=NA;skills=Perna","Sessão e blocos normalizados: pode usar integralmente ou recombinar blocos preservando objetivo, zona dominante, perfil, fase e regras RKF.",RKF_V5.0
RKF-18+-MF-10,400 IM Change of Gear,6600,6600,0,OK — EXATO,Treinos_18_Mais_MeioFundo,11,18+,ATR / compatível com motor de fase,"Rendimento 18+ meio-fundo: 200/400 livre, 200/400 IM, 200 borbo/costas/peito",Técnica/Fundamentos,400 IM Change of Gear,,A3|A1,Livre/Crawl|Borboleta|Medley,,Perna,,8,READY_WHOLE|BLOCKS_EXACT,YES,"age=18+;profile=Rendimento 18+ meio-fundo: 200/400 livre, 200/400 IM, 200 borbo/costas/peito;type=Técnica/Fundamentos;zones=A3|A1;styles=Livre/Crawl|Borboleta|Medley;skills=Perna","Sessão e blocos normalizados: pode usar integralmente ou recombinar blocos preservando objetivo, zona dominante, perfil, fase e regras RKF.",RKF_V5.0
RKF-18+-MF-11,Pirâmide 50/100/150/200,6200,6200,0,OK — EXATO,Treinos_18_Mais_MeioFundo,12,18+,ATR / compatível com motor de fase,"Rendimento 18+ meio-fundo: 200/400 livre, 200/400 IM, 200 borbo/costas/peito",Técnica/Fundamentos,Pirâmide 50/100/150/200,,AN1|A3|A1,,,Perna,,8,READY_WHOLE|BLOCKS_EXACT,YES,"age=18+;profile=Rendimento 18+ meio-fundo: 200/400 livre, 200/400 IM, 200 borbo/costas/peito;type=Técnica/Fundamentos;zones=AN1|A3|A1;styles=NA;skills=Perna","Sessão e blocos normalizados: pode usar integralmente ou recombinar blocos preservando objetivo, zona dominante, perfil, fase e regras RKF.",RKF_V5.0
RKF-18+-MF-12,Força 25→transferência 75,5800,5800,0,OK — EXATO,Treinos_18_Mais_MeioFundo,13,18+,ATR / compatível com motor de fase,"Rendimento 18+ meio-fundo: 200/400 livre, 200/400 IM, 200 borbo/costas/peito",Técnica/Fundamentos,Força 25→transferência 75,,A1,,,Perna,,8,READY_WHOLE|BLOCKS_EXACT,YES,"age=18+;profile=Rendimento 18+ meio-fundo: 200/400 livre, 200/400 IM, 200 borbo/costas/peito;type=Técnica/Fundamentos;zones=A1;styles=NA;skills=Perna","Sessão e blocos normalizados: pode usar integralmente ou recombinar blocos preservando objetivo, zona dominante, perfil, fase e regras RKF.",RKF_V5.0
RKF-18+-MF-13,Cascata de material,6000,6000,0,OK — EXATO,Treinos_18_Mais_MeioFundo,14,18+,ATR / compatível com motor de fase,"Rendimento 18+ meio-fundo: 200/400 livre, 200/400 IM, 200 borbo/costas/peito",Técnica/Fundamentos,Cascata de material,,AN1|A3|A1,,Palmar,Perna,,8,READY_WHOLE|BLOCKS_EXACT,YES,"age=18+;profile=Rendimento 18+ meio-fundo: 200/400 livre, 200/400 IM, 200 borbo/costas/peito;type=Técnica/Fundamentos;zones=AN1|A3|A1;styles=NA;skills=Perna","Sessão e blocos normalizados: pode usar integralmente ou recombinar blocos preservando objetivo, zona dominante, perfil, fase e regras RKF.",RKF_V5.0
RKF-18+-MF-14,200 Borboleta qualidade fragmentada,6300,6300,0,OK — EXATO,Treinos_18_Mais_MeioFundo,15,18+,ATR / compatível com motor de fase,"Rendimento 18+ meio-fundo: 200/400 livre, 200/400 IM, 200 borbo/costas/peito",Técnica/Fundamentos,200 Borboleta qualidade fragmentada,,AN1|A3|A1,Livre/Crawl|Borboleta,,Submerso,,8,READY_WHOLE|BLOCKS_EXACT,YES,"age=18+;profile=Rendimento 18+ meio-fundo: 200/400 livre, 200/400 IM, 200 borbo/costas/peito;type=Técnica/Fundamentos;zones=AN1|A3|A1;styles=Livre/Crawl|Borboleta;skills=Submerso","Sessão e blocos normalizados: pode usar integralmente ou recombinar blocos preservando objetivo, zona dominante, perfil, fase e regras RKF.",RKF_V5.0
RKF-18+-MF-15,200 Costas: breakout + A3,6400,6400,0,OK — EXATO,Treinos_18_Mais_MeioFundo,16,18+,ATR / compatível com motor de fase,"Rendimento 18+ meio-fundo: 200/400 livre, 200/400 IM, 200 borbo/costas/peito",Técnica/Fundamentos,200 Costas: breakout + A3,,AN1|A3|A1,Livre/Crawl|Costas,,Breakout|Perna,,8,READY_WHOLE|BLOCKS_EXACT,YES,"age=18+;profile=Rendimento 18+ meio-fundo: 200/400 livre, 200/400 IM, 200 borbo/costas/peito;type=Técnica/Fundamentos;zones=AN1|A3|A1;styles=Livre/Crawl|Costas;skills=Breakout|Perna","Sessão e blocos normalizados: pode usar integralmente ou recombinar blocos preservando objetivo, zona dominante, perfil, fase e regras RKF.",RKF_V5.0
RKF-18+-MF-16,200 Peito: potência e timing,6400,6400,0,OK — EXATO,Treinos_18_Mais_MeioFundo,17,18+,ATR / compatível com motor de fase,"Rendimento 18+ meio-fundo: 200/400 livre, 200/400 IM, 200 borbo/costas/peito",Técnica/Fundamentos,200 Peito: potência e timing,,AN1|A3|A1,Livre/Crawl|Peito,,Perna,,8,READY_WHOLE|BLOCKS_EXACT,YES,"age=18+;profile=Rendimento 18+ meio-fundo: 200/400 livre, 200/400 IM, 200 borbo/costas/peito;type=Técnica/Fundamentos;zones=AN1|A3|A1;styles=Livre/Crawl|Peito;skills=Perna","Sessão e blocos normalizados: pode usar integralmente ou recombinar blocos preservando objetivo, zona dominante, perfil, fase e regras RKF.",RKF_V5.0
RKF-18+-MF-17,3×100 progressivos + AN1,6400,6400,0,OK — EXATO,Treinos_18_Mais_MeioFundo,18,18+,ATR / compatível com motor de fase,"Rendimento 18+ meio-fundo: 200/400 livre, 200/400 IM, 200 borbo/costas/peito",Técnica/Fundamentos,3×100 progressivos + AN1,,AN1|A3|A2|A1,,,Perna,,8,READY_WHOLE|BLOCKS_EXACT,YES,"age=18+;profile=Rendimento 18+ meio-fundo: 200/400 livre, 200/400 IM, 200 borbo/costas/peito;type=Técnica/Fundamentos;zones=AN1|A3|A2|A1;styles=NA;skills=Perna","Sessão e blocos normalizados: pode usar integralmente ou recombinar blocos preservando objetivo, zona dominante, perfil, fase e regras RKF.",RKF_V5.0
RKF-18+-MF-18,Progressivo invertido,6400,6400,0,OK — EXATO,Treinos_18_Mais_MeioFundo,19,18+,ATR / compatível com motor de fase,"Rendimento 18+ meio-fundo: 200/400 livre, 200/400 IM, 200 borbo/costas/peito",Técnica/Fundamentos,Progressivo invertido,,AN1|A3|A2|A1,,,Perna,,8,READY_WHOLE|BLOCKS_EXACT,YES,"age=18+;profile=Rendimento 18+ meio-fundo: 200/400 livre, 200/400 IM, 200 borbo/costas/peito;type=Técnica/Fundamentos;zones=AN1|A3|A2|A1;styles=NA;skills=Perna","Sessão e blocos normalizados: pode usar integralmente ou recombinar blocos preservando objetivo, zona dominante, perfil, fase e regras RKF.",RKF_V5.0
RKF-18+-MF-19,400 Livre Race Segments,6400,6400,0,OK — EXATO,Treinos_18_Mais_MeioFundo,20,18+,ATR / compatível com motor de fase,"Rendimento 18+ meio-fundo: 200/400 livre, 200/400 IM, 200 borbo/costas/peito",Técnica/Fundamentos,400 Livre Race Segments,,AN1|A3|A1,Livre/Crawl,,Perna,,8,READY_WHOLE|BLOCKS_EXACT,YES,"age=18+;profile=Rendimento 18+ meio-fundo: 200/400 livre, 200/400 IM, 200 borbo/costas/peito;type=Técnica/Fundamentos;zones=AN1|A3|A1;styles=Livre/Crawl;skills=Perna","Sessão e blocos normalizados: pode usar integralmente ou recombinar blocos preservando objetivo, zona dominante, perfil, fase e regras RKF.",RKF_V5.0
RKF-18+-MF-20,200 Livre Speed Reserve,6400,6400,0,OK — EXATO,Treinos_18_Mais_MeioFundo,21,18+,ATR / compatível com motor de fase,"Rendimento 18+ meio-fundo: 200/400 livre, 200/400 IM, 200 borbo/costas/peito",Técnica/Fundamentos,200 Livre Speed Reserve,,AN1|A3|A1,Livre/Crawl,,Perna,,8,READY_WHOLE|BLOCKS_EXACT,YES,"age=18+;profile=Rendimento 18+ meio-fundo: 200/400 livre, 200/400 IM, 200 borbo/costas/peito;type=Técnica/Fundamentos;zones=AN1|A3|A1;styles=Livre/Crawl;skills=Perna","Sessão e blocos normalizados: pode usar integralmente ou recombinar blocos preservando objetivo, zona dominante, perfil, fase e regras RKF.",RKF_V5.0
RKF-18+-MF-21,300/150/75,6400,6400,0,OK — EXATO,Treinos_18_Mais_MeioFundo,22,18+,ATR / compatível com motor de fase,"Rendimento 18+ meio-fundo: 200/400 livre, 200/400 IM, 200 borbo/costas/peito",Técnica/Fundamentos,300/150/75,,AN1|A3|A1,,,Perna,,8,READY_WHOLE|BLOCKS_EXACT,YES,"age=18+;profile=Rendimento 18+ meio-fundo: 200/400 livre, 200/400 IM, 200 borbo/costas/peito;type=Técnica/Fundamentos;zones=AN1|A3|A1;styles=NA;skills=Perna","Sessão e blocos normalizados: pode usar integralmente ou recombinar blocos preservando objetivo, zona dominante, perfil, fase e regras RKF.",RKF_V5.0
RKF-18+-MF-22,A1 entre todos os estímulos,6400,6400,0,OK — EXATO,Treinos_18_Mais_MeioFundo,23,18+,ATR / compatível com motor de fase,"Rendimento 18+ meio-fundo: 200/400 livre, 200/400 IM, 200 borbo/costas/peito",Técnica/Fundamentos,A1 entre todos os estímulos,,AN1|A3|A1,,,Perna,,8,READY_WHOLE|BLOCKS_EXACT,YES,"age=18+;profile=Rendimento 18+ meio-fundo: 200/400 livre, 200/400 IM, 200 borbo/costas/peito;type=Técnica/Fundamentos;zones=AN1|A3|A1;styles=NA;skills=Perna","Sessão e blocos normalizados: pode usar integralmente ou recombinar blocos preservando objetivo, zona dominante, perfil, fase e regras RKF.",RKF_V5.0
RKF-18+-MF-23,50s Density,6400,6400,0,OK — EXATO,Treinos_18_Mais_MeioFundo,24,18+,ATR / compatível com motor de fase,"Rendimento 18+ meio-fundo: 200/400 livre, 200/400 IM, 200 borbo/costas/peito",Técnica/Fundamentos,50s Density,,AN1|A3|A2|A1,,,Perna,,8,READY_WHOLE|BLOCKS_EXACT,YES,"age=18+;profile=Rendimento 18+ meio-fundo: 200/400 livre, 200/400 IM, 200 borbo/costas/peito;type=Técnica/Fundamentos;zones=AN1|A3|A2|A1;styles=NA;skills=Perna","Sessão e blocos normalizados: pode usar integralmente ou recombinar blocos preservando objetivo, zona dominante, perfil, fase e regras RKF.",RKF_V5.0
RKF-18+-MF-24,100s com mudança interna,6400,6400,0,OK — EXATO,Treinos_18_Mais_MeioFundo,25,18+,ATR / compatível com motor de fase,"Rendimento 18+ meio-fundo: 200/400 livre, 200/400 IM, 200 borbo/costas/peito",Técnica/Fundamentos,100s com mudança interna,,,,,Perna,,8,READY_WHOLE|BLOCKS_EXACT,YES,"age=18+;profile=Rendimento 18+ meio-fundo: 200/400 livre, 200/400 IM, 200 borbo/costas/peito;type=Técnica/Fundamentos;zones=NA;styles=NA;skills=Perna","Sessão e blocos normalizados: pode usar integralmente ou recombinar blocos preservando objetivo, zona dominante, perfil, fase e regras RKF.",RKF_V5.0
RKF-18+-MF-25,200 IM + especialidade,6400,6400,0,OK — EXATO,Treinos_18_Mais_MeioFundo,26,18+,ATR / compatível com motor de fase,"Rendimento 18+ meio-fundo: 200/400 livre, 200/400 IM, 200 borbo/costas/peito",Técnica/Fundamentos,200 IM + especialidade,,AN1|A3|A1,Medley,,Perna,,8,READY_WHOLE|BLOCKS_EXACT,YES,"age=18+;profile=Rendimento 18+ meio-fundo: 200/400 livre, 200/400 IM, 200 borbo/costas/peito;type=Técnica/Fundamentos;zones=AN1|A3|A1;styles=Medley;skills=Perna","Sessão e blocos normalizados: pode usar integralmente ou recombinar blocos preservando objetivo, zona dominante, perfil, fase e regras RKF.",RKF_V5.0
RKF-18+-MF-26,Força de perna→velocidade limpa,6400,6400,0,OK — EXATO,Treinos_18_Mais_MeioFundo,27,18+,ATR / compatível com motor de fase,"Rendimento 18+ meio-fundo: 200/400 livre, 200/400 IM, 200 borbo/costas/peito",Técnica/Fundamentos,Força de perna→velocidade limpa,,AN1|A3|A1,Livre/Crawl,,Perna,,8,READY_WHOLE|BLOCKS_EXACT,YES,"age=18+;profile=Rendimento 18+ meio-fundo: 200/400 livre, 200/400 IM, 200 borbo/costas/peito;type=Técnica/Fundamentos;zones=AN1|A3|A1;styles=Livre/Crawl;skills=Perna","Sessão e blocos normalizados: pode usar integralmente ou recombinar blocos preservando objetivo, zona dominante, perfil, fase e regras RKF.",RKF_V5.0
RKF-18+-MF-27,A3 longo / AN1 curto,6400,6400,0,OK — EXATO,Treinos_18_Mais_MeioFundo,28,18+,ATR / compatível com motor de fase,"Rendimento 18+ meio-fundo: 200/400 livre, 200/400 IM, 200 borbo/costas/peito",Técnica/Fundamentos,A3 longo / AN1 curto,,AN1|A3|A1,,,Perna,,8,READY_WHOLE|BLOCKS_EXACT,YES,"age=18+;profile=Rendimento 18+ meio-fundo: 200/400 livre, 200/400 IM, 200 borbo/costas/peito;type=Técnica/Fundamentos;zones=AN1|A3|A1;styles=NA;skills=Perna","Sessão e blocos normalizados: pode usar integralmente ou recombinar blocos preservando objetivo, zona dominante, perfil, fase e regras RKF.",RKF_V5.0
RKF-18+-MF-28,200→100→50 Quality Drop,6400,6400,0,OK — EXATO,Treinos_18_Mais_MeioFundo,29,18+,ATR / compatível com motor de fase,"Rendimento 18+ meio-fundo: 200/400 livre, 200/400 IM, 200 borbo/costas/peito",Técnica/Fundamentos,200→100→50 Quality Drop,,AN1|A3|A1,,,Perna,,8,READY_WHOLE|BLOCKS_EXACT,YES,"age=18+;profile=Rendimento 18+ meio-fundo: 200/400 livre, 200/400 IM, 200 borbo/costas/peito;type=Técnica/Fundamentos;zones=AN1|A3|A1;styles=NA;skills=Perna","Sessão e blocos normalizados: pode usar integralmente ou recombinar blocos preservando objetivo, zona dominante, perfil, fase e regras RKF.",RKF_V5.0
RKF-18+-MF-29,Multi-Stroke Chaos Control,6400,6400,0,OK — EXATO,Treinos_18_Mais_MeioFundo,30,18+,ATR / compatível com motor de fase,"Rendimento 18+ meio-fundo: 200/400 livre, 200/400 IM, 200 borbo/costas/peito",Técnica/Fundamentos,Multi-Stroke Chaos Control,,AN1|A3|A1,Livre/Crawl|Costas|Peito|Borboleta,,Perna,,8,READY_WHOLE|BLOCKS_EXACT,YES,"age=18+;profile=Rendimento 18+ meio-fundo: 200/400 livre, 200/400 IM, 200 borbo/costas/peito;type=Técnica/Fundamentos;zones=AN1|A3|A1;styles=Livre/Crawl|Costas|Peito|Borboleta;skills=Perna","Sessão e blocos normalizados: pode usar integralmente ou recombinar blocos preservando objetivo, zona dominante, perfil, fase e regras RKF.",RKF_V5.0
RKF-18+-MF-30,RKF Elite Middle-Distance Mix,6800,6800,0,OK — EXATO,Treinos_18_Mais_MeioFundo,31,18+,ATR / compatível com motor de fase,"Rendimento 18+ meio-fundo: 200/400 livre, 200/400 IM, 200 borbo/costas/peito",Técnica/Fundamentos,RKF Elite Middle-Distance Mix,,AN1|A3|A2|A1,Livre/Crawl|Costas,Palmar,,,8,READY_WHOLE|BLOCKS_EXACT,YES,"age=18+;profile=Rendimento 18+ meio-fundo: 200/400 livre, 200/400 IM, 200 borbo/costas/peito;type=Técnica/Fundamentos;zones=AN1|A3|A2|A1;styles=Livre/Crawl|Costas;skills=NA","Sessão e blocos normalizados: pode usar integralmente ou recombinar blocos preservando objetivo, zona dominante, perfil, fase e regras RKF.",RKF_V5.0
RKF-RRP-01,RRP 2:1 clássico,7000,7000,0,OK — EXATO,Treinos_RRP_RKF,2,18+,ATR / compatível com motor de fase,Rendimento 18+ — Resistência de Ritmo de Prova,Misto,RRP 2:1 clássico,,A3|A2|A1,Livre/Crawl|Costas|Peito|Medley,Palmar,Scull|Braçadas|Respiração|Perna,,8,READY_WHOLE|BLOCKS_EXACT,YES,age=18+;profile=Rendimento 18+ — Resistência de Ritmo de Prova;type=Misto;zones=A3|A2|A1;styles=Livre/Crawl|Costas|Peito|Medley;skills=Scull|Braçadas|Respiração|Perna,"Sessão e blocos normalizados: pode usar integralmente ou recombinar blocos preservando objetivo, zona dominante, perfil, fase e regras RKF.",RKF_V5.0
RKF-RRP-02,RRP 3:1,7200,7200,0,OK — EXATO,Treinos_RRP_RKF,3,18+,ATR / compatível com motor de fase,Rendimento 18+ — Resistência de Ritmo de Prova,Misto,RRP 3:1,,A3|A2|A1,Livre/Crawl|Costas|Medley,Palmar,Scull,,8,READY_WHOLE|BLOCKS_EXACT,YES,age=18+;profile=Rendimento 18+ — Resistência de Ritmo de Prova;type=Misto;zones=A3|A2|A1;styles=Livre/Crawl|Costas|Medley;skills=Scull,"Sessão e blocos normalizados: pode usar integralmente ou recombinar blocos preservando objetivo, zona dominante, perfil, fase e regras RKF.",RKF_V5.0
RKF-RRP-03,Máximo : recuperação,8400,8400,0,OK — EXATO,Treinos_RRP_RKF,4,18+,ATR / compatível com motor de fase,Rendimento 18+ — Resistência de Ritmo de Prova,Misto,Máximo : recuperação,,A3|A1,Livre/Crawl|Costas|Medley,Palmar,Braçadas,,8,READY_WHOLE|BLOCKS_EXACT,YES,age=18+;profile=Rendimento 18+ — Resistência de Ritmo de Prova;type=Misto;zones=A3|A1;styles=Livre/Crawl|Costas|Medley;skills=Braçadas,"Sessão e blocos normalizados: pode usar integralmente ou recombinar blocos preservando objetivo, zona dominante, perfil, fase e regras RKF.",RKF_V5.0
RKF-RRP-04,Escada 1:1 → 2:1 → 3:1,7100,7100,0,OK — EXATO,Treinos_RRP_RKF,5,18+,ATR / compatível com motor de fase,Rendimento 18+ — Resistência de Ritmo de Prova,Misto,Escada 1:1 → 2:1 → 3:1,,A3|A2|A1,Livre/Crawl|Costas|Peito|Medley,Palmar,,,8,READY_WHOLE|BLOCKS_EXACT,YES,age=18+;profile=Rendimento 18+ — Resistência de Ritmo de Prova;type=Misto;zones=A3|A2|A1;styles=Livre/Crawl|Costas|Peito|Medley;skills=NA,"Sessão e blocos normalizados: pode usar integralmente ou recombinar blocos preservando objetivo, zona dominante, perfil, fase e regras RKF.",RKF_V5.0
RKF-RRP-05,RRP decrescente,7100,7100,0,OK — EXATO,Treinos_RRP_RKF,6,18+,ATR / compatível com motor de fase,Rendimento 18+ — Resistência de Ritmo de Prova,Misto,RRP decrescente,,A3|A2|A1,Livre/Crawl|Costas|Medley,Palmar,Scull,,8,READY_WHOLE|BLOCKS_EXACT,YES,age=18+;profile=Rendimento 18+ — Resistência de Ritmo de Prova;type=Misto;zones=A3|A2|A1;styles=Livre/Crawl|Costas|Medley;skills=Scull,"Sessão e blocos normalizados: pode usar integralmente ou recombinar blocos preservando objetivo, zona dominante, perfil, fase e regras RKF.",RKF_V5.0
RKF-RRP-06,RRP 400 livre,7400,7400,0,OK — EXATO,Treinos_RRP_RKF,7,18+,ATR / compatível com motor de fase,Rendimento 18+ — Resistência de Ritmo de Prova,Misto,RRP 400 livre,,A3|A2|A1,Livre/Crawl|Costas|Medley,Palmar,Scull|Braçadas|Perna,,8,READY_WHOLE|BLOCKS_EXACT,YES,age=18+;profile=Rendimento 18+ — Resistência de Ritmo de Prova;type=Misto;zones=A3|A2|A1;styles=Livre/Crawl|Costas|Medley;skills=Scull|Braçadas|Perna,"Sessão e blocos normalizados: pode usar integralmente ou recombinar blocos preservando objetivo, zona dominante, perfil, fase e regras RKF.",RKF_V5.0
RKF-RRP-07,RRP 200 livre — segundo 100,7100,7100,0,OK — EXATO,Treinos_RRP_RKF,8,18+,ATR / compatível com motor de fase,Rendimento 18+ — Resistência de Ritmo de Prova,Misto,RRP 200 livre — segundo 100,,A3|A2|A1,Livre/Crawl|Costas,Palmar,Perna,,8,READY_WHOLE|BLOCKS_EXACT,YES,age=18+;profile=Rendimento 18+ — Resistência de Ritmo de Prova;type=Misto;zones=A3|A2|A1;styles=Livre/Crawl|Costas;skills=Perna,"Sessão e blocos normalizados: pode usar integralmente ou recombinar blocos preservando objetivo, zona dominante, perfil, fase e regras RKF.",RKF_V5.0
RKF-RRP-08,Triplo RP progressivo,7300,7300,0,OK — EXATO,Treinos_RRP_RKF,9,18+,ATR / compatível com motor de fase,Rendimento 18+ — Resistência de Ritmo de Prova,Misto,Triplo RP progressivo,,A3|A2|A1,Livre/Crawl|Costas|Medley,Palmar,,,8,READY_WHOLE|BLOCKS_EXACT,YES,age=18+;profile=Rendimento 18+ — Resistência de Ritmo de Prova;type=Misto;zones=A3|A2|A1;styles=Livre/Crawl|Costas|Medley;skills=NA,"Sessão e blocos normalizados: pode usar integralmente ou recombinar blocos preservando objetivo, zona dominante, perfil, fase e regras RKF.",RKF_V5.0
RKF-RRP-09,Máxima produção repetida,7500,7500,0,OK — EXATO,Treinos_RRP_RKF,10,18+,ATR / compatível com motor de fase,Rendimento 18+ — Resistência de Ritmo de Prova,Misto,Máxima produção repetida,,A3|A2|A1,Livre/Crawl|Costas|Medley,Palmar,,,8,READY_WHOLE|BLOCKS_EXACT,YES,age=18+;profile=Rendimento 18+ — Resistência de Ritmo de Prova;type=Misto;zones=A3|A2|A1;styles=Livre/Crawl|Costas|Medley;skills=NA,"Sessão e blocos normalizados: pode usar integralmente ou recombinar blocos preservando objetivo, zona dominante, perfil, fase e regras RKF.",RKF_V5.0
RKF-RRP-10,RRP com recuperação de perna,7100,7100,0,OK — EXATO,Treinos_RRP_RKF,11,18+,ATR / compatível com motor de fase,Rendimento 18+ — Resistência de Ritmo de Prova,Misto,RRP com recuperação de perna,,A3|A2|A1,Livre/Crawl|Costas|Medley,Palmar|Prancha,Perna,,8,READY_WHOLE|BLOCKS_EXACT,YES,age=18+;profile=Rendimento 18+ — Resistência de Ritmo de Prova;type=Misto;zones=A3|A2|A1;styles=Livre/Crawl|Costas|Medley;skills=Perna,"Sessão e blocos normalizados: pode usar integralmente ou recombinar blocos preservando objetivo, zona dominante, perfil, fase e regras RKF.",RKF_V5.0
RKF-RRP-11,RRP especialidade + IM,7400,7400,0,OK — EXATO,Treinos_RRP_RKF,12,18+,ATR / compatível com motor de fase,Rendimento 18+ — Resistência de Ritmo de Prova,Misto,RRP especialidade + IM,,A3|A1,Livre/Crawl|Costas|Medley,Palmar,Perna,,8,READY_WHOLE|BLOCKS_EXACT,YES,age=18+;profile=Rendimento 18+ — Resistência de Ritmo de Prova;type=Misto;zones=A3|A1;styles=Livre/Crawl|Costas|Medley;skills=Perna,"Sessão e blocos normalizados: pode usar integralmente ou recombinar blocos preservando objetivo, zona dominante, perfil, fase e regras RKF.",RKF_V5.0
RKF-RRP-12,30×100 — mudança de densidade,7200,7200,0,OK — EXATO,Treinos_RRP_RKF,13,18+,ATR / compatível com motor de fase,Rendimento 18+ — Resistência de Ritmo de Prova,Misto,30×100 — mudança de densidade,,A3|A2|A1,Livre/Crawl|Costas|Medley,Palmar,Scull|Braçadas,,8,READY_WHOLE|BLOCKS_EXACT,YES,age=18+;profile=Rendimento 18+ — Resistência de Ritmo de Prova;type=Misto;zones=A3|A2|A1;styles=Livre/Crawl|Costas|Medley;skills=Scull|Braçadas,"Sessão e blocos normalizados: pode usar integralmente ou recombinar blocos preservando objetivo, zona dominante, perfil, fase e regras RKF.",RKF_V5.0
RKF-RRP-13,40×100 RRP 2:1,8600,8600,0,OK — EXATO,Treinos_RRP_RKF,14,18+,ATR / compatível com motor de fase,Rendimento 18+ — Resistência de Ritmo de Prova,Misto,40×100 RRP 2:1,,A2|A1,Livre/Crawl|Costas|Medley,Palmar,Braçadas,,8,READY_WHOLE|BLOCKS_EXACT,YES,age=18+;profile=Rendimento 18+ — Resistência de Ritmo de Prova;type=Misto;zones=A2|A1;styles=Livre/Crawl|Costas|Medley;skills=Braçadas,"Sessão e blocos normalizados: pode usar integralmente ou recombinar blocos preservando objetivo, zona dominante, perfil, fase e regras RKF.",RKF_V5.0
RKF-RRP-14,40×100 RRP 3:1,8600,8600,0,OK — EXATO,Treinos_RRP_RKF,15,18+,ATR / compatível com motor de fase,Rendimento 18+ — Resistência de Ritmo de Prova,Misto,40×100 RRP 3:1,,A1,Livre/Crawl|Costas|Medley,Palmar,Braçadas,,8,READY_WHOLE|BLOCKS_EXACT,YES,age=18+;profile=Rendimento 18+ — Resistência de Ritmo de Prova;type=Misto;zones=A1;styles=Livre/Crawl|Costas|Medley;skills=Braçadas,"Sessão e blocos normalizados: pode usar integralmente ou recombinar blocos preservando objetivo, zona dominante, perfil, fase e regras RKF.",RKF_V5.0
RKF-RRP-15,RRP contraste de força,7300,7300,0,OK — EXATO,Treinos_RRP_RKF,16,18+,ATR / compatível com motor de fase,Rendimento 18+ — Resistência de Ritmo de Prova,Misto,RRP contraste de força,,A1,Livre/Crawl|Costas|Medley,Palmar,Scull,,8,READY_WHOLE|BLOCKS_EXACT,YES,age=18+;profile=Rendimento 18+ — Resistência de Ritmo de Prova;type=Misto;zones=A1;styles=Livre/Crawl|Costas|Medley;skills=Scull,"Sessão e blocos normalizados: pode usar integralmente ou recombinar blocos preservando objetivo, zona dominante, perfil, fase e regras RKF.",RKF_V5.0
RKF-RRP-16,Pré-fadiga de perna + RRP,7200,7200,0,OK — EXATO,Treinos_RRP_RKF,17,18+,ATR / compatível com motor de fase,Rendimento 18+ — Resistência de Ritmo de Prova,Misto,Pré-fadiga de perna + RRP,,A3|A2|A1,Livre/Crawl|Costas|Medley,Palmar,Perna,,8,READY_WHOLE|BLOCKS_EXACT,YES,age=18+;profile=Rendimento 18+ — Resistência de Ritmo de Prova;type=Misto;zones=A3|A2|A1;styles=Livre/Crawl|Costas|Medley;skills=Perna,"Sessão e blocos normalizados: pode usar integralmente ou recombinar blocos preservando objetivo, zona dominante, perfil, fase e regras RKF.",RKF_V5.0
RKF-RRP-17,RRP de estilos,7400,7400,0,OK — EXATO,Treinos_RRP_RKF,18,18+,ATR / compatível com motor de fase,Rendimento 18+ — Resistência de Ritmo de Prova,Misto,RRP de estilos,,A3|A2|A1,Livre/Crawl|Costas|Borboleta|Medley,Palmar,Perna,,8,READY_WHOLE|BLOCKS_EXACT,YES,age=18+;profile=Rendimento 18+ — Resistência de Ritmo de Prova;type=Misto;zones=A3|A2|A1;styles=Livre/Crawl|Costas|Borboleta|Medley;skills=Perna,"Sessão e blocos normalizados: pode usar integralmente ou recombinar blocos preservando objetivo, zona dominante, perfil, fase e regras RKF.",RKF_V5.0
RKF-RRP-18,RRP 400 IM,8000,8000,0,OK — EXATO,Treinos_RRP_RKF,19,18+,ATR / compatível com motor de fase,Rendimento 18+ — Resistência de Ritmo de Prova,Misto,RRP 400 IM,,A1,Livre/Crawl|Costas|Borboleta|Medley,,,,8,READY_WHOLE|BLOCKS_EXACT,YES,age=18+;profile=Rendimento 18+ — Resistência de Ritmo de Prova;type=Misto;zones=A1;styles=Livre/Crawl|Costas|Borboleta|Medley;skills=NA,"Sessão e blocos normalizados: pode usar integralmente ou recombinar blocos preservando objetivo, zona dominante, perfil, fase e regras RKF.",RKF_V5.0
RKF-RRP-19,RRP sob fadiga crescente,7200,7200,0,OK — EXATO,Treinos_RRP_RKF,20,18+,ATR / compatível com motor de fase,Rendimento 18+ — Resistência de Ritmo de Prova,Misto,RRP sob fadiga crescente,,A3|A2|A1,Livre/Crawl|Costas|Medley,Palmar,Scull,,8,READY_WHOLE|BLOCKS_EXACT,YES,age=18+;profile=Rendimento 18+ — Resistência de Ritmo de Prova;type=Misto;zones=A3|A2|A1;styles=Livre/Crawl|Costas|Medley;skills=Scull,"Sessão e blocos normalizados: pode usar integralmente ou recombinar blocos preservando objetivo, zona dominante, perfil, fase e regras RKF.",RKF_V5.0
RKF-RRP-20,RKF RRP TEST SET,8600,8600,0,OK — EXATO,Treinos_RRP_RKF,21,18+,ATR / compatível com motor de fase,Rendimento 18+ — Resistência de Ritmo de Prova,Misto,RKF RRP TEST SET,,A3|A1,Livre/Crawl|Costas|Medley,Palmar,Scull|Braçadas,,8,READY_WHOLE|BLOCKS_EXACT,YES,age=18+;profile=Rendimento 18+ — Resistência de Ritmo de Prova;type=Misto;zones=A3|A1;styles=Livre/Crawl|Costas|Medley;skills=Scull|Braçadas,"Sessão e blocos normalizados: pode usar integralmente ou recombinar blocos preservando objetivo, zona dominante, perfil, fase e regras RKF.",RKF_V5.0
RKF-RRP50-100-01,6×50 RP + 100 RP,7200,7200,0,OK — EXATO,Treinos_RRP50_100_RKF,2,18+,ATR / compatível com motor de fase,Rendimento 18+ — RRP50/100,Misto,6×50 RP + 100 RP,,A3|A1,Livre/Crawl|Costas|Medley,Palmar,Scull|Braçadas,,8,READY_WHOLE|BLOCKS_EXACT,YES,age=18+;profile=Rendimento 18+ — RRP50/100;type=Misto;zones=A3|A1;styles=Livre/Crawl|Costas|Medley;skills=Scull|Braçadas,"Sessão e blocos normalizados: pode usar integralmente ou recombinar blocos preservando objetivo, zona dominante, perfil, fase e regras RKF.",RKF_V5.0
RKF-RRP50-100-02,8×50 RP,7200,7200,0,OK — EXATO,Treinos_RRP50_100_RKF,3,18+,ATR / compatível com motor de fase,Rendimento 18+ — RRP50/100,Misto,8×50 RP,,A3|A2|A1,Livre/Crawl|Costas|Medley,Palmar,,,8,READY_WHOLE|BLOCKS_EXACT,YES,age=18+;profile=Rendimento 18+ — RRP50/100;type=Misto;zones=A3|A2|A1;styles=Livre/Crawl|Costas|Medley;skills=NA,"Sessão e blocos normalizados: pode usar integralmente ou recombinar blocos preservando objetivo, zona dominante, perfil, fase e regras RKF.",RKF_V5.0
RKF-RRP50-100-03,4×50 + 2×100,7300,7300,0,OK — EXATO,Treinos_RRP50_100_RKF,4,18+,ATR / compatível com motor de fase,Rendimento 18+ — RRP50/100,Misto,4×50 + 2×100,,A2|A1,Livre/Crawl|Costas|Medley,Palmar,Scull,,8,READY_WHOLE|BLOCKS_EXACT,YES,age=18+;profile=Rendimento 18+ — RRP50/100;type=Misto;zones=A2|A1;styles=Livre/Crawl|Costas|Medley;skills=Scull,"Sessão e blocos normalizados: pode usar integralmente ou recombinar blocos preservando objetivo, zona dominante, perfil, fase e regras RKF.",RKF_V5.0
RKF-RRP50-100-04,100 → 6×50,7300,7300,0,OK — EXATO,Treinos_RRP50_100_RKF,5,18+,ATR / compatível com motor de fase,Rendimento 18+ — RRP50/100,Misto,100 → 6×50,,A3|A2|A1,Livre/Crawl|Costas|Medley,Palmar,Perna,,8,READY_WHOLE|BLOCKS_EXACT,YES,age=18+;profile=Rendimento 18+ — RRP50/100;type=Misto;zones=A3|A2|A1;styles=Livre/Crawl|Costas|Medley;skills=Perna,"Sessão e blocos normalizados: pode usar integralmente ou recombinar blocos preservando objetivo, zona dominante, perfil, fase e regras RKF.",RKF_V5.0
RKF-RRP50-100-05,10×50 RP,7200,7200,0,OK — EXATO,Treinos_RRP50_100_RKF,6,18+,ATR / compatível com motor de fase,Rendimento 18+ — RRP50/100,Misto,10×50 RP,,A3|A1,Livre/Crawl|Costas|Medley,Palmar,,,8,READY_WHOLE|BLOCKS_EXACT,YES,age=18+;profile=Rendimento 18+ — RRP50/100;type=Misto;zones=A3|A1;styles=Livre/Crawl|Costas|Medley;skills=NA,"Sessão e blocos normalizados: pode usar integralmente ou recombinar blocos preservando objetivo, zona dominante, perfil, fase e regras RKF.",RKF_V5.0
RKF-RRP50-100-06,3×50 +100 +3×50,7200,7200,0,OK — EXATO,Treinos_RRP50_100_RKF,7,18+,ATR / compatível com motor de fase,Rendimento 18+ — RRP50/100,Misto,3×50 +100 +3×50,,A3|A1,Livre/Crawl|Costas|Medley,Palmar,,,8,READY_WHOLE|BLOCKS_EXACT,YES,age=18+;profile=Rendimento 18+ — RRP50/100;type=Misto;zones=A3|A1;styles=Livre/Crawl|Costas|Medley;skills=NA,"Sessão e blocos normalizados: pode usar integralmente ou recombinar blocos preservando objetivo, zona dominante, perfil, fase e regras RKF.",RKF_V5.0
RKF-RRP50-100-07,8×50 +100 final,7200,7200,0,OK — EXATO,Treinos_RRP50_100_RKF,8,18+,ATR / compatível com motor de fase,Rendimento 18+ — RRP50/100,Misto,8×50 +100 final,,A1,Livre/Crawl|Costas|Medley,Palmar,,,8,READY_WHOLE|BLOCKS_EXACT,YES,age=18+;profile=Rendimento 18+ — RRP50/100;type=Misto;zones=A1;styles=Livre/Crawl|Costas|Medley;skills=NA,"Sessão e blocos normalizados: pode usar integralmente ou recombinar blocos preservando objetivo, zona dominante, perfil, fase e regras RKF.",RKF_V5.0
RKF-RRP50-100-08,12×50 RP,7200,7200,0,OK — EXATO,Treinos_RRP50_100_RKF,9,18+,ATR / compatível com motor de fase,Rendimento 18+ — RRP50/100,Misto,12×50 RP,,A3|A2|A1,Livre/Crawl|Costas|Medley,Palmar,,,8,READY_WHOLE|BLOCKS_EXACT,YES,age=18+;profile=Rendimento 18+ — RRP50/100;type=Misto;zones=A3|A2|A1;styles=Livre/Crawl|Costas|Medley;skills=NA,"Sessão e blocos normalizados: pode usar integralmente ou recombinar blocos preservando objetivo, zona dominante, perfil, fase e regras RKF.",RKF_V5.0
RKF-RRP50-100-09,6×50 +2×100,7300,7300,0,OK — EXATO,Treinos_RRP50_100_RKF,10,18+,ATR / compatível com motor de fase,Rendimento 18+ — RRP50/100,Misto,6×50 +2×100,,A1,Livre/Crawl|Costas|Medley,,,,8,READY_WHOLE|BLOCKS_EXACT,YES,age=18+;profile=Rendimento 18+ — RRP50/100;type=Misto;zones=A1;styles=Livre/Crawl|Costas|Medley;skills=NA,"Sessão e blocos normalizados: pode usar integralmente ou recombinar blocos preservando objetivo, zona dominante, perfil, fase e regras RKF.",RKF_V5.0
RKF-RRP50-100-10,50/100 alternado,7300,7300,0,OK — EXATO,Treinos_RRP50_100_RKF,11,18+,ATR / compatível com motor de fase,Rendimento 18+ — RRP50/100,Misto,50/100 alternado,,A1,Livre/Crawl|Costas|Medley,Palmar,,,8,READY_WHOLE|BLOCKS_EXACT,YES,age=18+;profile=Rendimento 18+ — RRP50/100;type=Misto;zones=A1;styles=Livre/Crawl|Costas|Medley;skills=NA,"Sessão e blocos normalizados: pode usar integralmente ou recombinar blocos preservando objetivo, zona dominante, perfil, fase e regras RKF.",RKF_V5.0
RKF-RRP50-100-11,RRP50/100 200 livre,7300,7300,0,OK — EXATO,Treinos_RRP50_100_RKF,12,18+,ATR / compatível com motor de fase,Rendimento 18+ — RRP50/100,Misto,RRP50/100 200 livre,,A3|A2|A1,Livre/Crawl|Costas|Medley,Palmar,,,8,READY_WHOLE|BLOCKS_EXACT,YES,age=18+;profile=Rendimento 18+ — RRP50/100;type=Misto;zones=A3|A2|A1;styles=Livre/Crawl|Costas|Medley;skills=NA,"Sessão e blocos normalizados: pode usar integralmente ou recombinar blocos preservando objetivo, zona dominante, perfil, fase e regras RKF.",RKF_V5.0
RKF-RRP50-100-12,RRP50/100 400 livre,7400,7400,0,OK — EXATO,Treinos_RRP50_100_RKF,13,18+,ATR / compatível com motor de fase,Rendimento 18+ — RRP50/100,Misto,RRP50/100 400 livre,,A3|A2|A1,Livre/Crawl|Costas|Medley,Palmar,Braçadas,,8,READY_WHOLE|BLOCKS_EXACT,YES,age=18+;profile=Rendimento 18+ — RRP50/100;type=Misto;zones=A3|A2|A1;styles=Livre/Crawl|Costas|Medley;skills=Braçadas,"Sessão e blocos normalizados: pode usar integralmente ou recombinar blocos preservando objetivo, zona dominante, perfil, fase e regras RKF.",RKF_V5.0
RKF-RRP50-100-13,RRP com 50 progressivos,7200,7200,0,OK — EXATO,Treinos_RRP50_100_RKF,14,18+,ATR / compatível com motor de fase,Rendimento 18+ — RRP50/100,Misto,RRP com 50 progressivos,,A1,Livre/Crawl|Medley,,,,8,READY_WHOLE|BLOCKS_EXACT,YES,age=18+;profile=Rendimento 18+ — RRP50/100;type=Misto;zones=A1;styles=Livre/Crawl|Medley;skills=NA,"Sessão e blocos normalizados: pode usar integralmente ou recombinar blocos preservando objetivo, zona dominante, perfil, fase e regras RKF.",RKF_V5.0
RKF-RRP50-100-14,RRP força → transferência,7300,7300,0,OK — EXATO,Treinos_RRP50_100_RKF,15,18+,ATR / compatível com motor de fase,Rendimento 18+ — RRP50/100,Misto,RRP força → transferência,,A1,Livre/Crawl|Costas|Medley,Palmar,,,8,READY_WHOLE|BLOCKS_EXACT,YES,age=18+;profile=Rendimento 18+ — RRP50/100;type=Misto;zones=A1;styles=Livre/Crawl|Costas|Medley;skills=NA,"Sessão e blocos normalizados: pode usar integralmente ou recombinar blocos preservando objetivo, zona dominante, perfil, fase e regras RKF.",RKF_V5.0
RKF-RRP50-100-15,RRP50 + perna +100,7300,7300,0,OK — EXATO,Treinos_RRP50_100_RKF,16,18+,ATR / compatível com motor de fase,Rendimento 18+ — RRP50/100,Misto,RRP50 + perna +100,,A3|A2|A1,Livre/Crawl|Costas|Medley,Prancha,Perna,,8,READY_WHOLE|BLOCKS_EXACT,YES,age=18+;profile=Rendimento 18+ — RRP50/100;type=Misto;zones=A3|A2|A1;styles=Livre/Crawl|Costas|Medley;skills=Perna,"Sessão e blocos normalizados: pode usar integralmente ou recombinar blocos preservando objetivo, zona dominante, perfil, fase e regras RKF.",RKF_V5.0
RKF-RRP50-100-16,RRP de estilos,7300,7300,0,OK — EXATO,Treinos_RRP50_100_RKF,17,18+,ATR / compatível com motor de fase,Rendimento 18+ — RRP50/100,Misto,RRP de estilos,,A3|A1,Livre/Crawl|Borboleta|Medley,,,,8,READY_WHOLE|BLOCKS_EXACT,YES,age=18+;profile=Rendimento 18+ — RRP50/100;type=Misto;zones=A3|A1;styles=Livre/Crawl|Borboleta|Medley;skills=NA,"Sessão e blocos normalizados: pode usar integralmente ou recombinar blocos preservando objetivo, zona dominante, perfil, fase e regras RKF.",RKF_V5.0
RKF-RRP50-100-17,RRP 200/400 medley,7500,7500,0,OK — EXATO,Treinos_RRP50_100_RKF,18,18+,ATR / compatível com motor de fase,Rendimento 18+ — RRP50/100,Misto,RRP 200/400 medley,,A1,Livre/Crawl|Borboleta|Medley,,,,8,READY_WHOLE|BLOCKS_EXACT,YES,age=18+;profile=Rendimento 18+ — RRP50/100;type=Misto;zones=A1;styles=Livre/Crawl|Borboleta|Medley;skills=NA,"Sessão e blocos normalizados: pode usar integralmente ou recombinar blocos preservando objetivo, zona dominante, perfil, fase e regras RKF.",RKF_V5.0
RKF-RRP50-100-18,Densidade crescente 4→6→8→10×50,7200,7200,0,OK — EXATO,Treinos_RRP50_100_RKF,19,18+,ATR / compatível com motor de fase,Rendimento 18+ — RRP50/100,Misto,Densidade crescente 4→6→8→10×50,,A1,Livre/Crawl|Costas|Medley,,,,8,READY_WHOLE|BLOCKS_EXACT,YES,age=18+;profile=Rendimento 18+ — RRP50/100;type=Misto;zones=A1;styles=Livre/Crawl|Costas|Medley;skills=NA,"Sessão e blocos normalizados: pode usar integralmente ou recombinar blocos preservando objetivo, zona dominante, perfil, fase e regras RKF.",RKF_V5.0
RKF-RRP50-100-19,Densidade crescente + fechamento máximo,7200,7200,0,OK — EXATO,Treinos_RRP50_100_RKF,20,18+,ATR / compatível com motor de fase,Rendimento 18+ — RRP50/100,Misto,Densidade crescente + fechamento máximo,,,Livre/Crawl|Costas|Medley,,,,8,READY_WHOLE|BLOCKS_EXACT,YES,age=18+;profile=Rendimento 18+ — RRP50/100;type=Misto;zones=NA;styles=Livre/Crawl|Costas|Medley;skills=NA,"Sessão e blocos normalizados: pode usar integralmente ou recombinar blocos preservando objetivo, zona dominante, perfil, fase e regras RKF.",RKF_V5.0
RKF-RRP50-100-20,RKF RRP50/100 TEST SET,7600,7600,0,OK — EXATO,Treinos_RRP50_100_RKF,21,18+,ATR / compatível com motor de fase,Rendimento 18+ — RRP50/100,Misto,RKF RRP50/100 TEST SET,,A3|A1,Livre/Crawl|Costas|Peito|Medley,Palmar,Scull|Braçadas,,8,READY_WHOLE|BLOCKS_EXACT,YES,age=18+;profile=Rendimento 18+ — RRP50/100;type=Misto;zones=A3|A1;styles=Livre/Crawl|Costas|Peito|Medley;skills=Scull|Braçadas,"Sessão e blocos normalizados: pode usar integralmente ou recombinar blocos preservando objetivo, zona dominante, perfil, fase e regras RKF.",RKF_V5.0
RKF-A3-EST-01,A3 100s quebrados,5600,5600,0,OK — EXATO / TETO RESPEITADO,Treinos_A3_100_200_Estilo,2,Adulto / não classificado,ATR / compatível com motor de fase,Rendimento — 100/200 estilo,Misto,A3 100s quebrados,,VALAT|A3|A2|A1,Livre/Crawl|Costas|Medley,Palmar,Perna,,8,READY_WHOLE|BLOCKS_EXACT,YES,age=Adulto / não classificado;profile=Rendimento — 100/200 estilo;type=Misto;zones=VALAT|A3|A2|A1;styles=Livre/Crawl|Costas|Medley;skills=Perna,"Sessão e blocos normalizados: pode usar integralmente ou recombinar blocos preservando objetivo, zona dominante, perfil, fase e regras RKF.",RKF_V5.0
RKF-A3-EST-02,A3 50/100,5600,5600,0,OK — EXATO / TETO RESPEITADO,Treinos_A3_100_200_Estilo,3,Adulto / não classificado,ATR / compatível com motor de fase,Rendimento — 100/200 estilo,Misto,A3 50/100,,VALAT|A3|A2|A1,Livre/Crawl|Costas|Medley,Palmar,Perna,,8,READY_WHOLE|BLOCKS_EXACT,YES,age=Adulto / não classificado;profile=Rendimento — 100/200 estilo;type=Misto;zones=VALAT|A3|A2|A1;styles=Livre/Crawl|Costas|Medley;skills=Perna,"Sessão e blocos normalizados: pode usar integralmente ou recombinar blocos preservando objetivo, zona dominante, perfil, fase e regras RKF.",RKF_V5.0
RKF-A3-EST-03,A3 3×100 + recuperação,5700,5700,0,OK — EXATO / TETO RESPEITADO,Treinos_A3_100_200_Estilo,4,Adulto / não classificado,ATR / compatível com motor de fase,Rendimento — 100/200 estilo,Misto,A3 3×100 + recuperação,,VALAT|A3|A2|A1,Livre/Crawl|Costas|Medley,Palmar,,,8,READY_WHOLE|BLOCKS_EXACT,YES,age=Adulto / não classificado;profile=Rendimento — 100/200 estilo;type=Misto;zones=VALAT|A3|A2|A1;styles=Livre/Crawl|Costas|Medley;skills=NA,"Sessão e blocos normalizados: pode usar integralmente ou recombinar blocos preservando objetivo, zona dominante, perfil, fase e regras RKF.",RKF_V5.0
RKF-A3-EST-04,A3 200 específico,5800,5800,0,OK — EXATO / TETO RESPEITADO,Treinos_A3_100_200_Estilo,5,Adulto / não classificado,ATR / compatível com motor de fase,Rendimento — 100/200 estilo,Misto,A3 200 específico,,VALAT|A3|A2|A1,Livre/Crawl|Costas|Medley,Palmar,Perna,,8,READY_WHOLE|BLOCKS_EXACT,YES,age=Adulto / não classificado;profile=Rendimento — 100/200 estilo;type=Misto;zones=VALAT|A3|A2|A1;styles=Livre/Crawl|Costas|Medley;skills=Perna,"Sessão e blocos normalizados: pode usar integralmente ou recombinar blocos preservando objetivo, zona dominante, perfil, fase e regras RKF.",RKF_V5.0
RKF-A3-EST-05,A3 quebrado 4×50,5500,5500,0,OK — EXATO / TETO RESPEITADO,Treinos_A3_100_200_Estilo,6,Adulto / não classificado,ATR / compatível com motor de fase,Rendimento — 100/200 estilo,Misto,A3 quebrado 4×50,,VALAT|A3|A1,Livre/Crawl|Costas|Medley,Palmar,,,8,READY_WHOLE|BLOCKS_EXACT,YES,age=Adulto / não classificado;profile=Rendimento — 100/200 estilo;type=Misto;zones=VALAT|A3|A1;styles=Livre/Crawl|Costas|Medley;skills=NA,"Sessão e blocos normalizados: pode usar integralmente ou recombinar blocos preservando objetivo, zona dominante, perfil, fase e regras RKF.",RKF_V5.0
RKF-A3-EST-06,A3 + força de perna,5700,5700,0,OK — EXATO / TETO RESPEITADO,Treinos_A3_100_200_Estilo,7,Adulto / não classificado,ATR / compatível com motor de fase,Rendimento — 100/200 estilo,Misto,A3 + força de perna,,VALAT|A3|A2|A1,Livre/Crawl|Costas|Medley,,Perna,,8,READY_WHOLE|BLOCKS_EXACT,YES,age=Adulto / não classificado;profile=Rendimento — 100/200 estilo;type=Misto;zones=VALAT|A3|A2|A1;styles=Livre/Crawl|Costas|Medley;skills=Perna,"Sessão e blocos normalizados: pode usar integralmente ou recombinar blocos preservando objetivo, zona dominante, perfil, fase e regras RKF.",RKF_V5.0
RKF-A3-EST-07,A3 descendente,5700,5700,0,OK — EXATO / TETO RESPEITADO,Treinos_A3_100_200_Estilo,8,Adulto / não classificado,ATR / compatível com motor de fase,Rendimento — 100/200 estilo,Misto,A3 descendente,,VALAT|A3|A1,Livre/Crawl|Costas|Medley,Palmar,,,8,READY_WHOLE|BLOCKS_EXACT,YES,age=Adulto / não classificado;profile=Rendimento — 100/200 estilo;type=Misto;zones=VALAT|A3|A1;styles=Livre/Crawl|Costas|Medley;skills=NA,"Sessão e blocos normalizados: pode usar integralmente ou recombinar blocos preservando objetivo, zona dominante, perfil, fase e regras RKF.",RKF_V5.0
RKF-A3-EST-08,A3 75s,5600,5600,0,OK — EXATO / TETO RESPEITADO,Treinos_A3_100_200_Estilo,9,Adulto / não classificado,ATR / compatível com motor de fase,Rendimento — 100/200 estilo,Misto,A3 75s,,VALAT|A3|A2|A1,Livre/Crawl|Costas|Medley,Palmar,Perna,,8,READY_WHOLE|BLOCKS_EXACT,YES,age=Adulto / não classificado;profile=Rendimento — 100/200 estilo;type=Misto;zones=VALAT|A3|A2|A1;styles=Livre/Crawl|Costas|Medley;skills=Perna,"Sessão e blocos normalizados: pode usar integralmente ou recombinar blocos preservando objetivo, zona dominante, perfil, fase e regras RKF.",RKF_V5.0
RKF-A3-EST-09,A3 contraste,5500,5500,0,OK — EXATO / TETO RESPEITADO,Treinos_A3_100_200_Estilo,10,Adulto / não classificado,ATR / compatível com motor de fase,Rendimento — 100/200 estilo,Misto,A3 contraste,,VALAT|A3|A1,Livre/Crawl|Costas|Medley,Palmar,Perna,,8,READY_WHOLE|BLOCKS_EXACT,YES,age=Adulto / não classificado;profile=Rendimento — 100/200 estilo;type=Misto;zones=VALAT|A3|A1;styles=Livre/Crawl|Costas|Medley;skills=Perna,"Sessão e blocos normalizados: pode usar integralmente ou recombinar blocos preservando objetivo, zona dominante, perfil, fase e regras RKF.",RKF_V5.0
RKF-A3-EST-10,A3 100 + 50,5500,5500,0,OK — EXATO / TETO RESPEITADO,Treinos_A3_100_200_Estilo,11,Adulto / não classificado,ATR / compatível com motor de fase,Rendimento — 100/200 estilo,Misto,A3 100 + 50,,VALAT|A3|A2|A1,Livre/Crawl|Costas|Medley,Palmar,Perna,,8,READY_WHOLE|BLOCKS_EXACT,YES,age=Adulto / não classificado;profile=Rendimento — 100/200 estilo;type=Misto;zones=VALAT|A3|A2|A1;styles=Livre/Crawl|Costas|Medley;skills=Perna,"Sessão e blocos normalizados: pode usar integralmente ou recombinar blocos preservando objetivo, zona dominante, perfil, fase e regras RKF.",RKF_V5.0
RKF-A3-EST-11,A3 50 +100 +50,5600,5600,0,OK — EXATO / TETO RESPEITADO,Treinos_A3_100_200_Estilo,12,Adulto / não classificado,ATR / compatível com motor de fase,Rendimento — 100/200 estilo,Misto,A3 50 +100 +50,,VALAT|A3|A1,Livre/Crawl|Costas|Medley,Palmar,Perna,,8,READY_WHOLE|BLOCKS_EXACT,YES,age=Adulto / não classificado;profile=Rendimento — 100/200 estilo;type=Misto;zones=VALAT|A3|A1;styles=Livre/Crawl|Costas|Medley;skills=Perna,"Sessão e blocos normalizados: pode usar integralmente ou recombinar blocos preservando objetivo, zona dominante, perfil, fase e regras RKF.",RKF_V5.0
RKF-A3-EST-12,A3 200 borboleta,5400,5400,0,OK — EXATO / TETO RESPEITADO,Treinos_A3_100_200_Estilo,13,Adulto / não classificado,ATR / compatível com motor de fase,Rendimento — 100/200 estilo,Misto,A3 200 borboleta,,VALAT|A3|A1,Livre/Crawl|Costas|Borboleta|Medley,Palmar,Submerso,,8,READY_WHOLE|BLOCKS_EXACT,YES,age=Adulto / não classificado;profile=Rendimento — 100/200 estilo;type=Misto;zones=VALAT|A3|A1;styles=Livre/Crawl|Costas|Borboleta|Medley;skills=Submerso,"Sessão e blocos normalizados: pode usar integralmente ou recombinar blocos preservando objetivo, zona dominante, perfil, fase e regras RKF.",RKF_V5.0
RKF-A3-EST-13,A3 200 costas,5600,5600,0,OK — EXATO / TETO RESPEITADO,Treinos_A3_100_200_Estilo,14,Adulto / não classificado,ATR / compatível com motor de fase,Rendimento — 100/200 estilo,Misto,A3 200 costas,,VALAT|A3|A1,Livre/Crawl|Costas|Medley,Palmar,Submerso|Perna,,8,READY_WHOLE|BLOCKS_EXACT,YES,age=Adulto / não classificado;profile=Rendimento — 100/200 estilo;type=Misto;zones=VALAT|A3|A1;styles=Livre/Crawl|Costas|Medley;skills=Submerso|Perna,"Sessão e blocos normalizados: pode usar integralmente ou recombinar blocos preservando objetivo, zona dominante, perfil, fase e regras RKF.",RKF_V5.0
RKF-A3-EST-14,A3 200 peito,5400,5400,0,OK — EXATO / TETO RESPEITADO,Treinos_A3_100_200_Estilo,15,Adulto / não classificado,ATR / compatível com motor de fase,Rendimento — 100/200 estilo,Misto,A3 200 peito,,VALAT|A3|A1,Livre/Crawl|Costas|Peito|Medley,Palmar,Perna,,8,READY_WHOLE|BLOCKS_EXACT,YES,age=Adulto / não classificado;profile=Rendimento — 100/200 estilo;type=Misto;zones=VALAT|A3|A1;styles=Livre/Crawl|Costas|Peito|Medley;skills=Perna,"Sessão e blocos normalizados: pode usar integralmente ou recombinar blocos preservando objetivo, zona dominante, perfil, fase e regras RKF.",RKF_V5.0
RKF-A3-EST-15,A3 100 estilo / maior velocidade,5400,5400,0,OK — EXATO / TETO RESPEITADO,Treinos_A3_100_200_Estilo,16,Adulto / não classificado,ATR / compatível com motor de fase,Rendimento — 100/200 estilo,Velocidade,A3 100 estilo / maior velocidade,,VALAT|A3|A2|A1,Livre/Crawl|Costas|Medley,,Perna,,8,READY_WHOLE|BLOCKS_EXACT,YES,age=Adulto / não classificado;profile=Rendimento — 100/200 estilo;type=Velocidade;zones=VALAT|A3|A2|A1;styles=Livre/Crawl|Costas|Medley;skills=Perna,"Sessão e blocos normalizados: pode usar integralmente ou recombinar blocos preservando objetivo, zona dominante, perfil, fase e regras RKF.",RKF_V5.0
RKF-A3-EST-16,A3 força → nado limpo,5600,5600,0,OK — EXATO / TETO RESPEITADO,Treinos_A3_100_200_Estilo,17,Adulto / não classificado,ATR / compatível com motor de fase,Rendimento — 100/200 estilo,Misto,A3 força → nado limpo,,VALAT|A3|A2|A1,Livre/Crawl|Costas|Medley,Palmar,Perna,,8,READY_WHOLE|BLOCKS_EXACT,YES,age=Adulto / não classificado;profile=Rendimento — 100/200 estilo;type=Misto;zones=VALAT|A3|A2|A1;styles=Livre/Crawl|Costas|Medley;skills=Perna,"Sessão e blocos normalizados: pode usar integralmente ou recombinar blocos preservando objetivo, zona dominante, perfil, fase e regras RKF.",RKF_V5.0
RKF-A3-EST-17,A3 com submerso,5600,5600,0,OK — EXATO / TETO RESPEITADO,Treinos_A3_100_200_Estilo,18,Adulto / não classificado,ATR / compatível com motor de fase,Rendimento — 100/200 estilo,Misto,A3 com submerso,,VALAT|A3|A1,Livre/Crawl|Costas|Medley,Palmar,Submerso,,8,READY_WHOLE|BLOCKS_EXACT,YES,age=Adulto / não classificado;profile=Rendimento — 100/200 estilo;type=Misto;zones=VALAT|A3|A1;styles=Livre/Crawl|Costas|Medley;skills=Submerso,"Sessão e blocos normalizados: pode usar integralmente ou recombinar blocos preservando objetivo, zona dominante, perfil, fase e regras RKF.",RKF_V5.0
RKF-A3-EST-18,A3 com recuperação ativa interna,5700,5700,0,OK — EXATO / TETO RESPEITADO,Treinos_A3_100_200_Estilo,19,Adulto / não classificado,ATR / compatível com motor de fase,Rendimento — 100/200 estilo,Misto,A3 com recuperação ativa interna,,VALAT|A3|A2|A1,Livre/Crawl|Costas|Medley,Palmar,Perna,,8,READY_WHOLE|BLOCKS_EXACT,YES,age=Adulto / não classificado;profile=Rendimento — 100/200 estilo;type=Misto;zones=VALAT|A3|A2|A1;styles=Livre/Crawl|Costas|Medley;skills=Perna,"Sessão e blocos normalizados: pode usar integralmente ou recombinar blocos preservando objetivo, zona dominante, perfil, fase e regras RKF.",RKF_V5.0
RKF-A3-EST-19,A3 densidade crescente,5800,5800,0,OK — EXATO / TETO RESPEITADO,Treinos_A3_100_200_Estilo,20,Adulto / não classificado,ATR / compatível com motor de fase,Rendimento — 100/200 estilo,Misto,A3 densidade crescente,,VALAT|A3|A1,Livre/Crawl|Costas|Medley,,Perna,,8,READY_WHOLE|BLOCKS_EXACT,YES,age=Adulto / não classificado;profile=Rendimento — 100/200 estilo;type=Misto;zones=VALAT|A3|A1;styles=Livre/Crawl|Costas|Medley;skills=Perna,"Sessão e blocos normalizados: pode usar integralmente ou recombinar blocos preservando objetivo, zona dominante, perfil, fase e regras RKF.",RKF_V5.0
RKF-A3-EST-20,RKF A3 TEST SET — 100/200 estilo,6000,6000,0,OK — EXATO / TETO RESPEITADO,Treinos_A3_100_200_Estilo,21,Adulto / não classificado,ATR / compatível com motor de fase,Rendimento — 100/200 estilo,Misto,RKF A3 TEST SET — 100/200 estilo,,VALAT|A3|A1,Livre/Crawl|Costas|Medley,Palmar,Submerso|Braçadas|Perna,,8,READY_WHOLE|BLOCKS_EXACT,YES,age=Adulto / não classificado;profile=Rendimento — 100/200 estilo;type=Misto;zones=VALAT|A3|A1;styles=Livre/Crawl|Costas|Medley;skills=Submerso|Braçadas|Perna,"Sessão e blocos normalizados: pode usar integralmente ou recombinar blocos preservando objetivo, zona dominante, perfil, fase e regras RKF.",RKF_V5.0
RKF-ANA-01,AN1 8×100,3600,3600,0,OK,Treinos_Anaerobicos_RKF,2,Adulto / não classificado,ATR / compatível com motor de fase,AN1 — produção sustentada,Anaeróbio,AN1 8×100,,VALAT|AN1|A2|A1,,,,,5,READY_WHOLE|BLOCKS_EXACT,YES,age=Adulto / não classificado;profile=AN1 — produção sustentada;type=Anaeróbio;zones=VALAT|AN1|A2|A1;styles=NA;skills=NA,"Sessão e blocos normalizados: pode usar integralmente ou recombinar blocos preservando objetivo, zona dominante, perfil, fase e regras RKF.",RKF_V5.0
RKF-ANA-02,AN1 10×100,3700,3700,0,OK,Treinos_Anaerobicos_RKF,3,Adulto / não classificado,ATR / compatível com motor de fase,AN1 — produção sustentada,Anaeróbio,AN1 10×100,,VALAT|AN1|A2|A1,,,,,5,READY_WHOLE|BLOCKS_EXACT,YES,age=Adulto / não classificado;profile=AN1 — produção sustentada;type=Anaeróbio;zones=VALAT|AN1|A2|A1;styles=NA;skills=NA,"Sessão e blocos normalizados: pode usar integralmente ou recombinar blocos preservando objetivo, zona dominante, perfil, fase e regras RKF.",RKF_V5.0
RKF-ANA-03,AN1 50/100,3600,3600,0,OK,Treinos_Anaerobicos_RKF,4,Adulto / não classificado,ATR / compatível com motor de fase,AN1 — produção sustentada,Anaeróbio,AN1 50/100,,VALAT|AN1|A2|A1,,,,,5,READY_WHOLE|BLOCKS_EXACT,YES,age=Adulto / não classificado;profile=AN1 — produção sustentada;type=Anaeróbio;zones=VALAT|AN1|A2|A1;styles=NA;skills=NA,"Sessão e blocos normalizados: pode usar integralmente ou recombinar blocos preservando objetivo, zona dominante, perfil, fase e regras RKF.",RKF_V5.0
RKF-ANA-04,AN1 200 quebrado,3800,3800,0,OK,Treinos_Anaerobicos_RKF,5,Adulto / não classificado,ATR / compatível com motor de fase,AN1 — produção sustentada,Anaeróbio,AN1 200 quebrado,,VALAT|AN1|A2|A1,,,,,5,READY_WHOLE|BLOCKS_EXACT,YES,age=Adulto / não classificado;profile=AN1 — produção sustentada;type=Anaeróbio;zones=VALAT|AN1|A2|A1;styles=NA;skills=NA,"Sessão e blocos normalizados: pode usar integralmente ou recombinar blocos preservando objetivo, zona dominante, perfil, fase e regras RKF.",RKF_V5.0
RKF-ANA-05,AN1 12×75,3500,3500,0,OK,Treinos_Anaerobicos_RKF,6,Adulto / não classificado,ATR / compatível com motor de fase,AN1 — produção sustentada,Anaeróbio,AN1 12×75,,VALAT|AN1|A2|A1,,,,,5,READY_WHOLE|BLOCKS_EXACT,YES,age=Adulto / não classificado;profile=AN1 — produção sustentada;type=Anaeróbio;zones=VALAT|AN1|A2|A1;styles=NA;skills=NA,"Sessão e blocos normalizados: pode usar integralmente ou recombinar blocos preservando objetivo, zona dominante, perfil, fase e regras RKF.",RKF_V5.0
RKF-ANA-06,AN1 6×150,3600,3600,0,OK,Treinos_Anaerobicos_RKF,7,Adulto / não classificado,ATR / compatível com motor de fase,AN1 — produção sustentada,Anaeróbio,AN1 6×150,,VALAT|AN1|A2|A1,,,,,5,READY_WHOLE|BLOCKS_EXACT,YES,age=Adulto / não classificado;profile=AN1 — produção sustentada;type=Anaeróbio;zones=VALAT|AN1|A2|A1;styles=NA;skills=NA,"Sessão e blocos normalizados: pode usar integralmente ou recombinar blocos preservando objetivo, zona dominante, perfil, fase e regras RKF.",RKF_V5.0
RKF-ANA-07,AN1 100/50 crescente,3700,3700,0,OK,Treinos_Anaerobicos_RKF,8,Adulto / não classificado,ATR / compatível com motor de fase,AN1 — produção sustentada,Anaeróbio,AN1 100/50 crescente,,VALAT|AN1|A2|A1,,,,,5,READY_WHOLE|BLOCKS_EXACT,YES,age=Adulto / não classificado;profile=AN1 — produção sustentada;type=Anaeróbio;zones=VALAT|AN1|A2|A1;styles=NA;skills=NA,"Sessão e blocos normalizados: pode usar integralmente ou recombinar blocos preservando objetivo, zona dominante, perfil, fase e regras RKF.",RKF_V5.0
RKF-ANA-08,AN1 4×200,3700,3700,0,OK,Treinos_Anaerobicos_RKF,9,Adulto / não classificado,ATR / compatível com motor de fase,AN1 — produção sustentada,Anaeróbio,AN1 4×200,,VALAT|AN1|A3|A2|A1,,,,,5,READY_WHOLE|BLOCKS_EXACT,YES,age=Adulto / não classificado;profile=AN1 — produção sustentada;type=Anaeróbio;zones=VALAT|AN1|A3|A2|A1;styles=NA;skills=NA,"Sessão e blocos normalizados: pode usar integralmente ou recombinar blocos preservando objetivo, zona dominante, perfil, fase e regras RKF.",RKF_V5.0
RKF-ANA-09,AN1 especialidade,3900,3900,0,OK,Treinos_Anaerobicos_RKF,10,Adulto / não classificado,ATR / compatível com motor de fase,AN1 — produção sustentada,Anaeróbio,AN1 especialidade,,VALAT|AN1|A2|A1,Livre/Crawl|Costas,,,,5,READY_WHOLE|BLOCKS_EXACT,YES,age=Adulto / não classificado;profile=AN1 — produção sustentada;type=Anaeróbio;zones=VALAT|AN1|A2|A1;styles=Livre/Crawl|Costas;skills=NA,"Sessão e blocos normalizados: pode usar integralmente ou recombinar blocos preservando objetivo, zona dominante, perfil, fase e regras RKF.",RKF_V5.0
RKF-ANA-10,RKF AN1 TEST,4100,4100,0,OK,Treinos_Anaerobicos_RKF,11,Adulto / não classificado,ATR / compatível com motor de fase,AN1 — produção sustentada,Anaeróbio,RKF AN1 TEST,,VALAT|AN1|A3|A2|A1,,,Submerso,,5,READY_WHOLE|BLOCKS_EXACT,YES,age=Adulto / não classificado;profile=AN1 — produção sustentada;type=Anaeróbio;zones=VALAT|AN1|A3|A2|A1;styles=NA;skills=Submerso,"Sessão e blocos normalizados: pode usar integralmente ou recombinar blocos preservando objetivo, zona dominante, perfil, fase e regras RKF.",RKF_V5.0
RKF-ANA-11,Modelo RKF clássico,3200,3200,0,OK,Treinos_Anaerobicos_RKF,12,Adulto / não classificado,ATR / compatível com motor de fase,Produção → remoção → reprodução,Anaeróbio,Modelo RKF clássico,,VALAT|AN2|AN1|A1,,,,,5,READY_WHOLE|BLOCKS_EXACT,YES,age=Adulto / não classificado;profile=Produção → remoção → reprodução;type=Anaeróbio;zones=VALAT|AN2|AN1|A1;styles=NA;skills=NA,"Sessão e blocos normalizados: pode usar integralmente ou recombinar blocos preservando objetivo, zona dominante, perfil, fase e regras RKF.",RKF_V5.0
RKF-ANA-12,100 → 50,3600,3600,0,OK,Treinos_Anaerobicos_RKF,13,Adulto / não classificado,ATR / compatível com motor de fase,Produção → remoção → reprodução,Anaeróbio,100 → 50,,VALAT|AN2|AN1|A1,,,,,5,READY_WHOLE|BLOCKS_EXACT,YES,age=Adulto / não classificado;profile=Produção → remoção → reprodução;type=Anaeróbio;zones=VALAT|AN2|AN1|A1;styles=NA;skills=NA,"Sessão e blocos normalizados: pode usar integralmente ou recombinar blocos preservando objetivo, zona dominante, perfil, fase e regras RKF.",RKF_V5.0
RKF-ANA-13,Escada anaeróbica,3625,3625,0,OK,Treinos_Anaerobicos_RKF,14,Adulto / não classificado,ATR / compatível com motor de fase,Produção → remoção → reprodução,Anaeróbio,Escada anaeróbica,,VALAT|AN2|AN1|A1,,,,,5,READY_WHOLE|BLOCKS_EXACT,YES,age=Adulto / não classificado;profile=Produção → remoção → reprodução;type=Anaeróbio;zones=VALAT|AN2|AN1|A1;styles=NA;skills=NA,"Sessão e blocos normalizados: pode usar integralmente ou recombinar blocos preservando objetivo, zona dominante, perfil, fase e regras RKF.",RKF_V5.0
RKF-ANA-14,Produção crescente,3500,3500,0,OK,Treinos_Anaerobicos_RKF,15,Adulto / não classificado,ATR / compatível com motor de fase,Produção → remoção → reprodução,Anaeróbio,Produção crescente,,VALAT|AN2|AN1|A1,,,,,5,READY_WHOLE|BLOCKS_EXACT,YES,age=Adulto / não classificado;profile=Produção → remoção → reprodução;type=Anaeróbio;zones=VALAT|AN2|AN1|A1;styles=NA;skills=NA,"Sessão e blocos normalizados: pode usar integralmente ou recombinar blocos preservando objetivo, zona dominante, perfil, fase e regras RKF.",RKF_V5.0
RKF-ANA-15,150 →100 →50,3700,3700,0,OK,Treinos_Anaerobicos_RKF,16,Adulto / não classificado,ATR / compatível com motor de fase,Produção → remoção → reprodução,Anaeróbio,150 →100 →50,,VALAT|AN2|AN1|A1,,,,,5,READY_WHOLE|BLOCKS_EXACT,YES,age=Adulto / não classificado;profile=Produção → remoção → reprodução;type=Anaeróbio;zones=VALAT|AN2|AN1|A1;styles=NA;skills=NA,"Sessão e blocos normalizados: pode usar integralmente ou recombinar blocos preservando objetivo, zona dominante, perfil, fase e regras RKF.",RKF_V5.0
RKF-ANA-16,200 →100 →50,3900,3900,0,OK,Treinos_Anaerobicos_RKF,17,Adulto / não classificado,ATR / compatível com motor de fase,Produção → remoção → reprodução,Anaeróbio,200 →100 →50,,VALAT|AN2|AN1|A1,,,,,5,READY_WHOLE|BLOCKS_EXACT,YES,age=Adulto / não classificado;profile=Produção → remoção → reprodução;type=Anaeróbio;zones=VALAT|AN2|AN1|A1;styles=NA;skills=NA,"Sessão e blocos normalizados: pode usar integralmente ou recombinar blocos preservando objetivo, zona dominante, perfil, fase e regras RKF.",RKF_V5.0
RKF-ANA-17,Especialidade 100,3200,3200,0,OK,Treinos_Anaerobicos_RKF,18,Adulto / não classificado,ATR / compatível com motor de fase,Produção → remoção → reprodução,Anaeróbio,Especialidade 100,,VALAT|AN2|AN1|A1,Livre/Crawl,,,,5,READY_WHOLE|BLOCKS_EXACT,YES,age=Adulto / não classificado;profile=Produção → remoção → reprodução;type=Anaeróbio;zones=VALAT|AN2|AN1|A1;styles=Livre/Crawl;skills=NA,"Sessão e blocos normalizados: pode usar integralmente ou recombinar blocos preservando objetivo, zona dominante, perfil, fase e regras RKF.",RKF_V5.0
RKF-ANA-18,Especialidade 200,4000,4000,0,OK,Treinos_Anaerobicos_RKF,19,Adulto / não classificado,ATR / compatível com motor de fase,Produção → remoção → reprodução,Anaeróbio,Especialidade 200,,VALAT|AN2|AN1|A1,Livre/Crawl,,,,5,READY_WHOLE|BLOCKS_EXACT,YES,age=Adulto / não classificado;profile=Produção → remoção → reprodução;type=Anaeróbio;zones=VALAT|AN2|AN1|A1;styles=Livre/Crawl;skills=NA,"Sessão e blocos normalizados: pode usar integralmente ou recombinar blocos preservando objetivo, zona dominante, perfil, fase e regras RKF.",RKF_V5.0
RKF-ANA-19,Lactate recycle,3900,3900,0,OK,Treinos_Anaerobicos_RKF,20,Adulto / não classificado,ATR / compatível com motor de fase,Produção → remoção → reprodução,Anaeróbio,Lactate recycle,,VALAT|AN2|AN1|A1,,,,,5,READY_WHOLE|BLOCKS_EXACT,YES,age=Adulto / não classificado;profile=Produção → remoção → reprodução;type=Anaeróbio;zones=VALAT|AN2|AN1|A1;styles=NA;skills=NA,"Sessão e blocos normalizados: pode usar integralmente ou recombinar blocos preservando objetivo, zona dominante, perfil, fase e regras RKF.",RKF_V5.0
RKF-ANA-20,RKF PRODUCTION/REMOVAL TEST,3800,3800,0,OK,Treinos_Anaerobicos_RKF,21,Adulto / não classificado,ATR / compatível com motor de fase,Produção → remoção → reprodução,Anaeróbio,RKF PRODUCTION/REMOVAL TEST,,VALAT|AN2|AN1|A2|A1,,,,,5,READY_WHOLE|BLOCKS_EXACT,YES,age=Adulto / não classificado;profile=Produção → remoção → reprodução;type=Anaeróbio;zones=VALAT|AN2|AN1|A2|A1;styles=NA;skills=NA,"Sessão e blocos normalizados: pode usar integralmente ou recombinar blocos preservando objetivo, zona dominante, perfil, fase e regras RKF.",RKF_V5.0
RKF-ANA-21,4×100 AN2,3000,3000,0,OK,Treinos_Anaerobicos_RKF,22,Adulto / não classificado,ATR / compatível com motor de fase,AN2 — máxima intensidade,Anaeróbio,4×100 AN2,,VALAT|AN2|A2|A1,,,,,5,READY_WHOLE|BLOCKS_EXACT,YES,age=Adulto / não classificado;profile=AN2 — máxima intensidade;type=Anaeróbio;zones=VALAT|AN2|A2|A1;styles=NA;skills=NA,"Sessão e blocos normalizados: pode usar integralmente ou recombinar blocos preservando objetivo, zona dominante, perfil, fase e regras RKF.",RKF_V5.0
RKF-ANA-22,6×100 AN2,3400,3400,0,OK,Treinos_Anaerobicos_RKF,23,Adulto / não classificado,ATR / compatível com motor de fase,AN2 — máxima intensidade,Anaeróbio,6×100 AN2,,VALAT|AN2|A2|A1,,,,,5,READY_WHOLE|BLOCKS_EXACT,YES,age=Adulto / não classificado;profile=AN2 — máxima intensidade;type=Anaeróbio;zones=VALAT|AN2|A2|A1;styles=NA;skills=NA,"Sessão e blocos normalizados: pode usar integralmente ou recombinar blocos preservando objetivo, zona dominante, perfil, fase e regras RKF.",RKF_V5.0
RKF-ANA-23,3×200 AN2,3400,3400,0,OK,Treinos_Anaerobicos_RKF,24,Adulto / não classificado,ATR / compatível com motor de fase,AN2 — máxima intensidade,Anaeróbio,3×200 AN2,,VALAT|AN2|A2|A1,,,,,5,READY_WHOLE|BLOCKS_EXACT,YES,age=Adulto / não classificado;profile=AN2 — máxima intensidade;type=Anaeróbio;zones=VALAT|AN2|A2|A1;styles=NA;skills=NA,"Sessão e blocos normalizados: pode usar integralmente ou recombinar blocos preservando objetivo, zona dominante, perfil, fase e regras RKF.",RKF_V5.0
RKF-ANA-24,2×200 AN2,3100,3100,0,OK,Treinos_Anaerobicos_RKF,25,Adulto / não classificado,ATR / compatível com motor de fase,AN2 — máxima intensidade,Anaeróbio,2×200 AN2,,VALAT|AN2|A3|A2|A1,,,,,5,READY_WHOLE|BLOCKS_EXACT,YES,age=Adulto / não classificado;profile=AN2 — máxima intensidade;type=Anaeróbio;zones=VALAT|AN2|A3|A2|A1;styles=NA;skills=NA,"Sessão e blocos normalizados: pode usar integralmente ou recombinar blocos preservando objetivo, zona dominante, perfil, fase e regras RKF.",RKF_V5.0
RKF-ANA-25,8×50 AN2,3000,3000,0,OK,Treinos_Anaerobicos_RKF,26,Adulto / não classificado,ATR / compatível com motor de fase,AN2 — máxima intensidade,Anaeróbio,8×50 AN2,,VALAT|AN2|A2|A1,,,,,5,READY_WHOLE|BLOCKS_EXACT,YES,age=Adulto / não classificado;profile=AN2 — máxima intensidade;type=Anaeróbio;zones=VALAT|AN2|A2|A1;styles=NA;skills=NA,"Sessão e blocos normalizados: pode usar integralmente ou recombinar blocos preservando objetivo, zona dominante, perfil, fase e regras RKF.",RKF_V5.0
RKF-ANA-26,12×50 AN2,3400,3400,0,OK,Treinos_Anaerobicos_RKF,27,Adulto / não classificado,ATR / compatível com motor de fase,AN2 — máxima intensidade,Anaeróbio,12×50 AN2,,VALAT|AN2|A2|A1,,,,,5,READY_WHOLE|BLOCKS_EXACT,YES,age=Adulto / não classificado;profile=AN2 — máxima intensidade;type=Anaeróbio;zones=VALAT|AN2|A2|A1;styles=NA;skills=NA,"Sessão e blocos normalizados: pode usar integralmente ou recombinar blocos preservando objetivo, zona dominante, perfil, fase e regras RKF.",RKF_V5.0
RKF-ANA-27,100/200 AN2,3500,3500,0,OK,Treinos_Anaerobicos_RKF,28,Adulto / não classificado,ATR / compatível com motor de fase,AN2 — máxima intensidade,Anaeróbio,100/200 AN2,,VALAT|AN2|A2|A1,,,,,5,READY_WHOLE|BLOCKS_EXACT,YES,age=Adulto / não classificado;profile=AN2 — máxima intensidade;type=Anaeróbio;zones=VALAT|AN2|A2|A1;styles=NA;skills=NA,"Sessão e blocos normalizados: pode usar integralmente ou recombinar blocos preservando objetivo, zona dominante, perfil, fase e regras RKF.",RKF_V5.0
RKF-ANA-28,400 AN2,3300,3300,0,OK,Treinos_Anaerobicos_RKF,29,Adulto / não classificado,ATR / compatível com motor de fase,AN2 — máxima intensidade,Anaeróbio,400 AN2,,VALAT|AN2|A2|A1,,,,,5,READY_WHOLE|BLOCKS_EXACT,YES,age=Adulto / não classificado;profile=AN2 — máxima intensidade;type=Anaeróbio;zones=VALAT|AN2|A2|A1;styles=NA;skills=NA,"Sessão e blocos normalizados: pode usar integralmente ou recombinar blocos preservando objetivo, zona dominante, perfil, fase e regras RKF.",RKF_V5.0
RKF-ANA-29,2×400 AN2,3700,3700,0,OK,Treinos_Anaerobicos_RKF,30,Adulto / não classificado,ATR / compatível com motor de fase,AN2 — máxima intensidade,Anaeróbio,2×400 AN2,,VALAT|AN2|A2|A1,,,,,5,READY_WHOLE|BLOCKS_EXACT,YES,age=Adulto / não classificado;profile=AN2 — máxima intensidade;type=Anaeróbio;zones=VALAT|AN2|A2|A1;styles=NA;skills=NA,"Sessão e blocos normalizados: pode usar integralmente ou recombinar blocos preservando objetivo, zona dominante, perfil, fase e regras RKF.",RKF_V5.0
RKF-ANA-30,RKF AN2 TEST SET,3800,3800,0,OK,Treinos_Anaerobicos_RKF,31,Adulto / não classificado,ATR / compatível com motor de fase,AN2 — máxima intensidade,Anaeróbio,RKF AN2 TEST SET,,VALAT|AN2|A3|A2|A1,,,Submerso,,5,READY_WHOLE|BLOCKS_EXACT,YES,age=Adulto / não classificado;profile=AN2 — máxima intensidade;type=Anaeróbio;zones=VALAT|AN2|A3|A2|A1;styles=NA;skills=Submerso,"Sessão e blocos normalizados: pode usar integralmente ou recombinar blocos preservando objetivo, zona dominante, perfil, fase e regras RKF.",RKF_V5.0
RKF-VALAT-01,Aceleração em camadas,3200,3200,0,OK — ESCOPO RESPEITADO,Treinos_VALAT_RKF,2,Adulto / não classificado,ATR / compatível com motor de fase,Geral,Velocidade alática,Aceleração progressiva,,VALAT|A2|A1,Livre/Crawl,,Scull|Perna,,8,READY_WHOLE|BLOCKS_EXACT,YES,age=Adulto / não classificado;profile=Geral;type=Velocidade alática;zones=VALAT|A2|A1;styles=Livre/Crawl;skills=Scull|Perna,"Sessão e blocos normalizados: pode usar integralmente ou recombinar blocos preservando objetivo, zona dominante, perfil, fase e regras RKF.",RKF_V5.0
RKF-VALAT-02,Velocidade interrompe o aeróbico,3600,3600,0,OK — ESCOPO RESPEITADO,Treinos_VALAT_RKF,3,Adulto / não classificado,ATR / compatível com motor de fase,Geral,Velocidade alática,Microdoses no aeróbico,,VALAT|A2|A1,Livre/Crawl|Medley,,Perna,,8,READY_WHOLE|BLOCKS_EXACT,YES,age=Adulto / não classificado;profile=Geral;type=Velocidade alática;zones=VALAT|A2|A1;styles=Livre/Crawl|Medley;skills=Perna,"Sessão e blocos normalizados: pode usar integralmente ou recombinar blocos preservando objetivo, zona dominante, perfil, fase e regras RKF.",RKF_V5.0
RKF-VALAT-03,Perna→velocidade→perna→velocidade,3400,3400,0,OK — ESCOPO RESPEITADO,Treinos_VALAT_RKF,4,Adulto / não classificado,ATR / compatível com motor de fase,Geral,Velocidade alática,Perna e transferência,,VALAT|A2|A1,Livre/Crawl|Costas,,Perna,,8,READY_WHOLE|BLOCKS_EXACT,YES,age=Adulto / não classificado;profile=Geral;type=Velocidade alática;zones=VALAT|A2|A1;styles=Livre/Crawl|Costas;skills=Perna,"Sessão e blocos normalizados: pode usar integralmente ou recombinar blocos preservando objetivo, zona dominante, perfil, fase e regras RKF.",RKF_V5.0
RKF-VALAT-04,Velocidade no aquecimento,3200,3200,0,OK — ESCOPO RESPEITADO,Treinos_VALAT_RKF,5,Adulto / não classificado,ATR / compatível com motor de fase,Geral,Velocidade alática,VALAT desde o aquecimento,,VALAT|A1,Livre/Crawl,,Breakout|Perna,,7,READY_WHOLE|BLOCKS_EXACT,YES,age=Adulto / não classificado;profile=Geral;type=Velocidade alática;zones=VALAT|A1;styles=Livre/Crawl;skills=Breakout|Perna,"Sessão e blocos normalizados: pode usar integralmente ou recombinar blocos preservando objetivo, zona dominante, perfil, fase e regras RKF.",RKF_V5.0
RKF-VALAT-05,Virada explosiva,3100,3100,0,OK — ESCOPO RESPEITADO,Treinos_VALAT_RKF,6,Adulto / não classificado,ATR / compatível com motor de fase,Geral,Velocidade alática,Virada e saída de parede,,VALAT|A2|A1,Livre/Crawl,,Perna,,7,READY_WHOLE|BLOCKS_EXACT,YES,age=Adulto / não classificado;profile=Geral;type=Velocidade alática;zones=VALAT|A2|A1;styles=Livre/Crawl;skills=Perna,"Sessão e blocos normalizados: pode usar integralmente ou recombinar blocos preservando objetivo, zona dominante, perfil, fase e regras RKF.",RKF_V5.0
RKF-VALAT-06,Saída / 15m / 25m,3200,3200,0,OK — ESCOPO RESPEITADO,Treinos_VALAT_RKF,7,Adulto / não classificado,ATR / compatível com motor de fase,Geral,Velocidade alática,Saída e breakout,,VALAT|A1,Livre/Crawl,,Breakout|Perna,,8,READY_WHOLE|BLOCKS_EXACT,YES,age=Adulto / não classificado;profile=Geral;type=Velocidade alática;zones=VALAT|A1;styles=Livre/Crawl;skills=Breakout|Perna,"Sessão e blocos normalizados: pode usar integralmente ou recombinar blocos preservando objetivo, zona dominante, perfil, fase e regras RKF.",RKF_V5.0
RKF-VALAT-07,Contraste pesado→livre,3100,3100,0,OK — ESCOPO RESPEITADO,Treinos_VALAT_RKF,8,Adulto / não classificado,ATR / compatível com motor de fase,Geral,Velocidade alática,Força/contraste,,VALAT|A2|A1,Livre/Crawl,Pé de pato|Paraquedas,,,7,READY_WHOLE|BLOCKS_EXACT,YES,age=Adulto / não classificado;profile=Geral;type=Velocidade alática;zones=VALAT|A2|A1;styles=Livre/Crawl;skills=NA,"Sessão e blocos normalizados: pode usar integralmente ou recombinar blocos preservando objetivo, zona dominante, perfil, fase e regras RKF.",RKF_V5.0
RKF-VALAT-08,Overspeed,3100,3100,0,OK — ESCOPO RESPEITADO,Treinos_VALAT_RKF,9,Adulto / não classificado,ATR / compatível com motor de fase,Geral,Velocidade alática,Overspeed,,VALAT|A1,Livre/Crawl,Pé de pato,Perna,,8,READY_WHOLE|BLOCKS_EXACT,YES,age=Adulto / não classificado;profile=Geral;type=Velocidade alática;zones=VALAT|A1;styles=Livre/Crawl;skills=Perna,"Sessão e blocos normalizados: pode usar integralmente ou recombinar blocos preservando objetivo, zona dominante, perfil, fase e regras RKF.",RKF_V5.0
RKF-VALAT-09,Educativo em velocidade,3000,3000,0,OK — ESCOPO RESPEITADO,Treinos_VALAT_RKF,10,Adulto / não classificado,ATR / compatível com motor de fase,Geral,Velocidade alática,Educativo rápido,,VALAT|A1,Livre/Crawl,,Scull|Perna|Coordenação,,7,READY_WHOLE|BLOCKS_EXACT,YES,age=Adulto / não classificado;profile=Geral;type=Velocidade alática;zones=VALAT|A1;styles=Livre/Crawl;skills=Scull|Perna|Coordenação,"Sessão e blocos normalizados: pode usar integralmente ou recombinar blocos preservando objetivo, zona dominante, perfil, fase e regras RKF.",RKF_V5.0
RKF-VALAT-10,Submerso + breakout,3400,3400,0,OK — ESCOPO RESPEITADO,Treinos_VALAT_RKF,11,Adulto / não classificado,ATR / compatível com motor de fase,Geral,Velocidade alática,Submerso/breakout,,VALAT|A1,Livre/Crawl|Costas,,Submerso|Breakout|Perna,,8,READY_WHOLE|BLOCKS_EXACT,YES,age=Adulto / não classificado;profile=Geral;type=Velocidade alática;zones=VALAT|A1;styles=Livre/Crawl|Costas;skills=Submerso|Breakout|Perna,"Sessão e blocos normalizados: pode usar integralmente ou recombinar blocos preservando objetivo, zona dominante, perfil, fase e regras RKF.",RKF_V5.0
RKF-VALAT-11,Frequência × comprimento,3500,3500,0,OK — ESCOPO RESPEITADO,Treinos_VALAT_RKF,12,Adulto / não classificado,ATR / compatível com motor de fase,Geral,Velocidade alática,Frequência e amplitude,,VALAT|A2|A1,Livre/Crawl,,Perna,,8,READY_WHOLE|BLOCKS_EXACT,YES,age=Adulto / não classificado;profile=Geral;type=Velocidade alática;zones=VALAT|A2|A1;styles=Livre/Crawl;skills=Perna,"Sessão e blocos normalizados: pode usar integralmente ou recombinar blocos preservando objetivo, zona dominante, perfil, fase e regras RKF.",RKF_V5.0
RKF-VALAT-12,Microdoses de velocidade,3300,3300,0,OK — ESCOPO RESPEITADO,Treinos_VALAT_RKF,13,Adulto / não classificado,ATR / compatível com motor de fase,Geral,Velocidade alática,Microdoses distribuídas,,VALAT|A2|A1,Livre/Crawl,,Perna,,7,READY_WHOLE|BLOCKS_EXACT,YES,age=Adulto / não classificado;profile=Geral;type=Velocidade alática;zones=VALAT|A2|A1;styles=Livre/Crawl;skills=Perna,"Sessão e blocos normalizados: pode usar integralmente ou recombinar blocos preservando objetivo, zona dominante, perfil, fase e regras RKF.",RKF_V5.0
RKF-VALAT-13,Quatro estilos,3600,3600,0,OK — ESCOPO RESPEITADO,Treinos_VALAT_RKF,14,Adulto / não classificado,ATR / compatível com motor de fase,Geral,Velocidade alática,4 estilos,,VALAT|A1,Livre/Crawl|Borboleta|Medley,,Perna,,8,READY_WHOLE|BLOCKS_EXACT,YES,age=Adulto / não classificado;profile=Geral;type=Velocidade alática;zones=VALAT|A1;styles=Livre/Crawl|Borboleta|Medley;skills=Perna,"Sessão e blocos normalizados: pode usar integralmente ou recombinar blocos preservando objetivo, zona dominante, perfil, fase e regras RKF.",RKF_V5.0
RKF-VALAT-14,Perna alática pura,3100,3100,0,OK — ESCOPO RESPEITADO,Treinos_VALAT_RKF,15,Adulto / não classificado,ATR / compatível com motor de fase,Geral,Velocidade alática,Perna alática,,VALAT|A1,Livre/Crawl|Costas,,Perna,,8,READY_WHOLE|BLOCKS_EXACT,YES,age=Adulto / não classificado;profile=Geral;type=Velocidade alática;zones=VALAT|A1;styles=Livre/Crawl|Costas;skills=Perna,"Sessão e blocos normalizados: pode usar integralmente ou recombinar blocos preservando objetivo, zona dominante, perfil, fase e regras RKF.",RKF_V5.0
RKF-VALAT-15,VALAT no final,3800,3800,0,OK — ESCOPO RESPEITADO,Treinos_VALAT_RKF,16,Adulto / não classificado,ATR / compatível com motor de fase,Geral,Velocidade alática,Velocidade sob volume prévio,,VALAT|A2|A1,Livre/Crawl,,Perna,,7,READY_WHOLE|BLOCKS_EXACT,YES,age=Adulto / não classificado;profile=Geral;type=Velocidade alática;zones=VALAT|A2|A1;styles=Livre/Crawl;skills=Perna,"Sessão e blocos normalizados: pode usar integralmente ou recombinar blocos preservando objetivo, zona dominante, perfil, fase e regras RKF.",RKF_V5.0
RKF-VALAT-16,VALAT no início,3200,3200,0,OK — ESCOPO RESPEITADO,Treinos_VALAT_RKF,17,Adulto / não classificado,ATR / compatível com motor de fase,Geral,Velocidade alática,Velocidade com atleta fresco,,VALAT|A2|A1,Livre/Crawl,,Perna,,8,READY_WHOLE|BLOCKS_EXACT,YES,age=Adulto / não classificado;profile=Geral;type=Velocidade alática;zones=VALAT|A2|A1;styles=Livre/Crawl;skills=Perna,"Sessão e blocos normalizados: pode usar integralmente ou recombinar blocos preservando objetivo, zona dominante, perfil, fase e regras RKF.",RKF_V5.0
RKF-VALAT-17,VALAT em três momentos,3600,3600,0,OK — ESCOPO RESPEITADO,Treinos_VALAT_RKF,18,Adulto / não classificado,ATR / compatível com motor de fase,Geral,Velocidade alática,Retenção em 3 momentos,,VALAT|A1,Livre/Crawl,,Breakout|Perna,,9,READY_WHOLE|BLOCKS_EXACT,YES,age=Adulto / não classificado;profile=Geral;type=Velocidade alática;zones=VALAT|A1;styles=Livre/Crawl;skills=Breakout|Perna,"Sessão e blocos normalizados: pode usar integralmente ou recombinar blocos preservando objetivo, zona dominante, perfil, fase e regras RKF.",RKF_V5.0
RKF-VALAT-18,Start → Turn → Finish,3700,3700,0,OK — ESCOPO RESPEITADO,Treinos_VALAT_RKF,19,Adulto / não classificado,ATR / compatível com motor de fase,Geral,Velocidade alática,Start/turn/finish,,A1,Livre/Crawl,,Perna,,10,READY_WHOLE|BLOCKS_EXACT,YES,age=Adulto / não classificado;profile=Geral;type=Velocidade alática;zones=A1;styles=Livre/Crawl;skills=Perna,"Sessão e blocos normalizados: pode usar integralmente ou recombinar blocos preservando objetivo, zona dominante, perfil, fase e regras RKF.",RKF_V5.0
RKF-VALAT-19,Contraste multimaterial,3500,3500,0,OK — ESCOPO RESPEITADO,Treinos_VALAT_RKF,20,Adulto / não classificado,ATR / compatível com motor de fase,Geral,Velocidade alática,Contraste multimaterial,,VALAT|A1,Livre/Crawl,Palmar|Pé de pato|Paraquedas,,,8,READY_WHOLE|BLOCKS_EXACT,YES,age=Adulto / não classificado;profile=Geral;type=Velocidade alática;zones=VALAT|A1;styles=Livre/Crawl;skills=NA,"Sessão e blocos normalizados: pode usar integralmente ou recombinar blocos preservando objetivo, zona dominante, perfil, fase e regras RKF.",RKF_V5.0
RKF-VALAT-20,RKF Velocity Lab,4100,4100,0,OK — ESCOPO RESPEITADO,Treinos_VALAT_RKF,21,Adulto / não classificado,ATR / compatível com motor de fase,Geral,Velocidade alática,Teste integrado de velocidade,,VALAT|A1,Livre/Crawl|Costas|Peito,,Submerso|Perna,,12,READY_WHOLE|BLOCKS_EXACT,YES,age=Adulto / não classificado;profile=Geral;type=Velocidade alática;zones=VALAT|A1;styles=Livre/Crawl|Costas|Peito;skills=Submerso|Perna,"Sessão e blocos normalizados: pode usar integralmente ou recombinar blocos preservando objetivo, zona dominante, perfil, fase e regras RKF.",RKF_V5.0
RKF-REG-01,Reset técnico,3600,3600,0,OK — VOLUME E OBJETIVO,Treinos_Regenerativos_RKF,2,Adulto / não classificado,ATR / compatível com motor de fase,Geral,Regenerativo,Reset técnico,A0/A1 predominante,A1,Livre/Crawl|Costas|Peito,,Scull|Braçadas|Respiração,,6,READY_WHOLE|BLOCKS_EXACT,YES,age=Adulto / não classificado;profile=Geral;type=Regenerativo;zones=A1;styles=Livre/Crawl|Costas|Peito;skills=Scull|Braçadas|Respiração,"Sessão e blocos normalizados: pode usar integralmente ou recombinar blocos preservando objetivo, zona dominante, perfil, fase e regras RKF.",RKF_V5.0
RKF-REG-02,Quatro estilos relaxados,4000,4000,0,OK — VOLUME E OBJETIVO,Treinos_Regenerativos_RKF,3,Adulto / não classificado,ATR / compatível com motor de fase,Geral,Regenerativo,4 estilos / recuperação,A0/A1 predominante,A1,Livre/Crawl|Costas|Medley,,Perna,,5,READY_WHOLE|BLOCKS_EXACT,YES,age=Adulto / não classificado;profile=Geral;type=Regenerativo;zones=A1;styles=Livre/Crawl|Costas|Medley;skills=Perna,"Sessão e blocos normalizados: pode usar integralmente ou recombinar blocos preservando objetivo, zona dominante, perfil, fase e regras RKF.",RKF_V5.0
RKF-REG-03,Pernada regenerativa,3800,3800,0,OK — VOLUME E OBJETIVO,Treinos_Regenerativos_RKF,4,Adulto / não classificado,ATR / compatível com motor de fase,Geral,Regenerativo,Perna leve / coordenação,A0/A1 predominante,A1,Livre/Crawl|Costas|Medley,Prancha,Perna|Coordenação,,6,READY_WHOLE|BLOCKS_EXACT,YES,age=Adulto / não classificado;profile=Geral;type=Regenerativo;zones=A1;styles=Livre/Crawl|Costas|Medley;skills=Perna|Coordenação,"Sessão e blocos normalizados: pode usar integralmente ou recombinar blocos preservando objetivo, zona dominante, perfil, fase e regras RKF.",RKF_V5.0
RKF-REG-04,Long & Easy,5000,5000,0,OK — VOLUME E OBJETIVO,Treinos_Regenerativos_RKF,5,Adulto / não classificado,ATR / compatível com motor de fase,Geral,Regenerativo,Volume regenerativo longo,A0/A1 predominante,A1,Livre/Crawl|Costas,,Perna,,6,READY_WHOLE|BLOCKS_EXACT,YES,age=Adulto / não classificado;profile=Geral;type=Regenerativo;zones=A1;styles=Livre/Crawl|Costas;skills=Perna,"Sessão e blocos normalizados: pode usar integralmente ou recombinar blocos preservando objetivo, zona dominante, perfil, fase e regras RKF.",RKF_V5.0
RKF-REG-05,Recuperação mental,3500,3500,0,OK — VOLUME E OBJETIVO,Treinos_Regenerativos_RKF,6,Adulto / não classificado,ATR / compatível com motor de fase,Geral,Regenerativo,Recuperação mental,A0/A1 predominante,A1,Livre/Crawl,,Respiração,,6,READY_WHOLE|BLOCKS_EXACT,YES,age=Adulto / não classificado;profile=Geral;type=Regenerativo;zones=A1;styles=Livre/Crawl;skills=Respiração,"Sessão e blocos normalizados: pode usar integralmente ou recombinar blocos preservando objetivo, zona dominante, perfil, fase e regras RKF.",RKF_V5.0
RKF-REG-06,IM regenerativo,4000,4000,0,OK — VOLUME E OBJETIVO,Treinos_Regenerativos_RKF,7,Adulto / não classificado,ATR / compatível com motor de fase,Geral,Regenerativo,IM técnico,A0/A1 predominante,A1,Livre/Crawl|Costas|Medley,Palmar pequeno,Perna,,5,READY_WHOLE|BLOCKS_EXACT,YES,age=Adulto / não classificado;profile=Geral;type=Regenerativo;zones=A1;styles=Livre/Crawl|Costas|Medley;skills=Perna,"Sessão e blocos normalizados: pode usar integralmente ou recombinar blocos preservando objetivo, zona dominante, perfil, fase e regras RKF.",RKF_V5.0
RKF-REG-07,Recuperação pós-AN2,3500,3500,0,OK — VOLUME E OBJETIVO,Treinos_Regenerativos_RKF,8,Adulto / não classificado,ATR / compatível com motor de fase,Geral,Regenerativo,Pós-AN2,A0/A1 predominante,AN2|A1,Livre/Crawl|Costas,,Respiração|Perna,,6,READY_WHOLE|BLOCKS_EXACT,YES,age=Adulto / não classificado;profile=Geral;type=Regenerativo;zones=AN2|A1;styles=Livre/Crawl|Costas;skills=Respiração|Perna,"Sessão e blocos normalizados: pode usar integralmente ou recombinar blocos preservando objetivo, zona dominante, perfil, fase e regras RKF.",RKF_V5.0
RKF-REG-08,Sensação de água,3800,3800,0,OK — VOLUME E OBJETIVO,Treinos_Regenerativos_RKF,9,Adulto / não classificado,ATR / compatível com motor de fase,Geral,Regenerativo,Sensação de água,A0/A1 predominante,A1,Livre/Crawl|Costas,Palmar|Prancha,Scull|Perna,,5,READY_WHOLE|BLOCKS_EXACT,YES,age=Adulto / não classificado;profile=Geral;type=Regenerativo;zones=A1;styles=Livre/Crawl|Costas;skills=Scull|Perna,"Sessão e blocos normalizados: pode usar integralmente ou recombinar blocos preservando objetivo, zona dominante, perfil, fase e regras RKF.",RKF_V5.0
RKF-REG-09,Fartlek regenerativo,4200,4200,0,OK — VOLUME E OBJETIVO,Treinos_Regenerativos_RKF,10,Adulto / não classificado,ATR / compatível com motor de fase,Geral,Regenerativo,Mudança de sensação A0/A1,A0/A1 predominante,A1,Livre/Crawl|Costas|Medley,,Perna,,4,READY_WHOLE|BLOCKS_EXACT,YES,age=Adulto / não classificado;profile=Geral;type=Regenerativo;zones=A1;styles=Livre/Crawl|Costas|Medley;skills=Perna,"Sessão e blocos normalizados: pode usar integralmente ou recombinar blocos preservando objetivo, zona dominante, perfil, fase e regras RKF.",RKF_V5.0
RKF-REG-10,Regenerativo com materiais,4000,4000,0,OK — VOLUME E OBJETIVO,Treinos_Regenerativos_RKF,11,Adulto / não classificado,ATR / compatível com motor de fase,Geral,Regenerativo,Materiais leves,A0/A1 predominante,A1,,Palmar pequeno|Pé de pato|Pull buoy,,,5,READY_WHOLE|BLOCKS_EXACT,YES,age=Adulto / não classificado;profile=Geral;type=Regenerativo;zones=A1;styles=NA;skills=NA,"Sessão e blocos normalizados: pode usar integralmente ou recombinar blocos preservando objetivo, zona dominante, perfil, fase e regras RKF.",RKF_V5.0
RKF-REG-11,Broken easy,3600,3600,0,OK — VOLUME E OBJETIVO,Treinos_Regenerativos_RKF,12,Adulto / não classificado,ATR / compatível com motor de fase,Geral,Regenerativo,Variedade de distâncias,A0/A1 predominante,A1,Livre/Crawl|Costas,,Perna,,2,READY_WHOLE|BLOCKS_EXACT,YES,age=Adulto / não classificado;profile=Geral;type=Regenerativo;zones=A1;styles=Livre/Crawl|Costas;skills=Perna,"Sessão e blocos normalizados: pode usar integralmente ou recombinar blocos preservando objetivo, zona dominante, perfil, fase e regras RKF.",RKF_V5.0
RKF-REG-12,Recuperação pós-competição,3500,3500,0,OK — VOLUME E OBJETIVO,Treinos_Regenerativos_RKF,13,Adulto / não classificado,ATR / compatível com motor de fase,Geral,Regenerativo,Pós-competição,A0/A1 predominante,A1,,,Perna,,5,READY_WHOLE|BLOCKS_EXACT,YES,age=Adulto / não classificado;profile=Geral;type=Regenerativo;zones=A1;styles=NA;skills=Perna,"Sessão e blocos normalizados: pode usar integralmente ou recombinar blocos preservando objetivo, zona dominante, perfil, fase e regras RKF.",RKF_V5.0
RKF-REG-13,Recuperação social,4000,4000,0,OK — VOLUME E OBJETIVO,Treinos_Regenerativos_RKF,14,Adulto / não classificado,ATR / compatível com motor de fase,Geral,Regenerativo,Recuperação social,A0/A1 predominante,A1,Costas|Medley,,Respiração|Perna,,5,READY_WHOLE|BLOCKS_EXACT,YES,age=Adulto / não classificado;profile=Geral;type=Regenerativo;zones=A1;styles=Costas|Medley;skills=Respiração|Perna,"Sessão e blocos normalizados: pode usar integralmente ou recombinar blocos preservando objetivo, zona dominante, perfil, fase e regras RKF.",RKF_V5.0
RKF-REG-14,50s regenerativos,4000,4000,0,OK — VOLUME E OBJETIVO,Treinos_Regenerativos_RKF,15,Adulto / não classificado,ATR / compatível com motor de fase,Geral,Regenerativo,Ritmo contínuo em 50s,A0/A1 predominante,A1,Livre/Crawl|Costas,,Perna,,2,READY_WHOLE|BLOCKS_EXACT,YES,age=Adulto / não classificado;profile=Geral;type=Regenerativo;zones=A1;styles=Livre/Crawl|Costas;skills=Perna,"Sessão e blocos normalizados: pode usar integralmente ou recombinar blocos preservando objetivo, zona dominante, perfil, fase e regras RKF.",RKF_V5.0
RKF-REG-15,Regenerativo longo contínuo,4800,4800,0,OK — VOLUME E OBJETIVO,Treinos_Regenerativos_RKF,16,Adulto / não classificado,ATR / compatível com motor de fase,Geral,Regenerativo,Volume contínuo,A0/A1 predominante,A1,Livre/Crawl|Costas|Medley,,,,2,READY_WHOLE|BLOCKS_EXACT,YES,age=Adulto / não classificado;profile=Geral;type=Regenerativo;zones=A1;styles=Livre/Crawl|Costas|Medley;skills=NA,"Sessão e blocos normalizados: pode usar integralmente ou recombinar blocos preservando objetivo, zona dominante, perfil, fase e regras RKF.",RKF_V5.0
RKF-REG-16,Técnica como recuperação,3700,3700,0,OK — VOLUME E OBJETIVO,Treinos_Regenerativos_RKF,17,Adulto / não classificado,ATR / compatível com motor de fase,Geral,Regenerativo,Técnica restaurativa,A0/A1 predominante,A1,,,Scull|Perna,,3,READY_WHOLE|BLOCKS_EXACT,YES,age=Adulto / não classificado;profile=Geral;type=Regenerativo;zones=A1;styles=NA;skills=Scull|Perna,"Sessão e blocos normalizados: pode usar integralmente ou recombinar blocos preservando objetivo, zona dominante, perfil, fase e regras RKF.",RKF_V5.0
RKF-REG-17,Recuperação ativa pós-lactato,4000,4000,0,OK — VOLUME E OBJETIVO,Treinos_Regenerativos_RKF,18,Adulto / não classificado,ATR / compatível com motor de fase,Geral,Regenerativo,Pós-lactato,A0/A1 predominante,A1,Livre/Crawl|Costas,,Scull|Perna,,5,READY_WHOLE|BLOCKS_EXACT,YES,age=Adulto / não classificado;profile=Geral;type=Regenerativo;zones=A1;styles=Livre/Crawl|Costas;skills=Scull|Perna,"Sessão e blocos normalizados: pode usar integralmente ou recombinar blocos preservando objetivo, zona dominante, perfil, fase e regras RKF.",RKF_V5.0
RKF-REG-18,Recovery Games,3500,3500,0,OK — VOLUME E OBJETIVO,Treinos_Regenerativos_RKF,19,Adulto / não classificado,ATR / compatível com motor de fase,Geral,Regenerativo,Lúdico / recuperação mental,A0/A1 predominante,A1,Livre/Crawl,,Braçadas|Perna,,2,READY_WHOLE|BLOCKS_EXACT,YES,age=Adulto / não classificado;profile=Geral;type=Regenerativo;zones=A1;styles=Livre/Crawl;skills=Braçadas|Perna,"Sessão e blocos normalizados: pode usar integralmente ou recombinar blocos preservando objetivo, zona dominante, perfil, fase e regras RKF.",RKF_V5.0
RKF-REG-19,Recovery Mix,4500,4500,0,OK — VOLUME E OBJETIVO,Treinos_Regenerativos_RKF,20,Adulto / não classificado,ATR / compatível com motor de fase,Geral,Regenerativo,Mix regenerativo,A0/A1 predominante,A1,Livre/Crawl|Costas|Medley,,Perna,,3,READY_WHOLE|BLOCKS_EXACT,YES,age=Adulto / não classificado;profile=Geral;type=Regenerativo;zones=A1;styles=Livre/Crawl|Costas|Medley;skills=Perna,"Sessão e blocos normalizados: pode usar integralmente ou recombinar blocos preservando objetivo, zona dominante, perfil, fase e regras RKF.",RKF_V5.0
RKF-REG-20,RKF Complete Reset,5000,5000,0,OK — VOLUME E OBJETIVO,Treinos_Regenerativos_RKF,21,Adulto / não classificado,ATR / compatível com motor de fase,Geral,Regenerativo,Reset completo,A0/A1 predominante,A1,Livre/Crawl|Costas|Peito|Borboleta|Medley,,Scull|Braçadas|Perna,,7,READY_WHOLE|BLOCKS_EXACT,YES,age=Adulto / não classificado;profile=Geral;type=Regenerativo;zones=A1;styles=Livre/Crawl|Costas|Peito|Borboleta|Medley;skills=Scull|Braçadas|Perna,"Sessão e blocos normalizados: pode usar integralmente ou recombinar blocos preservando objetivo, zona dominante, perfil, fase e regras RKF.",RKF_V5.0
RKF-A2-10-13-01,Aprender a sustentar 100s,3500,3500,0,OK — EXATO,A2_10_13_RKF,2,10–13 anos,ATR / compatível com motor de fase,Geral,Aeróbio,Aprender a sustentar 100s,,A2|A1,Livre/Crawl|Costas|Peito,,Streamline|Scull|Braçadas|Perna,,8,READY_WHOLE|BLOCKS_EXACT,YES,age=10–13 anos;profile=Geral;type=Aeróbio;zones=A2|A1;styles=Livre/Crawl|Costas|Peito;skills=Streamline|Scull|Braçadas|Perna,"Sessão e blocos normalizados: pode usar integralmente ou recombinar blocos preservando objetivo, zona dominante, perfil, fase e regras RKF.",RKF_V5.0
RKF-A2-10-13-02,200s steady,3600,3600,0,OK — EXATO,A2_10_13_RKF,3,10–13 anos,ATR / compatível com motor de fase,Geral,Aeróbio,200s steady,,A2|A1,Livre/Crawl|Costas|Peito,Palmar pequeno,Scull|Perna|Coordenação,,8,READY_WHOLE|BLOCKS_EXACT,YES,age=10–13 anos;profile=Geral;type=Aeróbio;zones=A2|A1;styles=Livre/Crawl|Costas|Peito;skills=Scull|Perna|Coordenação,"Sessão e blocos normalizados: pode usar integralmente ou recombinar blocos preservando objetivo, zona dominante, perfil, fase e regras RKF.",RKF_V5.0
RKF-A2-10-13-03,Escada A2,3700,3700,0,OK — EXATO,A2_10_13_RKF,4,10–13 anos,ATR / compatível com motor de fase,Geral,Aeróbio,Escada A2,,A2|A1,Livre/Crawl|Costas|Medley,Palmar pequeno,Scull,,8,READY_WHOLE|BLOCKS_EXACT,YES,age=10–13 anos;profile=Geral;type=Aeróbio;zones=A2|A1;styles=Livre/Crawl|Costas|Medley;skills=Scull,"Sessão e blocos normalizados: pode usar integralmente ou recombinar blocos preservando objetivo, zona dominante, perfil, fase e regras RKF.",RKF_V5.0
RKF-A2-10-13-04,A2 nos quatro estilos,3700,3700,0,OK — EXATO,A2_10_13_RKF,5,10–13 anos,ATR / compatível com motor de fase,Geral,Aeróbio,A2 nos quatro estilos,,A2|A1,Livre/Crawl|Costas|Peito|Borboleta|Medley,,Braçadas|Perna,,8,READY_WHOLE|BLOCKS_EXACT,YES,age=10–13 anos;profile=Geral;type=Aeróbio;zones=A2|A1;styles=Livre/Crawl|Costas|Peito|Borboleta|Medley;skills=Braçadas|Perna,"Sessão e blocos normalizados: pode usar integralmente ou recombinar blocos preservando objetivo, zona dominante, perfil, fase e regras RKF.",RKF_V5.0
RKF-A2-10-13-05,50/100/150 steady,3600,3600,0,OK — EXATO,A2_10_13_RKF,6,10–13 anos,ATR / compatível com motor de fase,Geral,Aeróbio,50/100/150 steady,,A2|A1,Livre/Crawl|Costas,Palmar pequeno,Respiração|Perna,,8,READY_WHOLE|BLOCKS_EXACT,YES,age=10–13 anos;profile=Geral;type=Aeróbio;zones=A2|A1;styles=Livre/Crawl|Costas;skills=Respiração|Perna,"Sessão e blocos normalizados: pode usar integralmente ou recombinar blocos preservando objetivo, zona dominante, perfil, fase e regras RKF.",RKF_V5.0
RKF-A2-10-13-06,300s de qualidade,3800,3800,0,OK — EXATO,A2_10_13_RKF,7,10–13 anos,ATR / compatível com motor de fase,Geral,Aeróbio,300s de qualidade,,A2|A1,Livre/Crawl|Costas,,Braçadas|Perna,,8,READY_WHOLE|BLOCKS_EXACT,YES,age=10–13 anos;profile=Geral;type=Aeróbio;zones=A2|A1;styles=Livre/Crawl|Costas;skills=Braçadas|Perna,"Sessão e blocos normalizados: pode usar integralmente ou recombinar blocos preservando objetivo, zona dominante, perfil, fase e regras RKF.",RKF_V5.0
RKF-A2-10-13-07,Broken steady,3500,3500,0,OK — EXATO,A2_10_13_RKF,8,10–13 anos,ATR / compatível com motor de fase,Geral,Aeróbio,Broken steady,,A2|A1,Livre/Crawl|Medley,,Scull|Braçadas|Perna,,8,READY_WHOLE|BLOCKS_EXACT,YES,age=10–13 anos;profile=Geral;type=Aeróbio;zones=A2|A1;styles=Livre/Crawl|Medley;skills=Scull|Braçadas|Perna,"Sessão e blocos normalizados: pode usar integralmente ou recombinar blocos preservando objetivo, zona dominante, perfil, fase e regras RKF.",RKF_V5.0
RKF-A2-10-13-08,400 sustentado,3900,3900,0,OK — EXATO,A2_10_13_RKF,9,10–13 anos,ATR / compatível com motor de fase,Geral,Aeróbio,400 sustentado,,A2|A1,Livre/Crawl|Costas,,Scull|Braçadas,,8,READY_WHOLE|BLOCKS_EXACT,YES,age=10–13 anos;profile=Geral;type=Aeróbio;zones=A2|A1;styles=Livre/Crawl|Costas;skills=Scull|Braçadas,"Sessão e blocos normalizados: pode usar integralmente ou recombinar blocos preservando objetivo, zona dominante, perfil, fase e regras RKF.",RKF_V5.0
RKF-A2-10-13-09,A2 + habilidades,3700,3700,0,OK — EXATO,A2_10_13_RKF,10,10–13 anos,ATR / compatível com motor de fase,Geral,Aeróbio,A2 + habilidades,,A2|A1,Livre/Crawl|Costas|Peito,,Streamline|Breakout|Braçadas,,8,READY_WHOLE|BLOCKS_EXACT,YES,age=10–13 anos;profile=Geral;type=Aeróbio;zones=A2|A1;styles=Livre/Crawl|Costas|Peito;skills=Streamline|Breakout|Braçadas,"Sessão e blocos normalizados: pode usar integralmente ou recombinar blocos preservando objetivo, zona dominante, perfil, fase e regras RKF.",RKF_V5.0
RKF-A2-10-13-10,RKF Young A2 Stability,4000,4000,0,OK — EXATO,A2_10_13_RKF,11,10–13 anos,ATR / compatível com motor de fase,Geral,Aeróbio,RKF Young A2 Stability,,A2|A1,Livre/Crawl|Costas|Medley,,Scull|Braçadas|Perna,,8,READY_WHOLE|BLOCKS_EXACT,YES,age=10–13 anos;profile=Geral;type=Aeróbio;zones=A2|A1;styles=Livre/Crawl|Costas|Medley;skills=Scull|Braçadas|Perna,"Sessão e blocos normalizados: pode usar integralmente ou recombinar blocos preservando objetivo, zona dominante, perfil, fase e regras RKF.",RKF_V5.0
RKF-A2-14-16-11,200s — estabilidade de ritmo,6000,6000,0,OK — EXATO,A2_14_16_RKF,2,14–16 anos,ATR / compatível com motor de fase,Geral,Aeróbio,200s — estabilidade de ritmo,,A2|A1,Livre/Crawl|Costas|Medley,Palmar pequeno|Palmar médio,Scull|Perna,,8,READY_WHOLE|BLOCKS_EXACT,YES,age=14–16 anos;profile=Geral;type=Aeróbio;zones=A2|A1;styles=Livre/Crawl|Costas|Medley;skills=Scull|Perna,"Sessão e blocos normalizados: pode usar integralmente ou recombinar blocos preservando objetivo, zona dominante, perfil, fase e regras RKF.",RKF_V5.0
RKF-A2-14-16-12,300/200/100,6000,6000,0,OK — EXATO,A2_14_16_RKF,3,14–16 anos,ATR / compatível com motor de fase,Geral,Aeróbio,300/200/100,,A2|A1,Livre/Crawl|Costas|Medley,Palmar pequeno|Palmar médio,Scull|Braçadas|Perna|Sensibilidade,,8,READY_WHOLE|BLOCKS_EXACT,YES,age=14–16 anos;profile=Geral;type=Aeróbio;zones=A2|A1;styles=Livre/Crawl|Costas|Medley;skills=Scull|Braçadas|Perna|Sensibilidade,"Sessão e blocos normalizados: pode usar integralmente ou recombinar blocos preservando objetivo, zona dominante, perfil, fase e regras RKF.",RKF_V5.0
RKF-A2-14-16-13,400s steady,6000,6000,0,OK — EXATO,A2_14_16_RKF,4,14–16 anos,ATR / compatível com motor de fase,Geral,Aeróbio,400s steady,,A2|A1,Livre/Crawl|Costas|Medley,Palmar,Scull|Respiração|Perna,,8,READY_WHOLE|BLOCKS_EXACT,YES,age=14–16 anos;profile=Geral;type=Aeróbio;zones=A2|A1;styles=Livre/Crawl|Costas|Medley;skills=Scull|Respiração|Perna,"Sessão e blocos normalizados: pode usar integralmente ou recombinar blocos preservando objetivo, zona dominante, perfil, fase e regras RKF.",RKF_V5.0
RKF-A2-14-16-14,A2 Medley / estilos,6000,6000,0,OK — EXATO,A2_14_16_RKF,5,14–16 anos,ATR / compatível com motor de fase,Geral,Aeróbio,A2 Medley / estilos,,A2|A1,Livre/Crawl|Costas|Peito|Borboleta|Medley,,Perna,,8,READY_WHOLE|BLOCKS_EXACT,YES,age=14–16 anos;profile=Geral;type=Aeróbio;zones=A2|A1;styles=Livre/Crawl|Costas|Peito|Borboleta|Medley;skills=Perna,"Sessão e blocos normalizados: pode usar integralmente ou recombinar blocos preservando objetivo, zona dominante, perfil, fase e regras RKF.",RKF_V5.0
RKF-A2-14-16-15,A2 com densidade crescente,6000,6000,0,OK — EXATO,A2_14_16_RKF,6,14–16 anos,ATR / compatível com motor de fase,Geral,Aeróbio,A2 com densidade crescente,,A2|A1,Livre/Crawl|Costas|Medley,,Scull|Perna,,8,READY_WHOLE|BLOCKS_EXACT,YES,age=14–16 anos;profile=Geral;type=Aeróbio;zones=A2|A1;styles=Livre/Crawl|Costas|Medley;skills=Scull|Perna,"Sessão e blocos normalizados: pode usar integralmente ou recombinar blocos preservando objetivo, zona dominante, perfil, fase e regras RKF.",RKF_V5.0
RKF-A2-14-16-16,A2 com perna integrada,6000,6000,0,OK — EXATO,A2_14_16_RKF,7,14–16 anos,ATR / compatível com motor de fase,Geral,Aeróbio,A2 com perna integrada,,A2|A1,Livre/Crawl|Costas|Medley,Palmar|Prancha,Braçadas|Perna,,8,READY_WHOLE|BLOCKS_EXACT,YES,age=14–16 anos;profile=Geral;type=Aeróbio;zones=A2|A1;styles=Livre/Crawl|Costas|Medley;skills=Braçadas|Perna,"Sessão e blocos normalizados: pode usar integralmente ou recombinar blocos preservando objetivo, zona dominante, perfil, fase e regras RKF.",RKF_V5.0
RKF-A2-14-16-17,Broken 600,6000,6000,0,OK — EXATO,A2_14_16_RKF,8,14–16 anos,ATR / compatível com motor de fase,Geral,Aeróbio,Broken 600,,A3|A2|A1,Livre/Crawl|Costas|Medley,,Scull,,8,READY_WHOLE|BLOCKS_EXACT,YES,age=14–16 anos;profile=Geral;type=Aeróbio;zones=A3|A2|A1;styles=Livre/Crawl|Costas|Medley;skills=Scull,"Sessão e blocos normalizados: pode usar integralmente ou recombinar blocos preservando objetivo, zona dominante, perfil, fase e regras RKF.",RKF_V5.0
RKF-A2-14-16-18,A2 especialidade 200/400,6000,6000,0,OK — EXATO,A2_14_16_RKF,9,14–16 anos,ATR / compatível com motor de fase,Geral,Aeróbio,A2 especialidade 200/400,,A2|A1,Livre/Crawl|Costas|Medley,,Breakout|Scull,,8,READY_WHOLE|BLOCKS_EXACT,YES,age=14–16 anos;profile=Geral;type=Aeróbio;zones=A2|A1;styles=Livre/Crawl|Costas|Medley;skills=Breakout|Scull,"Sessão e blocos normalizados: pode usar integralmente ou recombinar blocos preservando objetivo, zona dominante, perfil, fase e regras RKF.",RKF_V5.0
RKF-A2-14-16-19,A2 + velocidade neural de perna,6000,6000,0,OK — EXATO,A2_14_16_RKF,10,14–16 anos,ATR / compatível com motor de fase,Geral,Velocidade,A2 + velocidade neural de perna,,VALAT|A2|A1,Livre/Crawl|Costas|Medley,,Scull|Respiração|Perna,,8,READY_WHOLE|BLOCKS_EXACT,YES,age=14–16 anos;profile=Geral;type=Velocidade;zones=VALAT|A2|A1;styles=Livre/Crawl|Costas|Medley;skills=Scull|Respiração|Perna,"Sessão e blocos normalizados: pode usar integralmente ou recombinar blocos preservando objetivo, zona dominante, perfil, fase e regras RKF.",RKF_V5.0
RKF-A2-14-16-20,RKF A2 Stability 14–16,6000,6000,0,OK — EXATO,A2_14_16_RKF,11,14–16 anos,ATR / compatível com motor de fase,Geral,Aeróbio,RKF A2 Stability 14–16,,A2|A1,Livre/Crawl|Costas|Medley,Palmar pequeno|Palmar médio,Scull|Sensibilidade,,8,READY_WHOLE|BLOCKS_EXACT,YES,age=14–16 anos;profile=Geral;type=Aeróbio;zones=A2|A1;styles=Livre/Crawl|Costas|Medley;skills=Scull|Sensibilidade,"Sessão e blocos normalizados: pode usar integralmente ou recombinar blocos preservando objetivo, zona dominante, perfil, fase e regras RKF.",RKF_V5.0
RKF-SPR-18-24-01,VALAT + contraste de força,3800,3800,0,OK — EXATO,Treinos_Sprint_18_24_RKF,2,18–24,ATR / compatível com motor de fase,Velocista adulto 18–24 | 50/100 m,Velocidade,Potência neuromuscular máxima com contraste resistido→livre sem acumular fadiga metabólica.,,VALAT|A2|A1,Livre/Crawl|Costas,Paraquedas,Saída de bloco|Scull|Braçadas|Perna|Sensibilidade,"PSE 5–6 | carga neuromuscular alta, metabólica baixa | VALAT real ~200 m",7,READY_WHOLE|BLOCKS_EXACT,YES,age=18–24;profile=Velocista adulto 18–24 | 50/100 m;type=Velocidade;zones=VALAT|A2|A1;styles=Livre/Crawl|Costas;skills=Saída de bloco|Scull|Braçadas|Perna|Sensibilidade,"Sessão e blocos normalizados: pode usar integralmente ou recombinar blocos preservando objetivo, zona dominante, perfil, fase e regras RKF.",RKF_V5.0
RKF-SPR-18-24-02,AN1 específico 100 m,4200,4200,0,OK — EXATO,Treinos_Sprint_18_24_RKF,3,18–24,ATR / compatível com motor de fase,Velocista adulto 18–24 | 100 m,Velocidade,Produção anaeróbia específica dos 100 m com estabilidade de tempo e mecânica.,,VALAT|AN1|A3|A2|A1,Livre/Crawl|Costas|Medley,,Braçadas,PSE 7–8 | AN1 principal 400 m | sem VALAT adicional,7,READY_WHOLE|BLOCKS_EXACT,YES,age=18–24;profile=Velocista adulto 18–24 | 100 m;type=Velocidade;zones=VALAT|AN1|A3|A2|A1;styles=Livre/Crawl|Costas|Medley;skills=Braçadas,"Sessão e blocos normalizados: pode usar integralmente ou recombinar blocos preservando objetivo, zona dominante, perfil, fase e regras RKF.",RKF_V5.0
RKF-SPR-18-24-03,Saída + aceleração 15 m,3400,3400,0,OK — EXATO,Treinos_Sprint_18_24_RKF,4,18–24,ATR / compatível com motor de fase,Velocista adulto 18–24 | 50/100 m,Técnica/Fundamentos,"Potência de saída, trajetória, breakout e aceleração inicial com baixa carga metabólica.",,A1,Livre/Crawl|Costas|Medley,Pé de pato,Streamline|Breakout|Braçadas|Sensibilidade,PSE 4–5 | neuromuscular | esforço máximo muito curto,7,READY_WHOLE|BLOCKS_EXACT,YES,age=18–24;profile=Velocista adulto 18–24 | 50/100 m;type=Técnica/Fundamentos;zones=A1;styles=Livre/Crawl|Costas|Medley;skills=Streamline|Breakout|Braçadas|Sensibilidade,"Sessão e blocos normalizados: pode usar integralmente ou recombinar blocos preservando objetivo, zona dominante, perfil, fase e regras RKF.",RKF_V5.0
RKF-SPR-18-24-04,Força específica de braço + transferência,4000,4000,0,OK — EXATO,Treinos_Sprint_18_24_RKF,5,18–24,ATR / compatível com motor de fase,Velocista adulto 18–24 | 50/100 m,Velocidade,Força propulsiva de membros superiores e transferência imediata para nado completo submáximo.,,VALAT|AN1|A3|A2|A1,Livre/Crawl|Costas,Palmar pequeno|Palmar médio|Palmar grande|Paraquedas,Scull|Braçadas|Sensibilidade,PSE 6 | força específica central | sem AN1/VALAT final,7,READY_WHOLE|BLOCKS_EXACT,YES,age=18–24;profile=Velocista adulto 18–24 | 50/100 m;type=Velocidade;zones=VALAT|AN1|A3|A2|A1;styles=Livre/Crawl|Costas;skills=Scull|Braçadas|Sensibilidade,"Sessão e blocos normalizados: pode usar integralmente ou recombinar blocos preservando objetivo, zona dominante, perfil, fase e regras RKF.",RKF_V5.0
RKF-SPR-18-24-05,AN2 controlado,3800,3800,0,OK — EXATO,Treinos_Sprint_18_24_RKF,6,18–24,ATR / compatível com motor de fase,Velocista adulto 18–24 | 50/100 m,Técnica/Fundamentos,"Alta potência glicolítica em dose controlada, preservando velocidade e técnica.",,AN2|AN1|A3|A2|A1,Livre/Crawl|Medley,,,PSE 8–9 | AN2 =400 m | recuperação longa,7,READY_WHOLE|BLOCKS_EXACT,YES,age=18–24;profile=Velocista adulto 18–24 | 50/100 m;type=Técnica/Fundamentos;zones=AN2|AN1|A3|A2|A1;styles=Livre/Crawl|Medley;skills=NA,"Sessão e blocos normalizados: pode usar integralmente ou recombinar blocos preservando objetivo, zona dominante, perfil, fase e regras RKF.",RKF_V5.0
RKF-SPR-18-24-06,Perna potência + transferência,4200,4200,0,OK — EXATO,Treinos_Sprint_18_24_RKF,7,18–24,ATR / compatível com motor de fase,Velocista adulto 18–24 | 50/100 m,Velocidade,Força e potência de membros inferiores com transferência para nado completo sem sobreposição anaeróbia.,,A3|A2|A1,Livre/Crawl|Costas,Pé de pato,Perna,PSE 6–7 | força de perna | transferência A2/A3,7,READY_WHOLE|BLOCKS_EXACT,YES,age=18–24;profile=Velocista adulto 18–24 | 50/100 m;type=Velocidade;zones=A3|A2|A1;styles=Livre/Crawl|Costas;skills=Perna,"Sessão e blocos normalizados: pode usar integralmente ou recombinar blocos preservando objetivo, zona dominante, perfil, fase e regras RKF.",RKF_V5.0
RKF-SPR-18-24-07,Ritmo específico de 100 m,4000,4000,0,OK — EXATO,Treinos_Sprint_18_24_RKF,8,18–24,ATR / compatível com motor de fase,Velocista adulto 18–24 | 100 m,Velocidade,Organizar distribuição e sustentação do ritmo de competição de 100 m em baixo volume específico.,,A3|A2|A1,Livre/Crawl|Costas|Medley,,Braçadas,PSE 7–8 | RDC 100 =500 m aprox. | recuperação completa,7,READY_WHOLE|BLOCKS_EXACT,YES,age=18–24;profile=Velocista adulto 18–24 | 100 m;type=Velocidade;zones=A3|A2|A1;styles=Livre/Crawl|Costas|Medley;skills=Braçadas,"Sessão e blocos normalizados: pode usar integralmente ou recombinar blocos preservando objetivo, zona dominante, perfil, fase e regras RKF.",RKF_V5.0
RKF-SPR-18-24-08,50 m — velocidade máxima,3200,3200,0,OK — EXATO,Treinos_Sprint_18_24_RKF,9,18–24,ATR / compatível com motor de fase,Velocista adulto 18–24 | 50 m,Técnica/Fundamentos,"Velocidade absoluta, saída e aceleração com recuperação completa e volume mínimo de fadiga.",,VALAT|A1,Livre/Crawl|Costas|Medley,Pé de pato,Braçadas|Sensibilidade,PSE 5–6 | VALAT/RDC 50 | máxima qualidade,7,READY_WHOLE|BLOCKS_EXACT,YES,age=18–24;profile=Velocista adulto 18–24 | 50 m;type=Técnica/Fundamentos;zones=VALAT|A1;styles=Livre/Crawl|Costas|Medley;skills=Braçadas|Sensibilidade,"Sessão e blocos normalizados: pode usar integralmente ou recombinar blocos preservando objetivo, zona dominante, perfil, fase e regras RKF.",RKF_V5.0
RKF-SPR-18-24-09,Viradas de alta performance,3800,3800,0,OK — EXATO,Treinos_Sprint_18_24_RKF,10,18–24,ATR / compatível com motor de fase,Velocista adulto 18–24 | 50/100 m,Técnica/Fundamentos,"Aproximação, tempo de contato, impulso, streamline e saída de virada sob baixa fadiga.",,A3|A2|A1,Livre/Crawl|Costas|Medley,,Streamline|Breakout|Braçadas,PSE 4–5 | técnico/neuromuscular,7,READY_WHOLE|BLOCKS_EXACT,YES,age=18–24;profile=Velocista adulto 18–24 | 50/100 m;type=Técnica/Fundamentos;zones=A3|A2|A1;styles=Livre/Crawl|Costas|Medley;skills=Streamline|Breakout|Braçadas,"Sessão e blocos normalizados: pode usar integralmente ou recombinar blocos preservando objetivo, zona dominante, perfil, fase e regras RKF.",RKF_V5.0
RKF-SPR-18-24-10,Submerso + breakout,3400,3400,0,OK — EXATO,Treinos_Sprint_18_24_RKF,11,18–24,ATR / compatível com motor de fase,Velocista adulto 18–24 | 50/100 m,Velocidade,"Qualidade de streamline, pernada submersa e transição para nado sem treino prolongado de apneia.",,A2|A1,Livre/Crawl|Costas,Pé de pato,Streamline|Submerso|Breakout|Perna,PSE 4–5 | técnico/neuromuscular | recuperação ampla,7,READY_WHOLE|BLOCKS_EXACT,YES,age=18–24;profile=Velocista adulto 18–24 | 50/100 m;type=Velocidade;zones=A2|A1;styles=Livre/Crawl|Costas;skills=Streamline|Submerso|Breakout|Perna,"Sessão e blocos normalizados: pode usar integralmente ou recombinar blocos preservando objetivo, zona dominante, perfil, fase e regras RKF.",RKF_V5.0
RKF-SPR-18-24-11,A3 de velocista,4200,4200,0,OK — EXATO,Treinos_Sprint_18_24_RKF,12,18–24,ATR / compatível com motor de fase,Velocista adulto 18–24 | 100 m,Velocidade,"Capacidade de sustentar A3 com mecânica eficiente, sem escalar a sessão para AN1.",,AN1|A3|A2|A1,Livre/Crawl|Costas|Medley,,Braçadas|Sensibilidade,PSE 6–7 | A3 =1.200 m,7,READY_WHOLE|BLOCKS_EXACT,YES,age=18–24;profile=Velocista adulto 18–24 | 100 m;type=Velocidade;zones=AN1|A3|A2|A1;styles=Livre/Crawl|Costas|Medley;skills=Braçadas|Sensibilidade,"Sessão e blocos normalizados: pode usar integralmente ou recombinar blocos preservando objetivo, zona dominante, perfil, fase e regras RKF.",RKF_V5.0
RKF-SPR-18-24-12,Contraste pesado → leve → livre,3600,3600,0,OK — EXATO,Treinos_Sprint_18_24_RKF,13,18–24,ATR / compatível com motor de fase,Velocista adulto 18–24 | 50/100 m,Velocidade,Força resistida e sensação de transferência neuromuscular sem adicionar série anaeróbia pesada.,,VALAT|A2|A1,Livre/Crawl|Costas,Paraquedas,Scull|Sensibilidade,PSE 6 | força/contraste | VALAT curto,7,READY_WHOLE|BLOCKS_EXACT,YES,age=18–24;profile=Velocista adulto 18–24 | 50/100 m;type=Velocidade;zones=VALAT|A2|A1;styles=Livre/Crawl|Costas;skills=Scull|Sensibilidade,"Sessão e blocos normalizados: pode usar integralmente ou recombinar blocos preservando objetivo, zona dominante, perfil, fase e regras RKF.",RKF_V5.0
RKF-SPR-18-24-13,AN1 + transferência resistida curta,3900,3900,0,OK — EXATO,Treinos_Sprint_18_24_RKF,14,18–24,ATR / compatível com motor de fase,Velocista adulto 18–24 | 100 m,Velocidade,"Pré-ativação resistida de baixo volume seguida de AN1 limpo, preservando qualidade.",,AN1|A3|A2|A1,Livre/Crawl|Medley,Palmar médio|Paraquedas,Sensibilidade,PSE 7–8 | AN1 =475 m aprox. | resistência curta,7,READY_WHOLE|BLOCKS_EXACT,YES,age=18–24;profile=Velocista adulto 18–24 | 100 m;type=Velocidade;zones=AN1|A3|A2|A1;styles=Livre/Crawl|Medley;skills=Sensibilidade,"Sessão e blocos normalizados: pode usar integralmente ou recombinar blocos preservando objetivo, zona dominante, perfil, fase e regras RKF.",RKF_V5.0
RKF-SPR-18-24-14,Técnica de velocidade,3600,3600,0,OK — EXATO,Treinos_Sprint_18_24_RKF,15,18–24,ATR / compatível com motor de fase,Velocista adulto 18–24 | 50/100 m,Técnica/Fundamentos,Eficiência mecânica em alta frequência sem custo metabólico elevado.,,A3|A2|A1,Livre/Crawl|Costas|Medley,,Scull|Braçadas|Perna|Sensibilidade,PSE 4 | técnico,7,READY_WHOLE|BLOCKS_EXACT,YES,age=18–24;profile=Velocista adulto 18–24 | 50/100 m;type=Técnica/Fundamentos;zones=A3|A2|A1;styles=Livre/Crawl|Costas|Medley;skills=Scull|Braçadas|Perna|Sensibilidade,"Sessão e blocos normalizados: pode usar integralmente ou recombinar blocos preservando objetivo, zona dominante, perfil, fase e regras RKF.",RKF_V5.0
RKF-SPR-18-24-15,Race skills 50/100,3500,3500,0,OK — EXATO,Treinos_Sprint_18_24_RKF,16,18–24,ATR / compatível com motor de fase,Velocista adulto 18–24 | 50/100 m,Técnica/Fundamentos,"Integrar saída, virada e chegada em doses técnicas independentes, sem fadiga acumulada.",,A3|A2|A1,Livre/Crawl|Costas|Medley,,Saída de bloco|Streamline|Breakout,PSE 5 | fundamentos competitivos,7,READY_WHOLE|BLOCKS_EXACT,YES,age=18–24;profile=Velocista adulto 18–24 | 50/100 m;type=Técnica/Fundamentos;zones=A3|A2|A1;styles=Livre/Crawl|Costas|Medley;skills=Saída de bloco|Streamline|Breakout,"Sessão e blocos normalizados: pode usar integralmente ou recombinar blocos preservando objetivo, zona dominante, perfil, fase e regras RKF.",RKF_V5.0
RKF-SPR-18-24-16,AN2 — broken 100,3600,3600,0,OK — EXATO,Treinos_Sprint_18_24_RKF,17,18–24,ATR / compatível com motor de fase,Velocista adulto 18–24 | 100 m,Velocidade,Tolerância específica de 100 m em apenas três estímulos de alta qualidade.,,AN2|AN1|A3|A2|A1,Livre/Crawl|Costas|Medley,,,PSE 8–9 | AN2/RDC =300 m,7,READY_WHOLE|BLOCKS_EXACT,YES,age=18–24;profile=Velocista adulto 18–24 | 100 m;type=Velocidade;zones=AN2|AN1|A3|A2|A1;styles=Livre/Crawl|Costas|Medley;skills=NA,"Sessão e blocos normalizados: pode usar integralmente ou recombinar blocos preservando objetivo, zona dominante, perfil, fase e regras RKF.",RKF_V5.0
RKF-SPR-18-24-17,Palmar grande + transferência,3900,3900,0,OK — EXATO,Treinos_Sprint_18_24_RKF,18,18–24,ATR / compatível com motor de fase,Velocista adulto 18–24 | 50/100 m,Técnica/Fundamentos,Força propulsiva de braço com retirada progressiva de material e transferência técnica.,,A3|A2|A1,Livre/Crawl|Costas,Palmar pequeno|Palmar médio|Palmar grande|Paraquedas,Scull|Sensibilidade,PSE 6 | força específica,7,READY_WHOLE|BLOCKS_EXACT,YES,age=18–24;profile=Velocista adulto 18–24 | 50/100 m;type=Técnica/Fundamentos;zones=A3|A2|A1;styles=Livre/Crawl|Costas;skills=Scull|Sensibilidade,"Sessão e blocos normalizados: pode usar integralmente ou recombinar blocos preservando objetivo, zona dominante, perfil, fase e regras RKF.",RKF_V5.0
RKF-SPR-18-24-18,Primeiros 25 m,3200,3200,0,OK — EXATO,Treinos_Sprint_18_24_RKF,19,18–24,ATR / compatível com motor de fase,Velocista adulto 18–24 | 50/100 m,Velocidade,"Aprimorar reação, entrada, submerso, breakout e aceleração até 25 m.",,A2|A1,Livre/Crawl|Costas|Medley,,Saída de bloco|Streamline|Submerso|Breakout,PSE 5 | neuromuscular,7,READY_WHOLE|BLOCKS_EXACT,YES,age=18–24;profile=Velocista adulto 18–24 | 50/100 m;type=Velocidade;zones=A2|A1;styles=Livre/Crawl|Costas|Medley;skills=Saída de bloco|Streamline|Submerso|Breakout,"Sessão e blocos normalizados: pode usar integralmente ou recombinar blocos preservando objetivo, zona dominante, perfil, fase e regras RKF.",RKF_V5.0
RKF-SPR-18-24-19,Segundo 50 dos 100 m,4000,4000,0,OK — EXATO,Treinos_Sprint_18_24_RKF,20,18–24,ATR / compatível com motor de fase,Velocista adulto 18–24 | 100 m,Velocidade,Sustentar mecânica e velocidade no segundo 50 sem excesso de volume AN1.,,AN1|A3|A2|A1,Livre/Crawl|Costas|Medley,,,PSE 7–8 | A3/AN1 | AN1 real 150 m,7,READY_WHOLE|BLOCKS_EXACT,YES,age=18–24;profile=Velocista adulto 18–24 | 100 m;type=Velocidade;zones=AN1|A3|A2|A1;styles=Livre/Crawl|Costas|Medley;skills=NA,"Sessão e blocos normalizados: pode usar integralmente ou recombinar blocos preservando objetivo, zona dominante, perfil, fase e regras RKF.",RKF_V5.0
RKF-SPR-18-24-20,Integração competitiva controlada,3600,3600,0,OK — EXATO,Treinos_Sprint_18_24_RKF,21,18–24,ATR / compatível com motor de fase,Velocista adulto 18–24 | 50/100 m,Técnica/Fundamentos,Integrar ritmo de prova e fundamentos mantendo baixo volume intenso e alto controle técnico.,,A3|A2|A1,Livre/Crawl|Costas|Medley,,Breakout,PSE 6–7 | RDC/qualidade | sessão integrativa,7,READY_WHOLE|BLOCKS_EXACT,YES,age=18–24;profile=Velocista adulto 18–24 | 50/100 m;type=Técnica/Fundamentos;zones=A3|A2|A1;styles=Livre/Crawl|Costas|Medley;skills=Breakout,"Sessão e blocos normalizados: pode usar integralmente ou recombinar blocos preservando objetivo, zona dominante, perfil, fase e regras RKF.",RKF_V5.0
RKF-MAST-SPR-01,VALAT + contraste de força,1800,1800,0,OK — EXATO,Treinos_Master_Velocidade_RKF,2,Master,Master / objetivo e custo adaptativo,Master competitivo | velocidade 50/100 m,Velocidade,Potência neuromuscular e transferência resistido→livre com baixo custo metabólico.,,VALAT|A3|A2|A1,Livre/Crawl|Costas,Pé de pato|Paraquedas,Breakout|Scull|Braçadas|Perna|Sensibilidade,PSE 5–6 | VALAT curto | recuperação completa | teto 2.000 m,7,READY_WHOLE|BLOCKS_EXACT,YES,age=Master;profile=Master competitivo | velocidade 50/100 m;type=Velocidade;zones=VALAT|A3|A2|A1;styles=Livre/Crawl|Costas;skills=Breakout|Scull|Braçadas|Perna|Sensibilidade,"Sessão e blocos normalizados: pode usar integralmente ou recombinar blocos preservando objetivo, zona dominante, perfil, fase e regras RKF.",RKF_V5.0
RKF-MAST-SPR-02,Ritmo específico de 100 m,2000,2000,0,OK — EXATO,Treinos_Master_Velocidade_RKF,3,Master,Master / objetivo e custo adaptativo,Master competitivo | 100 m,Técnica/Fundamentos,Estabilidade de ritmo competitivo dos 100 m com técnica e viradas preservadas.,,A3|A2|A1,Livre/Crawl|Costas,,Braçadas,PSE 7 | RDC 100 | densidade moderada | sem força adicional,7,READY_WHOLE|BLOCKS_EXACT,YES,age=Master;profile=Master competitivo | 100 m;type=Técnica/Fundamentos;zones=A3|A2|A1;styles=Livre/Crawl|Costas;skills=Braçadas,"Sessão e blocos normalizados: pode usar integralmente ou recombinar blocos preservando objetivo, zona dominante, perfil, fase e regras RKF.",RKF_V5.0
RKF-MAST-SPR-03,Saída + primeiros 15 m,1600,1600,0,OK — EXATO,Treinos_Master_Velocidade_RKF,4,Master,Master / objetivo e custo adaptativo,Master competitivo | 50/100 m,Técnica/Fundamentos,"Potência de saída, trajetória, streamline, breakout e aceleração inicial.",,A2|A1,Livre/Crawl|Costas,,Streamline|Breakout|Braçadas,PSE 4–5 | neuromuscular | esforços máximos muito curtos,7,READY_WHOLE|BLOCKS_EXACT,YES,age=Master;profile=Master competitivo | 50/100 m;type=Técnica/Fundamentos;zones=A2|A1;styles=Livre/Crawl|Costas;skills=Streamline|Breakout|Braçadas,"Sessão e blocos normalizados: pode usar integralmente ou recombinar blocos preservando objetivo, zona dominante, perfil, fase e regras RKF.",RKF_V5.0
RKF-MAST-SPR-04,Força de braço + transferência,1900,1900,0,OK — EXATO,Treinos_Master_Velocidade_RKF,5,Master,Master / objetivo e custo adaptativo,Master competitivo | 50/100 m,Velocidade,Força propulsiva de membros superiores com transferência para nado completo.,,VALAT|AN1|A3|A2|A1,Livre/Crawl|Costas,Palmar pequeno|Palmar médio|Palmar grande|Paraquedas,Scull|Braçadas|Sensibilidade,PSE 6 | força específica | transferência A3 | sem AN1/VALAT final,7,READY_WHOLE|BLOCKS_EXACT,YES,age=Master;profile=Master competitivo | 50/100 m;type=Velocidade;zones=VALAT|AN1|A3|A2|A1;styles=Livre/Crawl|Costas;skills=Scull|Braçadas|Sensibilidade,"Sessão e blocos normalizados: pode usar integralmente ou recombinar blocos preservando objetivo, zona dominante, perfil, fase e regras RKF.",RKF_V5.0
RKF-MAST-SPR-05,AN1 controlado,1800,1800,0,OK — EXATO,Treinos_Master_Velocidade_RKF,6,Master,Master / objetivo e custo adaptativo,Master competitivo | 50/100 m,Técnica/Fundamentos,Capacidade anaeróbia com estabilidade de tempo e preservação técnica.,,AN1|A3|A2|A1,Livre/Crawl|Costas,,,PSE 7–8 | AN1 300 m | sem outro estímulo máximo,7,READY_WHOLE|BLOCKS_EXACT,YES,age=Master;profile=Master competitivo | 50/100 m;type=Técnica/Fundamentos;zones=AN1|A3|A2|A1;styles=Livre/Crawl|Costas;skills=NA,"Sessão e blocos normalizados: pode usar integralmente ou recombinar blocos preservando objetivo, zona dominante, perfil, fase e regras RKF.",RKF_V5.0
RKF-MAST-SPR-06,Perna: força + potência,1800,1800,0,OK — EXATO,Treinos_Master_Velocidade_RKF,7,Master,Master / objetivo e custo adaptativo,Master competitivo | 50/100 m,Velocidade,Força e potência de membros inferiores com transferência controlada ao nado.,,A3|A2|A1,Livre/Crawl|Costas,Pé de pato,Perna,PSE 6 | perna específica | volume resistido baixo,7,READY_WHOLE|BLOCKS_EXACT,YES,age=Master;profile=Master competitivo | 50/100 m;type=Velocidade;zones=A3|A2|A1;styles=Livre/Crawl|Costas;skills=Perna,"Sessão e blocos normalizados: pode usar integralmente ou recombinar blocos preservando objetivo, zona dominante, perfil, fase e regras RKF.",RKF_V5.0
RKF-MAST-SPR-07,Broken 100,1900,1900,0,OK — EXATO,Treinos_Master_Velocidade_RKF,8,Master,Master / objetivo e custo adaptativo,Master competitivo | 100 m,Velocidade,Distribuição e sustentação do ritmo específico dos 100 m em formato quebrado.,,A3|A2|A1,Livre/Crawl|Costas,Palmar,,PSE 7–8 | RDC 100 | 200 m específicos,7,READY_WHOLE|BLOCKS_EXACT,YES,age=Master;profile=Master competitivo | 100 m;type=Velocidade;zones=A3|A2|A1;styles=Livre/Crawl|Costas;skills=NA,"Sessão e blocos normalizados: pode usar integralmente ou recombinar blocos preservando objetivo, zona dominante, perfil, fase e regras RKF.",RKF_V5.0
RKF-MAST-SPR-08,Velocidade máxima 25 m,1500,1500,0,OK — EXATO,Treinos_Master_Velocidade_RKF,9,Master,Master / objetivo e custo adaptativo,Master competitivo | 50/100 m,Velocidade,Velocidade máxima com baixa metragem e recuperação completa.,,VALAT|A1,Livre/Crawl|Costas,Pé de pato,,PSE 5 | VALAT | sessão deliberadamente curta,7,READY_WHOLE|BLOCKS_EXACT,YES,age=Master;profile=Master competitivo | 50/100 m;type=Velocidade;zones=VALAT|A1;styles=Livre/Crawl|Costas;skills=NA,"Sessão e blocos normalizados: pode usar integralmente ou recombinar blocos preservando objetivo, zona dominante, perfil, fase e regras RKF.",RKF_V5.0
RKF-MAST-SPR-09,Viradas,1800,1800,0,OK — EXATO,Treinos_Master_Velocidade_RKF,10,Master,Master / objetivo e custo adaptativo,Master competitivo | 50/100 m,Técnica/Fundamentos,"Aproximação, virada, saída de parede e aplicação em velocidade controlada.",,A3|A2|A1,Livre/Crawl|Costas,,Streamline|Breakout|Braçadas,PSE 4–5 | fundamento | baixa carga metabólica,7,READY_WHOLE|BLOCKS_EXACT,YES,age=Master;profile=Master competitivo | 50/100 m;type=Técnica/Fundamentos;zones=A3|A2|A1;styles=Livre/Crawl|Costas;skills=Streamline|Breakout|Braçadas,"Sessão e blocos normalizados: pode usar integralmente ou recombinar blocos preservando objetivo, zona dominante, perfil, fase e regras RKF.",RKF_V5.0
RKF-MAST-SPR-10,Submerso + breakout,1600,1600,0,OK — EXATO,Treinos_Master_Velocidade_RKF,11,Master,Master / objetivo e custo adaptativo,Master competitivo | 50/100 m,Velocidade,"Eficiência de streamline, pernada submersa e transição para o nado.",,A2|A1,Livre/Crawl|Costas,,Streamline|Submerso|Breakout|Perna,PSE 4–5 | técnico-neuromuscular | apneia curta e individualizada,7,READY_WHOLE|BLOCKS_EXACT,YES,age=Master;profile=Master competitivo | 50/100 m;type=Velocidade;zones=A2|A1;styles=Livre/Crawl|Costas;skills=Streamline|Submerso|Breakout|Perna,"Sessão e blocos normalizados: pode usar integralmente ou recombinar blocos preservando objetivo, zona dominante, perfil, fase e regras RKF.",RKF_V5.0
RKF-MAST-SPR-11,A3 para velocista Master,2000,2000,0,OK — EXATO,Treinos_Master_Velocidade_RKF,12,Master,Master / objetivo e custo adaptativo,Master competitivo | 50/100/200 m,Técnica/Fundamentos,"Sustentação de A3 com controle de tempo, braçadas e estabilidade técnica.",,A3|A2|A1,Livre/Crawl|Costas,,Braçadas,PSE 6–7 | A3 600 m | sem sprint final,7,READY_WHOLE|BLOCKS_EXACT,YES,age=Master;profile=Master competitivo | 50/100/200 m;type=Técnica/Fundamentos;zones=A3|A2|A1;styles=Livre/Crawl|Costas;skills=Braçadas,"Sessão e blocos normalizados: pode usar integralmente ou recombinar blocos preservando objetivo, zona dominante, perfil, fase e regras RKF.",RKF_V5.0
RKF-MAST-SPR-12,Contraste resistido,1700,1700,0,OK — EXATO,Treinos_Master_Velocidade_RKF,13,Master,Master / objetivo e custo adaptativo,Master competitivo | 50/100 m,Velocidade,Força específica e sensação de velocidade após retirada gradual da resistência.,,A2|A1,Livre/Crawl|Costas,Palmar pequeno|Paraquedas,Scull|Sensibilidade,PSE 6 | contraste | volume resistido controlado,7,READY_WHOLE|BLOCKS_EXACT,YES,age=Master;profile=Master competitivo | 50/100 m;type=Velocidade;zones=A2|A1;styles=Livre/Crawl|Costas;skills=Scull|Sensibilidade,"Sessão e blocos normalizados: pode usar integralmente ou recombinar blocos preservando objetivo, zona dominante, perfil, fase e regras RKF.",RKF_V5.0
RKF-MAST-SPR-13,AN1 + retirada de resistência,1800,1800,0,OK — EXATO,Treinos_Master_Velocidade_RKF,14,Master,Master / objetivo e custo adaptativo,Master competitivo | 50/100 m,Velocidade,Preparar a produção de AN1 com contraste curto sem extrapolar a carga total.,,AN1|A3|A2|A1,Livre/Crawl|Costas,Paraquedas,,PSE 7 | AN1 300 m | contraste submáximo,7,READY_WHOLE|BLOCKS_EXACT,YES,age=Master;profile=Master competitivo | 50/100 m;type=Velocidade;zones=AN1|A3|A2|A1;styles=Livre/Crawl|Costas;skills=NA,"Sessão e blocos normalizados: pode usar integralmente ou recombinar blocos preservando objetivo, zona dominante, perfil, fase e regras RKF.",RKF_V5.0
RKF-MAST-SPR-14,Técnica de velocidade,1800,1800,0,OK — EXATO,Treinos_Master_Velocidade_RKF,15,Master,Master / objetivo e custo adaptativo,Master competitivo | 50/100 m,Técnica/Fundamentos,"Eficiência mecânica, apoio, alinhamento e relação frequência×comprimento.",,A3|A2|A1,Livre/Crawl|Costas|Medley,,Braçadas|Sensibilidade,PSE 3–4 | técnico | baixo custo fisiológico,7,READY_WHOLE|BLOCKS_EXACT,YES,age=Master;profile=Master competitivo | 50/100 m;type=Técnica/Fundamentos;zones=A3|A2|A1;styles=Livre/Crawl|Costas|Medley;skills=Braçadas|Sensibilidade,"Sessão e blocos normalizados: pode usar integralmente ou recombinar blocos preservando objetivo, zona dominante, perfil, fase e regras RKF.",RKF_V5.0
RKF-MAST-SPR-15,Race skills 50/100,1700,1700,0,OK — EXATO,Treinos_Master_Velocidade_RKF,16,Master,Master / objetivo e custo adaptativo,Master competitivo | 50/100 m,Técnica/Fundamentos,"Integrar saída, virada e chegada com pouca carga metabólica.",,A2|A1,Livre/Crawl|Costas,,Streamline|Breakout|Braçadas,PSE 5 | fundamentos competitivos | qualidade técnica,7,READY_WHOLE|BLOCKS_EXACT,YES,age=Master;profile=Master competitivo | 50/100 m;type=Técnica/Fundamentos;zones=A2|A1;styles=Livre/Crawl|Costas;skills=Streamline|Breakout|Braçadas,"Sessão e blocos normalizados: pode usar integralmente ou recombinar blocos preservando objetivo, zona dominante, perfil, fase e regras RKF.",RKF_V5.0
RKF-MAST-SPR-16,AN2 específico,1500,1500,0,OK — EXATO,Treinos_Master_Velocidade_RKF,17,Master,Master / objetivo e custo adaptativo,Master competitivo | 50/100 m,Velocidade,Potência glicolítica em dose mínima eficaz e com recuperação longa.,,AN2|AN1|A3|A2|A1,Livre/Crawl|Costas,,,PSE 8–9 | AN2 200 m | alto custo metabólico,7,READY_WHOLE|BLOCKS_EXACT,YES,age=Master;profile=Master competitivo | 50/100 m;type=Velocidade;zones=AN2|AN1|A3|A2|A1;styles=Livre/Crawl|Costas;skills=NA,"Sessão e blocos normalizados: pode usar integralmente ou recombinar blocos preservando objetivo, zona dominante, perfil, fase e regras RKF.",RKF_V5.0
RKF-MAST-SPR-17,Palmar + força específica,1900,1900,0,OK — EXATO,Treinos_Master_Velocidade_RKF,18,Master,Master / objetivo e custo adaptativo,Master competitivo | 50/100 m,Velocidade,"Força de braço, apoio e transferência para nado completo em A3.",,A3|A2|A1,Livre/Crawl|Costas,Palmar pequeno|Palmar médio|Palmar grande,Scull|Braçadas|Sensibilidade,PSE 6 | força específica | controle de ombros,7,READY_WHOLE|BLOCKS_EXACT,YES,age=Master;profile=Master competitivo | 50/100 m;type=Velocidade;zones=A3|A2|A1;styles=Livre/Crawl|Costas;skills=Scull|Braçadas|Sensibilidade,"Sessão e blocos normalizados: pode usar integralmente ou recombinar blocos preservando objetivo, zona dominante, perfil, fase e regras RKF.",RKF_V5.0
RKF-MAST-SPR-18,Primeiro 25 dos 50,1500,1500,0,OK — EXATO,Treinos_Master_Velocidade_RKF,19,Master,Master / objetivo e custo adaptativo,Master competitivo | 50 m,Técnica/Fundamentos,Sequência competitiva da saída ao primeiro 25 m.,,VALAT|A1,Livre/Crawl|Costas,,Streamline|Breakout,PSE 5 | saída/VALAT | baixo volume,7,READY_WHOLE|BLOCKS_EXACT,YES,age=Master;profile=Master competitivo | 50 m;type=Técnica/Fundamentos;zones=VALAT|A1;styles=Livre/Crawl|Costas;skills=Streamline|Breakout,"Sessão e blocos normalizados: pode usar integralmente ou recombinar blocos preservando objetivo, zona dominante, perfil, fase e regras RKF.",RKF_V5.0
RKF-MAST-SPR-19,Segundo 50 dos 100,1900,1900,0,OK — EXATO,Treinos_Master_Velocidade_RKF,20,Master,Master / objetivo e custo adaptativo,Master competitivo | 100 m,Técnica/Fundamentos,Manter técnica e acelerar progressivamente no segundo 50 dos 100 m.,,AN1|A3|A2|A1,Livre/Crawl|Costas,,,PSE 7 | A3→AN1 | AN1 efetivo 100 m,7,READY_WHOLE|BLOCKS_EXACT,YES,age=Master;profile=Master competitivo | 100 m;type=Técnica/Fundamentos;zones=AN1|A3|A2|A1;styles=Livre/Crawl|Costas;skills=NA,"Sessão e blocos normalizados: pode usar integralmente ou recombinar blocos preservando objetivo, zona dominante, perfil, fase e regras RKF.",RKF_V5.0
RKF-MAST-SPR-20,Qualidade competitiva Master,1800,1800,0,OK — EXATO,Treinos_Master_Velocidade_RKF,21,Master,Master / objetivo e custo adaptativo,Master competitivo | 50/100 m,Técnica/Fundamentos,Integrar fundamentos e ritmo competitivo com volume curto e controle de carga.,,A3|A2|A1,Livre/Crawl|Costas,,Breakout|Braçadas,PSE 6–7 | integração | RDC 100 em baixa dose,7,READY_WHOLE|BLOCKS_EXACT,YES,age=Master;profile=Master competitivo | 50/100 m;type=Técnica/Fundamentos;zones=A3|A2|A1;styles=Livre/Crawl|Costas;skills=Breakout|Braçadas,"Sessão e blocos normalizados: pode usar integralmente ou recombinar blocos preservando objetivo, zona dominante, perfil, fase e regras RKF.",RKF_V5.0
RKF-MAST-FUNDO-01,A1 extensivo + eficiência,3200,3200,0,OK — EXATO,Treinos_Master_Fundo_RKF,2,Master,Master / objetivo e custo adaptativo,Master competitivo | fundo 400/800/1500 + águas abertas,Técnica/Fundamentos,"Base aeróbia, economia e estabilidade técnica.",,A2|A1,Livre/Crawl|Costas,,Scull|Braçadas|Respiração|Sensibilidade,PSE 4–5 | teto 4.000 m | prioridade A1,7,READY_WHOLE|BLOCKS_EXACT,YES,age=Master;profile=Master competitivo | fundo 400/800/1500 + águas abertas;type=Técnica/Fundamentos;zones=A2|A1;styles=Livre/Crawl|Costas;skills=Scull|Braçadas|Respiração|Sensibilidade,"Sessão e blocos normalizados: pode usar integralmente ou recombinar blocos preservando objetivo, zona dominante, perfil, fase e regras RKF.",RKF_V5.0
RKF-MAST-FUNDO-02,A2 steady state,3400,3400,0,OK — EXATO,Treinos_Master_Fundo_RKF,3,Master,Master / objetivo e custo adaptativo,Master competitivo | fundo 400/800/1500 + águas abertas,Técnica/Fundamentos,Sustentação A2 com baixa deriva mecânica.,,A3|A2|A1,Livre/Crawl|Costas,,Braçadas,PSE 5–6 | teto 4.000 m | prioridade A2,7,READY_WHOLE|BLOCKS_EXACT,YES,age=Master;profile=Master competitivo | fundo 400/800/1500 + águas abertas;type=Técnica/Fundamentos;zones=A3|A2|A1;styles=Livre/Crawl|Costas;skills=Braçadas,"Sessão e blocos normalizados: pode usar integralmente ou recombinar blocos preservando objetivo, zona dominante, perfil, fase e regras RKF.",RKF_V5.0
RKF-MAST-FUNDO-03,Progressivo A1→A2→A3,3600,3600,0,OK — EXATO,Treinos_Master_Fundo_RKF,4,Master,Master / objetivo e custo adaptativo,Master competitivo | fundo 400/800/1500 + águas abertas,Técnica/Fundamentos,Progressão de intensidade com técnica preservada.,,A3|A2|A1,Livre/Crawl|Costas,,Respiração,PSE 6–7 | teto 4.000 m | prioridade A1/A2/A3,7,READY_WHOLE|BLOCKS_EXACT,YES,age=Master;profile=Master competitivo | fundo 400/800/1500 + águas abertas;type=Técnica/Fundamentos;zones=A3|A2|A1;styles=Livre/Crawl|Costas;skills=Respiração,"Sessão e blocos normalizados: pode usar integralmente ou recombinar blocos preservando objetivo, zona dominante, perfil, fase e regras RKF.",RKF_V5.0
RKF-MAST-FUNDO-04,Ritmo de 400 m controlado,3000,3000,0,OK — EXATO,Treinos_Master_Fundo_RKF,5,Master,Master / objetivo e custo adaptativo,Master competitivo | fundo 400/800/1500 + águas abertas,Técnica/Fundamentos,Ritmo de 400 controlado sem excesso glicolítico.,,A3|A2|A1,Livre/Crawl|Costas,,Braçadas,PSE 6–7 | teto 4.000 m | prioridade RDC 400,7,READY_WHOLE|BLOCKS_EXACT,YES,age=Master;profile=Master competitivo | fundo 400/800/1500 + águas abertas;type=Técnica/Fundamentos;zones=A3|A2|A1;styles=Livre/Crawl|Costas;skills=Braçadas,"Sessão e blocos normalizados: pode usar integralmente ou recombinar blocos preservando objetivo, zona dominante, perfil, fase e regras RKF.",RKF_V5.0
RKF-MAST-FUNDO-05,A2 longo,3800,3800,0,OK — EXATO,Treinos_Master_Fundo_RKF,6,Master,Master / objetivo e custo adaptativo,Master competitivo | fundo 400/800/1500 + águas abertas,Técnica/Fundamentos,A2 longo e sustentável.,,A2|A1,Livre/Crawl|Costas|Peito,Palmar,Braçadas,PSE 5–6 | teto 4.000 m | prioridade A2,7,READY_WHOLE|BLOCKS_EXACT,YES,age=Master;profile=Master competitivo | fundo 400/800/1500 + águas abertas;type=Técnica/Fundamentos;zones=A2|A1;styles=Livre/Crawl|Costas|Peito;skills=Braçadas,"Sessão e blocos normalizados: pode usar integralmente ou recombinar blocos preservando objetivo, zona dominante, perfil, fase e regras RKF.",RKF_V5.0
RKF-MAST-FUNDO-06,Perna para fundista Master,3000,3000,0,OK — EXATO,Treinos_Master_Fundo_RKF,7,Master,Master / objetivo e custo adaptativo,Master competitivo | fundo 400/800/1500 + águas abertas,Técnica/Fundamentos,Resistência de perna e transferência ao nado.,,A3|A2|A1,Livre/Crawl|Costas,Prancha,Perna,PSE 5–6 | teto 4.000 m | prioridade A2,7,READY_WHOLE|BLOCKS_EXACT,YES,age=Master;profile=Master competitivo | fundo 400/800/1500 + águas abertas;type=Técnica/Fundamentos;zones=A3|A2|A1;styles=Livre/Crawl|Costas;skills=Perna,"Sessão e blocos normalizados: pode usar integralmente ou recombinar blocos preservando objetivo, zona dominante, perfil, fase e regras RKF.",RKF_V5.0
RKF-MAST-FUNDO-07,A1/A2 alternado,3400,3400,0,OK — EXATO,Treinos_Master_Fundo_RKF,8,Master,Master / objetivo e custo adaptativo,Master competitivo | fundo 400/800/1500 + águas abertas,Técnica/Fundamentos,Alternância A1/A2 sem deriva de intensidade.,,A2|A1,Livre/Crawl|Costas,,Braçadas|Respiração,PSE 5 | teto 4.000 m | prioridade A1/A2,7,READY_WHOLE|BLOCKS_EXACT,YES,age=Master;profile=Master competitivo | fundo 400/800/1500 + águas abertas;type=Técnica/Fundamentos;zones=A2|A1;styles=Livre/Crawl|Costas;skills=Braçadas|Respiração,"Sessão e blocos normalizados: pode usar integralmente ou recombinar blocos preservando objetivo, zona dominante, perfil, fase e regras RKF.",RKF_V5.0
RKF-MAST-FUNDO-08,1500 m específico,3700,3700,0,OK — EXATO,Treinos_Master_Fundo_RKF,9,Master,Master / objetivo e custo adaptativo,Master competitivo | fundo 400/800/1500 + águas abertas,Técnica/Fundamentos,Estabilidade do ritmo de 1500.,,A2|A1,Livre/Crawl|Costas,Palmar,Sensibilidade,PSE 6–7 | teto 4.000 m | prioridade RDC 1500,7,READY_WHOLE|BLOCKS_EXACT,YES,age=Master;profile=Master competitivo | fundo 400/800/1500 + águas abertas;type=Técnica/Fundamentos;zones=A2|A1;styles=Livre/Crawl|Costas;skills=Sensibilidade,"Sessão e blocos normalizados: pode usar integralmente ou recombinar blocos preservando objetivo, zona dominante, perfil, fase e regras RKF.",RKF_V5.0
RKF-MAST-FUNDO-09,Águas abertas: orientação + ritmo,3200,3200,0,OK — EXATO,Treinos_Master_Fundo_RKF,10,Master,Master / objetivo e custo adaptativo,Master competitivo | fundo 400/800/1500 + águas abertas,Técnica/Fundamentos,Orientação sem perder economia de nado.,,A3|A2|A1,Livre/Crawl|Águas abertas,,Braçadas,PSE 5–6 | teto 4.000 m | prioridade A2,7,READY_WHOLE|BLOCKS_EXACT,YES,age=Master;profile=Master competitivo | fundo 400/800/1500 + águas abertas;type=Técnica/Fundamentos;zones=A3|A2|A1;styles=Livre/Crawl|Águas abertas;skills=Braçadas,"Sessão e blocos normalizados: pode usar integralmente ou recombinar blocos preservando objetivo, zona dominante, perfil, fase e regras RKF.",RKF_V5.0
RKF-MAST-FUNDO-10,A3 controlado,3200,3200,0,OK — EXATO,Treinos_Master_Fundo_RKF,11,Master,Master / objetivo e custo adaptativo,Master competitivo | fundo 400/800/1500 + águas abertas,Técnica/Fundamentos,"A3 controlado em blocos, sem excesso de densidade.",,A3|A2|A1,Livre/Crawl|Costas,,Braçadas,PSE 7 | teto 4.000 m | prioridade A3,7,READY_WHOLE|BLOCKS_EXACT,YES,age=Master;profile=Master competitivo | fundo 400/800/1500 + águas abertas;type=Técnica/Fundamentos;zones=A3|A2|A1;styles=Livre/Crawl|Costas;skills=Braçadas,"Sessão e blocos normalizados: pode usar integralmente ou recombinar blocos preservando objetivo, zona dominante, perfil, fase e regras RKF.",RKF_V5.0
RKF-MAST-FUNDO-11,Negative split,3600,3600,0,OK — EXATO,Treinos_Master_Fundo_RKF,12,Master,Master / objetivo e custo adaptativo,Master competitivo | fundo 400/800/1500 + águas abertas,Técnica/Fundamentos,Negative split sustentável.,,A2|A1,Livre/Crawl|Costas,,,PSE 6 | teto 4.000 m | prioridade A1/A2,7,READY_WHOLE|BLOCKS_EXACT,YES,age=Master;profile=Master competitivo | fundo 400/800/1500 + águas abertas;type=Técnica/Fundamentos;zones=A2|A1;styles=Livre/Crawl|Costas;skills=NA,"Sessão e blocos normalizados: pode usar integralmente ou recombinar blocos preservando objetivo, zona dominante, perfil, fase e regras RKF.",RKF_V5.0
RKF-MAST-FUNDO-12,Pull A2,3400,3400,0,OK — EXATO,Treinos_Master_Fundo_RKF,13,Master,Master / objetivo e custo adaptativo,Master competitivo | fundo 400/800/1500 + águas abertas,Técnica/Fundamentos,Força aeróbia de braço com transferência.,,A2|A1,Livre/Crawl|Costas,Palmar pequeno,Scull|Sensibilidade,PSE 5–6 | teto 4.000 m | prioridade A2,7,READY_WHOLE|BLOCKS_EXACT,YES,age=Master;profile=Master competitivo | fundo 400/800/1500 + águas abertas;type=Técnica/Fundamentos;zones=A2|A1;styles=Livre/Crawl|Costas;skills=Scull|Sensibilidade,"Sessão e blocos normalizados: pode usar integralmente ou recombinar blocos preservando objetivo, zona dominante, perfil, fase e regras RKF.",RKF_V5.0
RKF-MAST-FUNDO-13,Progressivos de 400,3500,3500,0,OK — EXATO,Treinos_Master_Fundo_RKF,14,Master,Master / objetivo e custo adaptativo,Master competitivo | fundo 400/800/1500 + águas abertas,Técnica/Fundamentos,Progressão intrarrepetição A1-A2-A3.,,A3|A2|A1,Livre/Crawl,,,PSE 6–7 | teto 4.000 m | prioridade A1/A2/A3,7,READY_WHOLE|BLOCKS_EXACT,YES,age=Master;profile=Master competitivo | fundo 400/800/1500 + águas abertas;type=Técnica/Fundamentos;zones=A3|A2|A1;styles=Livre/Crawl;skills=NA,"Sessão e blocos normalizados: pode usar integralmente ou recombinar blocos preservando objetivo, zona dominante, perfil, fase e regras RKF.",RKF_V5.0
RKF-MAST-FUNDO-14,Ritmo de 800 m,3400,3400,0,OK — EXATO,Treinos_Master_Fundo_RKF,15,Master,Master / objetivo e custo adaptativo,Master competitivo | fundo 400/800/1500 + águas abertas,Técnica/Fundamentos,Ritmo de 800 com distribuição controlada.,,A3|A2|A1,Livre/Crawl|Costas,,,PSE 6–7 | teto 4.000 m | prioridade RDC 800,7,READY_WHOLE|BLOCKS_EXACT,YES,age=Master;profile=Master competitivo | fundo 400/800/1500 + águas abertas;type=Técnica/Fundamentos;zones=A3|A2|A1;styles=Livre/Crawl|Costas;skills=NA,"Sessão e blocos normalizados: pode usar integralmente ou recombinar blocos preservando objetivo, zona dominante, perfil, fase e regras RKF.",RKF_V5.0
RKF-MAST-FUNDO-15,Águas abertas: mudanças de ritmo,3300,3300,0,OK — EXATO,Treinos_Master_Fundo_RKF,16,Master,Master / objetivo e custo adaptativo,Master competitivo | fundo 400/800/1500 + águas abertas,Técnica/Fundamentos,Mudança de ritmo e retorno rápido ao A2.,,A3|A2|A1,Livre/Crawl|Águas abertas,,Braçadas,PSE 6–7 | teto 4.000 m | prioridade A2/A3,7,READY_WHOLE|BLOCKS_EXACT,YES,age=Master;profile=Master competitivo | fundo 400/800/1500 + águas abertas;type=Técnica/Fundamentos;zones=A3|A2|A1;styles=Livre/Crawl|Águas abertas;skills=Braçadas,"Sessão e blocos normalizados: pode usar integralmente ou recombinar blocos preservando objetivo, zona dominante, perfil, fase e regras RKF.",RKF_V5.0
RKF-MAST-FUNDO-16,A1 regenerativo longo,2800,2800,0,OK — EXATO,Treinos_Master_Fundo_RKF,17,Master,Master / objetivo e custo adaptativo,Master competitivo | fundo 400/800/1500 + águas abertas,Técnica/Fundamentos,Recuperação ativa com manutenção técnica.,,A1,Livre/Crawl|Costas,,Braçadas|Respiração|Sensibilidade,PSE 3–4 | teto 4.000 m | prioridade A1,7,READY_WHOLE|BLOCKS_EXACT,YES,age=Master;profile=Master competitivo | fundo 400/800/1500 + águas abertas;type=Técnica/Fundamentos;zones=A1;styles=Livre/Crawl|Costas;skills=Braçadas|Respiração|Sensibilidade,"Sessão e blocos normalizados: pode usar integralmente ou recombinar blocos preservando objetivo, zona dominante, perfil, fase e regras RKF.",RKF_V5.0
RKF-MAST-FUNDO-17,A2 em 100s,3300,3300,0,OK — EXATO,Treinos_Master_Fundo_RKF,18,Master,Master / objetivo e custo adaptativo,Master competitivo | fundo 400/800/1500 + águas abertas,Técnica/Fundamentos,A2 fracionado com densidade moderada.,,A2|A1,Livre/Crawl|Costas,,Braçadas,PSE 5–6 | teto 4.000 m | prioridade A2,7,READY_WHOLE|BLOCKS_EXACT,YES,age=Master;profile=Master competitivo | fundo 400/800/1500 + águas abertas;type=Técnica/Fundamentos;zones=A2|A1;styles=Livre/Crawl|Costas;skills=Braçadas,"Sessão e blocos normalizados: pode usar integralmente ou recombinar blocos preservando objetivo, zona dominante, perfil, fase e regras RKF.",RKF_V5.0
RKF-MAST-FUNDO-18,A3 em blocos curtos,3000,3000,0,OK — EXATO,Treinos_Master_Fundo_RKF,19,Master,Master / objetivo e custo adaptativo,Master competitivo | fundo 400/800/1500 + águas abertas,Técnica/Fundamentos,A3 fracionado com recuperação suficiente.,,A3|A2|A1,Livre/Crawl,,Braçadas,PSE 7 | teto 4.000 m | prioridade A3,7,READY_WHOLE|BLOCKS_EXACT,YES,age=Master;profile=Master competitivo | fundo 400/800/1500 + águas abertas;type=Técnica/Fundamentos;zones=A3|A2|A1;styles=Livre/Crawl;skills=Braçadas,"Sessão e blocos normalizados: pode usar integralmente ou recombinar blocos preservando objetivo, zona dominante, perfil, fase e regras RKF.",RKF_V5.0
RKF-MAST-FUNDO-19,400/800 combinação,3600,3600,0,OK — EXATO,Treinos_Master_Fundo_RKF,20,Master,Master / objetivo e custo adaptativo,Master competitivo | fundo 400/800/1500 + águas abertas,Técnica/Fundamentos,Alternância de ritmos específicos 800/400.,,A2|A1,Livre/Crawl,,Braçadas,PSE 6–7 | teto 4.000 m | prioridade RDC 400/800,7,READY_WHOLE|BLOCKS_EXACT,YES,age=Master;profile=Master competitivo | fundo 400/800/1500 + águas abertas;type=Técnica/Fundamentos;zones=A2|A1;styles=Livre/Crawl;skills=Braçadas,"Sessão e blocos normalizados: pode usar integralmente ou recombinar blocos preservando objetivo, zona dominante, perfil, fase e regras RKF.",RKF_V5.0
RKF-MAST-FUNDO-20,Longo fracionado,4000,4000,0,OK — EXATO,Treinos_Master_Fundo_RKF,21,Master,Master / objetivo e custo adaptativo,Master competitivo | fundo 400/800/1500 + águas abertas,Técnica/Fundamentos,Endurance fracionado com progressão de ritmo dentro de A2.,,A2|A1,Livre/Crawl,,,PSE 6 | teto 4.000 m | prioridade A2,7,READY_WHOLE|BLOCKS_EXACT,YES,age=Master;profile=Master competitivo | fundo 400/800/1500 + águas abertas;type=Técnica/Fundamentos;zones=A2|A1;styles=Livre/Crawl;skills=NA,"Sessão e blocos normalizados: pode usar integralmente ou recombinar blocos preservando objetivo, zona dominante, perfil, fase e regras RKF.",RKF_V5.0
RKF-MAST-FUNDO-21,Águas abertas: saída forte → estabilização,3200,3200,0,OK — EXATO,Treinos_Master_Fundo_RKF,22,Master,Master / objetivo e custo adaptativo,Master competitivo | fundo 400/800/1500 + águas abertas,Técnica/Fundamentos,Largada forte seguida de estabilização sustentável.,,A3|A2|A1,Livre/Crawl|Águas abertas,,,PSE 6–7 | teto 4.000 m | prioridade A2/A3,7,READY_WHOLE|BLOCKS_EXACT,YES,age=Master;profile=Master competitivo | fundo 400/800/1500 + águas abertas;type=Técnica/Fundamentos;zones=A3|A2|A1;styles=Livre/Crawl|Águas abertas;skills=NA,"Sessão e blocos normalizados: pode usar integralmente ou recombinar blocos preservando objetivo, zona dominante, perfil, fase e regras RKF.",RKF_V5.0
RKF-MAST-FUNDO-22,A1/A2/A3 em pirâmide,3500,3500,0,OK — EXATO,Treinos_Master_Fundo_RKF,23,Master,Master / objetivo e custo adaptativo,Master competitivo | fundo 400/800/1500 + águas abertas,Técnica/Fundamentos,Pirâmide de intensidade com recuperação interna.,,A3|A2|A1,Livre/Crawl,,,PSE 6 | teto 4.000 m | prioridade A1/A2/A3,7,READY_WHOLE|BLOCKS_EXACT,YES,age=Master;profile=Master competitivo | fundo 400/800/1500 + águas abertas;type=Técnica/Fundamentos;zones=A3|A2|A1;styles=Livre/Crawl;skills=NA,"Sessão e blocos normalizados: pode usar integralmente ou recombinar blocos preservando objetivo, zona dominante, perfil, fase e regras RKF.",RKF_V5.0
RKF-MAST-FUNDO-23,Economia de braçada A2,3200,3200,0,OK — EXATO,Treinos_Master_Fundo_RKF,24,Master,Master / objetivo e custo adaptativo,Master competitivo | fundo 400/800/1500 + águas abertas,Técnica/Fundamentos,Economia de braçada em A2.,,A3|A2|A1,Livre/Crawl,,Braçadas|Sensibilidade,PSE 5 | teto 4.000 m | prioridade A2,7,READY_WHOLE|BLOCKS_EXACT,YES,age=Master;profile=Master competitivo | fundo 400/800/1500 + águas abertas;type=Técnica/Fundamentos;zones=A3|A2|A1;styles=Livre/Crawl;skills=Braçadas|Sensibilidade,"Sessão e blocos normalizados: pode usar integralmente ou recombinar blocos preservando objetivo, zona dominante, perfil, fase e regras RKF.",RKF_V5.0
RKF-MAST-FUNDO-24,1500 progressivo,3500,3500,0,OK — EXATO,Treinos_Master_Fundo_RKF,25,Master,Master / objetivo e custo adaptativo,Master competitivo | fundo 400/800/1500 + águas abertas,Técnica/Fundamentos,Progressão longa aplicável ao 1500.,,A3|A2|A1,Livre/Crawl,,,PSE 6–7 | teto 4.000 m | prioridade A1/A2/A3,7,READY_WHOLE|BLOCKS_EXACT,YES,age=Master;profile=Master competitivo | fundo 400/800/1500 + águas abertas;type=Técnica/Fundamentos;zones=A3|A2|A1;styles=Livre/Crawl;skills=NA,"Sessão e blocos normalizados: pode usar integralmente ou recombinar blocos preservando objetivo, zona dominante, perfil, fase e regras RKF.",RKF_V5.0
RKF-MAST-FUNDO-25,Força aeróbia com palmar,3300,3300,0,OK — EXATO,Treinos_Master_Fundo_RKF,26,Master,Master / objetivo e custo adaptativo,Master competitivo | fundo 400/800/1500 + águas abertas,Técnica/Fundamentos,Força aeróbia específica com transferência.,,A2|A1,Livre/Crawl|Costas,Palmar médio,Scull|Sensibilidade,PSE 6 | teto 4.000 m | prioridade A2,7,READY_WHOLE|BLOCKS_EXACT,YES,age=Master;profile=Master competitivo | fundo 400/800/1500 + águas abertas;type=Técnica/Fundamentos;zones=A2|A1;styles=Livre/Crawl|Costas;skills=Scull|Sensibilidade,"Sessão e blocos normalizados: pode usar integralmente ou recombinar blocos preservando objetivo, zona dominante, perfil, fase e regras RKF.",RKF_V5.0
RKF-MAST-FUNDO-26,A3 para final de prova,3300,3300,0,OK — EXATO,Treinos_Master_Fundo_RKF,27,Master,Master / objetivo e custo adaptativo,Master competitivo | fundo 400/800/1500 + águas abertas,Técnica/Fundamentos,Finalização A3 após sustentação A2.,,A3|A2|A1,Livre/Crawl,,,PSE 7 | teto 4.000 m | prioridade A2/A3,7,READY_WHOLE|BLOCKS_EXACT,YES,age=Master;profile=Master competitivo | fundo 400/800/1500 + águas abertas;type=Técnica/Fundamentos;zones=A3|A2|A1;styles=Livre/Crawl;skills=NA,"Sessão e blocos normalizados: pode usar integralmente ou recombinar blocos preservando objetivo, zona dominante, perfil, fase e regras RKF.",RKF_V5.0
RKF-MAST-FUNDO-27,Águas abertas: surges,3400,3400,0,OK — EXATO,Treinos_Master_Fundo_RKF,28,Master,Master / objetivo e custo adaptativo,Master competitivo | fundo 400/800/1500 + águas abertas,Técnica/Fundamentos,Surges curtos dentro de sustentação A2.,,A3|A2|A1,Livre/Crawl|Águas abertas,,Respiração,PSE 6–7 | teto 4.000 m | prioridade A2/A3,7,READY_WHOLE|BLOCKS_EXACT,YES,age=Master;profile=Master competitivo | fundo 400/800/1500 + águas abertas;type=Técnica/Fundamentos;zones=A3|A2|A1;styles=Livre/Crawl|Águas abertas;skills=Respiração,"Sessão e blocos normalizados: pode usar integralmente ou recombinar blocos preservando objetivo, zona dominante, perfil, fase e regras RKF.",RKF_V5.0
RKF-MAST-FUNDO-28,400 m negative split,3200,3200,0,OK — EXATO,Treinos_Master_Fundo_RKF,29,Master,Master / objetivo e custo adaptativo,Master competitivo | fundo 400/800/1500 + águas abertas,Técnica/Fundamentos,Negative split específico de 400.,,A3|A2|A1,Livre/Crawl,,,PSE 6–7 | teto 4.000 m | prioridade A2/A3,7,READY_WHOLE|BLOCKS_EXACT,YES,age=Master;profile=Master competitivo | fundo 400/800/1500 + águas abertas;type=Técnica/Fundamentos;zones=A3|A2|A1;styles=Livre/Crawl;skills=NA,"Sessão e blocos normalizados: pode usar integralmente ou recombinar blocos preservando objetivo, zona dominante, perfil, fase e regras RKF.",RKF_V5.0
RKF-MAST-FUNDO-29,Desafio de continuidade,4000,4000,0,OK — EXATO,Treinos_Master_Fundo_RKF,30,Master,Master / objetivo e custo adaptativo,Master competitivo | fundo 400/800/1500 + águas abertas,Técnica/Fundamentos,Continuidade longa e gestão de ritmo.,,A3|A2|A1,Livre/Crawl|Costas,,Respiração,PSE 5–6 | teto 4.000 m | prioridade A1/A2,7,READY_WHOLE|BLOCKS_EXACT,YES,age=Master;profile=Master competitivo | fundo 400/800/1500 + águas abertas;type=Técnica/Fundamentos;zones=A3|A2|A1;styles=Livre/Crawl|Costas;skills=Respiração,"Sessão e blocos normalizados: pode usar integralmente ou recombinar blocos preservando objetivo, zona dominante, perfil, fase e regras RKF.",RKF_V5.0
RKF-MAST-FUNDO-30,Integração Master fundo / Open Water,4000,4000,0,OK — EXATO,Treinos_Master_Fundo_RKF,31,Master,Master / objetivo e custo adaptativo,Master competitivo | fundo 400/800/1500 + águas abertas,Técnica/Fundamentos,"Integração de endurance, surges e orientação.",,A3|A2|A1,Livre/Crawl|Costas|Águas abertas,,,PSE 6–7 | teto 4.000 m | prioridade A1/A2/A3,7,READY_WHOLE|BLOCKS_EXACT,YES,age=Master;profile=Master competitivo | fundo 400/800/1500 + águas abertas;type=Técnica/Fundamentos;zones=A3|A2|A1;styles=Livre/Crawl|Costas|Águas abertas;skills=NA,"Sessão e blocos normalizados: pode usar integralmente ou recombinar blocos preservando objetivo, zona dominante, perfil, fase e regras RKF.",RKF_V5.0
RKF-MAST-NC-001,Técnica de crawl — Fundamentos com fluidez,1500,1500,0,OK — EXATO,Treinos_Master_NaoCompet_RKF,2,Master,Master / objetivo e custo adaptativo,Master não competitivo | adulto recreativo | recuperação de Master competitivo,Técnica/Fundamentos,"Melhorar economia do crawl por meio de apoio, alinhamento, rotação e transferência para nado completo.",,A1,Livre/Crawl|Costas,,Scull|Braçadas|Sensibilidade,PSE 3–4 | 1500 m | Master não competitivo,7,READY_WHOLE|BLOCKS_EXACT,YES,age=Master;profile=Master não competitivo | adulto recreativo | recuperação de Master competitivo;type=Técnica/Fundamentos;zones=A1;styles=Livre/Crawl|Costas;skills=Scull|Braçadas|Sensibilidade,"Sessão e blocos normalizados: pode usar integralmente ou recombinar blocos preservando objetivo, zona dominante, perfil, fase e regras RKF.",RKF_V5.0
RKF-MAST-NC-002,Técnica de crawl — Eficiência sem pressa,1600,1600,0,OK — EXATO,Treinos_Master_NaoCompet_RKF,3,Master,Master / objetivo e custo adaptativo,Master não competitivo | adulto recreativo | recuperação de Master competitivo,Técnica/Fundamentos,"Melhorar economia do crawl por meio de apoio, alinhamento, rotação e transferência para nado completo.",,A1,Livre/Crawl|Costas,Palmar pequeno|Pé de pato,Braçadas|Sensibilidade,PSE 3–4 | 1600 m | Master não competitivo,7,READY_WHOLE|BLOCKS_EXACT,YES,age=Master;profile=Master não competitivo | adulto recreativo | recuperação de Master competitivo;type=Técnica/Fundamentos;zones=A1;styles=Livre/Crawl|Costas;skills=Braçadas|Sensibilidade,"Sessão e blocos normalizados: pode usar integralmente ou recombinar blocos preservando objetivo, zona dominante, perfil, fase e regras RKF.",RKF_V5.0
RKF-MAST-NC-003,Técnica de crawl — Controle e sensação de água,1700,1700,0,OK — EXATO,Treinos_Master_NaoCompet_RKF,4,Master,Master / objetivo e custo adaptativo,Master não competitivo | adulto recreativo | recuperação de Master competitivo,Técnica/Fundamentos,"Melhorar economia do crawl por meio de apoio, alinhamento, rotação e transferência para nado completo.",,A1,Livre/Crawl|Costas,,Braçadas|Sensibilidade,PSE 3–4 | 1700 m | Master não competitivo,7,READY_WHOLE|BLOCKS_EXACT,YES,age=Master;profile=Master não competitivo | adulto recreativo | recuperação de Master competitivo;type=Técnica/Fundamentos;zones=A1;styles=Livre/Crawl|Costas;skills=Braçadas|Sensibilidade,"Sessão e blocos normalizados: pode usar integralmente ou recombinar blocos preservando objetivo, zona dominante, perfil, fase e regras RKF.",RKF_V5.0
RKF-MAST-NC-004,Técnica de crawl — Coordenação confortável,1800,1800,0,OK — EXATO,Treinos_Master_NaoCompet_RKF,5,Master,Master / objetivo e custo adaptativo,Master não competitivo | adulto recreativo | recuperação de Master competitivo,Técnica/Fundamentos,"Melhorar economia do crawl por meio de apoio, alinhamento, rotação e transferência para nado completo.",,A1,Livre/Crawl|Costas,Palmar pequeno|Pé de pato,Braçadas|Coordenação|Sensibilidade,PSE 3–4 | 1800 m | Master não competitivo,7,READY_WHOLE|BLOCKS_EXACT,YES,age=Master;profile=Master não competitivo | adulto recreativo | recuperação de Master competitivo;type=Técnica/Fundamentos;zones=A1;styles=Livre/Crawl|Costas;skills=Braçadas|Coordenação|Sensibilidade,"Sessão e blocos normalizados: pode usar integralmente ou recombinar blocos preservando objetivo, zona dominante, perfil, fase e regras RKF.",RKF_V5.0
RKF-MAST-NC-005,Técnica de crawl — Desafio técnico leve,1900,1900,0,OK — EXATO,Treinos_Master_NaoCompet_RKF,6,Master,Master / objetivo e custo adaptativo,Master não competitivo | adulto recreativo | recuperação de Master competitivo,Técnica/Fundamentos,"Melhorar economia do crawl por meio de apoio, alinhamento, rotação e transferência para nado completo.",,A1,Livre/Crawl|Costas,Palmar pequeno|Pé de pato,Braçadas|Perna|Sensibilidade,PSE 3–4 | 1900 m | Master não competitivo,7,READY_WHOLE|BLOCKS_EXACT,YES,age=Master;profile=Master não competitivo | adulto recreativo | recuperação de Master competitivo;type=Técnica/Fundamentos;zones=A1;styles=Livre/Crawl|Costas;skills=Braçadas|Perna|Sensibilidade,"Sessão e blocos normalizados: pode usar integralmente ou recombinar blocos preservando objetivo, zona dominante, perfil, fase e regras RKF.",RKF_V5.0
RKF-MAST-NC-006,Técnica de crawl — Nado consciente,2000,2000,0,OK — EXATO,Treinos_Master_NaoCompet_RKF,7,Master,Master / objetivo e custo adaptativo,Master não competitivo | adulto recreativo | recuperação de Master competitivo,Técnica/Fundamentos,"Melhorar economia do crawl por meio de apoio, alinhamento, rotação e transferência para nado completo.",,A1,Livre/Crawl|Costas,Palmar pequeno|Pé de pato,Scull|Braçadas|Sensibilidade,PSE 3–4 | 2000 m | Master não competitivo,7,READY_WHOLE|BLOCKS_EXACT,YES,age=Master;profile=Master não competitivo | adulto recreativo | recuperação de Master competitivo;type=Técnica/Fundamentos;zones=A1;styles=Livre/Crawl|Costas;skills=Scull|Braçadas|Sensibilidade,"Sessão e blocos normalizados: pode usar integralmente ou recombinar blocos preservando objetivo, zona dominante, perfil, fase e regras RKF.",RKF_V5.0
RKF-MAST-NC-007,Técnica de crawl — Economia em movimento,1600,1600,0,OK — EXATO,Treinos_Master_NaoCompet_RKF,8,Master,Master / objetivo e custo adaptativo,Master não competitivo | adulto recreativo | recuperação de Master competitivo,Técnica/Fundamentos,"Melhorar economia do crawl por meio de apoio, alinhamento, rotação e transferência para nado completo.",,A1,Livre/Crawl|Costas,,Braçadas|Sensibilidade,PSE 3–4 | 1600 m | Master não competitivo,7,READY_WHOLE|BLOCKS_EXACT,YES,age=Master;profile=Master não competitivo | adulto recreativo | recuperação de Master competitivo;type=Técnica/Fundamentos;zones=A1;styles=Livre/Crawl|Costas;skills=Braçadas|Sensibilidade,"Sessão e blocos normalizados: pode usar integralmente ou recombinar blocos preservando objetivo, zona dominante, perfil, fase e regras RKF.",RKF_V5.0
RKF-MAST-NC-008,Técnica de crawl — Variedade com controle,1800,1800,0,OK — EXATO,Treinos_Master_NaoCompet_RKF,9,Master,Master / objetivo e custo adaptativo,Master não competitivo | adulto recreativo | recuperação de Master competitivo,Técnica/Fundamentos,"Melhorar economia do crawl por meio de apoio, alinhamento, rotação e transferência para nado completo.",,A1,Livre/Crawl|Costas,,Braçadas|Sensibilidade,PSE 3–4 | 1800 m | Master não competitivo,7,READY_WHOLE|BLOCKS_EXACT,YES,age=Master;profile=Master não competitivo | adulto recreativo | recuperação de Master competitivo;type=Técnica/Fundamentos;zones=A1;styles=Livre/Crawl|Costas;skills=Braçadas|Sensibilidade,"Sessão e blocos normalizados: pode usar integralmente ou recombinar blocos preservando objetivo, zona dominante, perfil, fase e regras RKF.",RKF_V5.0
RKF-MAST-NC-009,Técnica de crawl — Precisão e relaxamento,1700,1700,0,OK — EXATO,Treinos_Master_NaoCompet_RKF,10,Master,Master / objetivo e custo adaptativo,Master não competitivo | adulto recreativo | recuperação de Master competitivo,Técnica/Fundamentos,"Melhorar economia do crawl por meio de apoio, alinhamento, rotação e transferência para nado completo.",,A1,Livre/Crawl|Costas,Palmar pequeno|Pé de pato,Sensibilidade,PSE 3–4 | 1700 m | Master não competitivo,7,READY_WHOLE|BLOCKS_EXACT,YES,age=Master;profile=Master não competitivo | adulto recreativo | recuperação de Master competitivo;type=Técnica/Fundamentos;zones=A1;styles=Livre/Crawl|Costas;skills=Sensibilidade,"Sessão e blocos normalizados: pode usar integralmente ou recombinar blocos preservando objetivo, zona dominante, perfil, fase e regras RKF.",RKF_V5.0
RKF-MAST-NC-010,Técnica de crawl — Continuidade técnica,1900,1900,0,OK — EXATO,Treinos_Master_NaoCompet_RKF,11,Master,Master / objetivo e custo adaptativo,Master não competitivo | adulto recreativo | recuperação de Master competitivo,Técnica/Fundamentos,"Melhorar economia do crawl por meio de apoio, alinhamento, rotação e transferência para nado completo.",,A1,Livre/Crawl|Costas,Palmar pequeno|Pé de pato,Braçadas|Perna|Sensibilidade,PSE 3–4 | 1900 m | Master não competitivo,7,READY_WHOLE|BLOCKS_EXACT,YES,age=Master;profile=Master não competitivo | adulto recreativo | recuperação de Master competitivo;type=Técnica/Fundamentos;zones=A1;styles=Livre/Crawl|Costas;skills=Braçadas|Perna|Sensibilidade,"Sessão e blocos normalizados: pode usar integralmente ou recombinar blocos preservando objetivo, zona dominante, perfil, fase e regras RKF.",RKF_V5.0
RKF-MAST-NC-011,Respiração + coordenação — Fundamentos com fluidez,1500,1500,0,OK — EXATO,Treinos_Master_NaoCompet_RKF,12,Master,Master / objetivo e custo adaptativo,Master não competitivo | adulto recreativo | recuperação de Master competitivo,Técnica/Fundamentos,"Melhorar conforto respiratório, coordenação e continuidade sem elevar carga metabólica.",,A1,Livre/Crawl|Costas,,Scull|Braçadas|Respiração|Coordenação,PSE 3–4 | 1500 m | Master não competitivo,7,READY_WHOLE|BLOCKS_EXACT,YES,age=Master;profile=Master não competitivo | adulto recreativo | recuperação de Master competitivo;type=Técnica/Fundamentos;zones=A1;styles=Livre/Crawl|Costas;skills=Scull|Braçadas|Respiração|Coordenação,"Sessão e blocos normalizados: pode usar integralmente ou recombinar blocos preservando objetivo, zona dominante, perfil, fase e regras RKF.",RKF_V5.0
RKF-MAST-NC-012,Respiração + coordenação — Eficiência sem pressa,1600,1600,0,OK — EXATO,Treinos_Master_NaoCompet_RKF,13,Master,Master / objetivo e custo adaptativo,Master não competitivo | adulto recreativo | recuperação de Master competitivo,Misto,"Melhorar conforto respiratório, coordenação e continuidade sem elevar carga metabólica.",,A1,Livre/Crawl|Costas,Palmar pequeno|Pé de pato,Braçadas|Respiração|Coordenação,PSE 3–4 | 1600 m | Master não competitivo,7,READY_WHOLE|BLOCKS_EXACT,YES,age=Master;profile=Master não competitivo | adulto recreativo | recuperação de Master competitivo;type=Misto;zones=A1;styles=Livre/Crawl|Costas;skills=Braçadas|Respiração|Coordenação,"Sessão e blocos normalizados: pode usar integralmente ou recombinar blocos preservando objetivo, zona dominante, perfil, fase e regras RKF.",RKF_V5.0
RKF-MAST-NC-013,Respiração + coordenação — Controle e sensação de água,1700,1700,0,OK — EXATO,Treinos_Master_NaoCompet_RKF,14,Master,Master / objetivo e custo adaptativo,Master não competitivo | adulto recreativo | recuperação de Master competitivo,Misto,"Melhorar conforto respiratório, coordenação e continuidade sem elevar carga metabólica.",,A1,Livre/Crawl|Costas,,Braçadas|Respiração|Coordenação,PSE 3–4 | 1700 m | Master não competitivo,7,READY_WHOLE|BLOCKS_EXACT,YES,age=Master;profile=Master não competitivo | adulto recreativo | recuperação de Master competitivo;type=Misto;zones=A1;styles=Livre/Crawl|Costas;skills=Braçadas|Respiração|Coordenação,"Sessão e blocos normalizados: pode usar integralmente ou recombinar blocos preservando objetivo, zona dominante, perfil, fase e regras RKF.",RKF_V5.0
RKF-MAST-NC-014,Respiração + coordenação — Coordenação confortável,1800,1800,0,OK — EXATO,Treinos_Master_NaoCompet_RKF,15,Master,Master / objetivo e custo adaptativo,Master não competitivo | adulto recreativo | recuperação de Master competitivo,Misto,"Melhorar conforto respiratório, coordenação e continuidade sem elevar carga metabólica.",,A1,Livre/Crawl|Costas,Palmar pequeno|Pé de pato,Braçadas|Respiração|Perna|Coordenação,PSE 3–4 | 1800 m | Master não competitivo,7,READY_WHOLE|BLOCKS_EXACT,YES,age=Master;profile=Master não competitivo | adulto recreativo | recuperação de Master competitivo;type=Misto;zones=A1;styles=Livre/Crawl|Costas;skills=Braçadas|Respiração|Perna|Coordenação,"Sessão e blocos normalizados: pode usar integralmente ou recombinar blocos preservando objetivo, zona dominante, perfil, fase e regras RKF.",RKF_V5.0
RKF-MAST-NC-015,Respiração + coordenação — Desafio técnico leve,1900,1900,0,OK — EXATO,Treinos_Master_NaoCompet_RKF,16,Master,Master / objetivo e custo adaptativo,Master não competitivo | adulto recreativo | recuperação de Master competitivo,Misto,"Melhorar conforto respiratório, coordenação e continuidade sem elevar carga metabólica.",,A1,Livre/Crawl|Costas,Palmar pequeno|Pé de pato,Braçadas|Respiração|Perna|Coordenação|Sensibilidade,PSE 3–4 | 1900 m | Master não competitivo,7,READY_WHOLE|BLOCKS_EXACT,YES,age=Master;profile=Master não competitivo | adulto recreativo | recuperação de Master competitivo;type=Misto;zones=A1;styles=Livre/Crawl|Costas;skills=Braçadas|Respiração|Perna|Coordenação|Sensibilidade,"Sessão e blocos normalizados: pode usar integralmente ou recombinar blocos preservando objetivo, zona dominante, perfil, fase e regras RKF.",RKF_V5.0
RKF-MAST-NC-016,Respiração + coordenação — Nado consciente,2000,2000,0,OK — EXATO,Treinos_Master_NaoCompet_RKF,17,Master,Master / objetivo e custo adaptativo,Master não competitivo | adulto recreativo | recuperação de Master competitivo,Misto,"Melhorar conforto respiratório, coordenação e continuidade sem elevar carga metabólica.",,A1,Livre/Crawl|Costas,Palmar pequeno|Pé de pato,Scull|Braçadas|Respiração|Coordenação,PSE 3–4 | 2000 m | Master não competitivo,7,READY_WHOLE|BLOCKS_EXACT,YES,age=Master;profile=Master não competitivo | adulto recreativo | recuperação de Master competitivo;type=Misto;zones=A1;styles=Livre/Crawl|Costas;skills=Scull|Braçadas|Respiração|Coordenação,"Sessão e blocos normalizados: pode usar integralmente ou recombinar blocos preservando objetivo, zona dominante, perfil, fase e regras RKF.",RKF_V5.0
RKF-MAST-NC-017,Respiração + coordenação — Economia em movimento,1600,1600,0,OK — EXATO,Treinos_Master_NaoCompet_RKF,18,Master,Master / objetivo e custo adaptativo,Master não competitivo | adulto recreativo | recuperação de Master competitivo,Misto,"Melhorar conforto respiratório, coordenação e continuidade sem elevar carga metabólica.",,A1,Livre/Crawl|Costas,,Braçadas|Respiração|Coordenação,PSE 3–4 | 1600 m | Master não competitivo,7,READY_WHOLE|BLOCKS_EXACT,YES,age=Master;profile=Master não competitivo | adulto recreativo | recuperação de Master competitivo;type=Misto;zones=A1;styles=Livre/Crawl|Costas;skills=Braçadas|Respiração|Coordenação,"Sessão e blocos normalizados: pode usar integralmente ou recombinar blocos preservando objetivo, zona dominante, perfil, fase e regras RKF.",RKF_V5.0
RKF-MAST-NC-018,Respiração + coordenação — Variedade com controle,1800,1800,0,OK — EXATO,Treinos_Master_NaoCompet_RKF,19,Master,Master / objetivo e custo adaptativo,Master não competitivo | adulto recreativo | recuperação de Master competitivo,Misto,"Melhorar conforto respiratório, coordenação e continuidade sem elevar carga metabólica.",,A1,Livre/Crawl|Costas,,Braçadas|Respiração|Coordenação,PSE 3–4 | 1800 m | Master não competitivo,7,READY_WHOLE|BLOCKS_EXACT,YES,age=Master;profile=Master não competitivo | adulto recreativo | recuperação de Master competitivo;type=Misto;zones=A1;styles=Livre/Crawl|Costas;skills=Braçadas|Respiração|Coordenação,"Sessão e blocos normalizados: pode usar integralmente ou recombinar blocos preservando objetivo, zona dominante, perfil, fase e regras RKF.",RKF_V5.0
RKF-MAST-NC-019,Respiração + coordenação — Precisão e relaxamento,1700,1700,0,OK — EXATO,Treinos_Master_NaoCompet_RKF,20,Master,Master / objetivo e custo adaptativo,Master não competitivo | adulto recreativo | recuperação de Master competitivo,Misto,"Melhorar conforto respiratório, coordenação e continuidade sem elevar carga metabólica.",,A1,Livre/Crawl|Costas,Palmar pequeno|Pé de pato,Respiração|Perna|Coordenação,PSE 3–4 | 1700 m | Master não competitivo,7,READY_WHOLE|BLOCKS_EXACT,YES,age=Master;profile=Master não competitivo | adulto recreativo | recuperação de Master competitivo;type=Misto;zones=A1;styles=Livre/Crawl|Costas;skills=Respiração|Perna|Coordenação,"Sessão e blocos normalizados: pode usar integralmente ou recombinar blocos preservando objetivo, zona dominante, perfil, fase e regras RKF.",RKF_V5.0
RKF-MAST-NC-020,Respiração + coordenação — Continuidade técnica,1900,1900,0,OK — EXATO,Treinos_Master_NaoCompet_RKF,21,Master,Master / objetivo e custo adaptativo,Master não competitivo | adulto recreativo | recuperação de Master competitivo,Técnica/Fundamentos,"Melhorar conforto respiratório, coordenação e continuidade sem elevar carga metabólica.",,A1,Livre/Crawl|Costas,Palmar pequeno|Pé de pato,Braçadas|Respiração|Perna|Coordenação|Sensibilidade,PSE 3–4 | 1900 m | Master não competitivo,7,READY_WHOLE|BLOCKS_EXACT,YES,age=Master;profile=Master não competitivo | adulto recreativo | recuperação de Master competitivo;type=Técnica/Fundamentos;zones=A1;styles=Livre/Crawl|Costas;skills=Braçadas|Respiração|Perna|Coordenação|Sensibilidade,"Sessão e blocos normalizados: pode usar integralmente ou recombinar blocos preservando objetivo, zona dominante, perfil, fase e regras RKF.",RKF_V5.0
RKF-MAST-NC-021,Medley lúdico — Fundamentos com fluidez,1500,1500,0,OK — EXATO,Treinos_Master_NaoCompet_RKF,22,Master,Master / objetivo e custo adaptativo,Master não competitivo | adulto recreativo | recuperação de Master competitivo,Técnica/Fundamentos,Aumentar repertório motor e mobilidade aquática com variedade de estilos em baixa intensidade.,,A2|A1,Livre/Crawl|Costas|Peito|Medley,,Scull,PSE 3–4 | 1500 m | Master não competitivo,7,READY_WHOLE|BLOCKS_EXACT,YES,age=Master;profile=Master não competitivo | adulto recreativo | recuperação de Master competitivo;type=Técnica/Fundamentos;zones=A2|A1;styles=Livre/Crawl|Costas|Peito|Medley;skills=Scull,"Sessão e blocos normalizados: pode usar integralmente ou recombinar blocos preservando objetivo, zona dominante, perfil, fase e regras RKF.",RKF_V5.0
RKF-MAST-NC-022,Medley lúdico — Eficiência sem pressa,1600,1600,0,OK — EXATO,Treinos_Master_NaoCompet_RKF,23,Master,Master / objetivo e custo adaptativo,Master não competitivo | adulto recreativo | recuperação de Master competitivo,Misto,Aumentar repertório motor e mobilidade aquática com variedade de estilos em baixa intensidade.,,A1,Livre/Crawl|Costas|Peito|Medley,Palmar pequeno|Pé de pato,,PSE 3–4 | 1600 m | Master não competitivo,7,READY_WHOLE|BLOCKS_EXACT,YES,age=Master;profile=Master não competitivo | adulto recreativo | recuperação de Master competitivo;type=Misto;zones=A1;styles=Livre/Crawl|Costas|Peito|Medley;skills=NA,"Sessão e blocos normalizados: pode usar integralmente ou recombinar blocos preservando objetivo, zona dominante, perfil, fase e regras RKF.",RKF_V5.0
RKF-MAST-NC-023,Medley lúdico — Controle e sensação de água,1700,1700,0,OK — EXATO,Treinos_Master_NaoCompet_RKF,24,Master,Master / objetivo e custo adaptativo,Master não competitivo | adulto recreativo | recuperação de Master competitivo,Misto,Aumentar repertório motor e mobilidade aquática com variedade de estilos em baixa intensidade.,,A1,Livre/Crawl|Costas|Peito|Borboleta|Medley,,Braçadas,PSE 3–4 | 1700 m | Master não competitivo,7,READY_WHOLE|BLOCKS_EXACT,YES,age=Master;profile=Master não competitivo | adulto recreativo | recuperação de Master competitivo;type=Misto;zones=A1;styles=Livre/Crawl|Costas|Peito|Borboleta|Medley;skills=Braçadas,"Sessão e blocos normalizados: pode usar integralmente ou recombinar blocos preservando objetivo, zona dominante, perfil, fase e regras RKF.",RKF_V5.0
RKF-MAST-NC-024,Medley lúdico — Coordenação confortável,1800,1800,0,OK — EXATO,Treinos_Master_NaoCompet_RKF,25,Master,Master / objetivo e custo adaptativo,Master não competitivo | adulto recreativo | recuperação de Master competitivo,Misto,Aumentar repertório motor e mobilidade aquática com variedade de estilos em baixa intensidade.,,A1,Livre/Crawl|Costas|Peito|Borboleta|Medley,Palmar pequeno|Pé de pato,Braçadas|Coordenação,PSE 3–4 | 1800 m | Master não competitivo,7,READY_WHOLE|BLOCKS_EXACT,YES,age=Master;profile=Master não competitivo | adulto recreativo | recuperação de Master competitivo;type=Misto;zones=A1;styles=Livre/Crawl|Costas|Peito|Borboleta|Medley;skills=Braçadas|Coordenação,"Sessão e blocos normalizados: pode usar integralmente ou recombinar blocos preservando objetivo, zona dominante, perfil, fase e regras RKF.",RKF_V5.0
RKF-MAST-NC-025,Medley lúdico — Desafio técnico leve,1900,1900,0,OK — EXATO,Treinos_Master_NaoCompet_RKF,26,Master,Master / objetivo e custo adaptativo,Master não competitivo | adulto recreativo | recuperação de Master competitivo,Misto,Aumentar repertório motor e mobilidade aquática com variedade de estilos em baixa intensidade.,,A1,Livre/Crawl|Costas|Medley,Palmar pequeno|Pé de pato,Braçadas|Perna|Sensibilidade,PSE 3–4 | 1900 m | Master não competitivo,7,READY_WHOLE|BLOCKS_EXACT,YES,age=Master;profile=Master não competitivo | adulto recreativo | recuperação de Master competitivo;type=Misto;zones=A1;styles=Livre/Crawl|Costas|Medley;skills=Braçadas|Perna|Sensibilidade,"Sessão e blocos normalizados: pode usar integralmente ou recombinar blocos preservando objetivo, zona dominante, perfil, fase e regras RKF.",RKF_V5.0
RKF-MAST-NC-026,Medley lúdico — Nado consciente,2000,2000,0,OK — EXATO,Treinos_Master_NaoCompet_RKF,27,Master,Master / objetivo e custo adaptativo,Master não competitivo | adulto recreativo | recuperação de Master competitivo,Misto,Aumentar repertório motor e mobilidade aquática com variedade de estilos em baixa intensidade.,,A2|A1,Livre/Crawl|Costas|Peito|Medley,Palmar pequeno|Pé de pato,Scull|Braçadas,PSE 3–4 | 2000 m | Master não competitivo,7,READY_WHOLE|BLOCKS_EXACT,YES,age=Master;profile=Master não competitivo | adulto recreativo | recuperação de Master competitivo;type=Misto;zones=A2|A1;styles=Livre/Crawl|Costas|Peito|Medley;skills=Scull|Braçadas,"Sessão e blocos normalizados: pode usar integralmente ou recombinar blocos preservando objetivo, zona dominante, perfil, fase e regras RKF.",RKF_V5.0
RKF-MAST-NC-027,Medley lúdico — Economia em movimento,1600,1600,0,OK — EXATO,Treinos_Master_NaoCompet_RKF,28,Master,Master / objetivo e custo adaptativo,Master não competitivo | adulto recreativo | recuperação de Master competitivo,Misto,Aumentar repertório motor e mobilidade aquática com variedade de estilos em baixa intensidade.,,A1,Livre/Crawl|Costas|Peito|Medley,,,PSE 3–4 | 1600 m | Master não competitivo,7,READY_WHOLE|BLOCKS_EXACT,YES,age=Master;profile=Master não competitivo | adulto recreativo | recuperação de Master competitivo;type=Misto;zones=A1;styles=Livre/Crawl|Costas|Peito|Medley;skills=NA,"Sessão e blocos normalizados: pode usar integralmente ou recombinar blocos preservando objetivo, zona dominante, perfil, fase e regras RKF.",RKF_V5.0
RKF-MAST-NC-028,Medley lúdico — Variedade com controle,1800,1800,0,OK — EXATO,Treinos_Master_NaoCompet_RKF,29,Master,Master / objetivo e custo adaptativo,Master não competitivo | adulto recreativo | recuperação de Master competitivo,Misto,Aumentar repertório motor e mobilidade aquática com variedade de estilos em baixa intensidade.,,A1,Livre/Crawl|Costas|Peito|Borboleta|Medley,,Braçadas,PSE 3–4 | 1800 m | Master não competitivo,7,READY_WHOLE|BLOCKS_EXACT,YES,age=Master;profile=Master não competitivo | adulto recreativo | recuperação de Master competitivo;type=Misto;zones=A1;styles=Livre/Crawl|Costas|Peito|Borboleta|Medley;skills=Braçadas,"Sessão e blocos normalizados: pode usar integralmente ou recombinar blocos preservando objetivo, zona dominante, perfil, fase e regras RKF.",RKF_V5.0
RKF-MAST-NC-029,Medley lúdico — Precisão e relaxamento,1700,1700,0,OK — EXATO,Treinos_Master_NaoCompet_RKF,30,Master,Master / objetivo e custo adaptativo,Master não competitivo | adulto recreativo | recuperação de Master competitivo,Misto,Aumentar repertório motor e mobilidade aquática com variedade de estilos em baixa intensidade.,,A1,Livre/Crawl|Costas|Peito|Borboleta|Medley,Palmar pequeno|Pé de pato,,PSE 3–4 | 1700 m | Master não competitivo,7,READY_WHOLE|BLOCKS_EXACT,YES,age=Master;profile=Master não competitivo | adulto recreativo | recuperação de Master competitivo;type=Misto;zones=A1;styles=Livre/Crawl|Costas|Peito|Borboleta|Medley;skills=NA,"Sessão e blocos normalizados: pode usar integralmente ou recombinar blocos preservando objetivo, zona dominante, perfil, fase e regras RKF.",RKF_V5.0
RKF-MAST-NC-030,Medley lúdico — Continuidade técnica,1900,1900,0,OK — EXATO,Treinos_Master_NaoCompet_RKF,31,Master,Master / objetivo e custo adaptativo,Master não competitivo | adulto recreativo | recuperação de Master competitivo,Técnica/Fundamentos,Aumentar repertório motor e mobilidade aquática com variedade de estilos em baixa intensidade.,,A1,Livre/Crawl|Costas|Medley,Palmar pequeno|Pé de pato,Braçadas|Perna|Sensibilidade,PSE 3–4 | 1900 m | Master não competitivo,7,READY_WHOLE|BLOCKS_EXACT,YES,age=Master;profile=Master não competitivo | adulto recreativo | recuperação de Master competitivo;type=Técnica/Fundamentos;zones=A1;styles=Livre/Crawl|Costas|Medley;skills=Braçadas|Perna|Sensibilidade,"Sessão e blocos normalizados: pode usar integralmente ou recombinar blocos preservando objetivo, zona dominante, perfil, fase e regras RKF.",RKF_V5.0
RKF-MAST-NC-031,Perna + equilíbrio — Fundamentos com fluidez,1500,1500,0,OK — EXATO,Treinos_Master_NaoCompet_RKF,32,Master,Master / objetivo e custo adaptativo,Master não competitivo | adulto recreativo | recuperação de Master competitivo,Técnica/Fundamentos,"Melhorar equilíbrio corporal, suporte de perna e conexão perna–nado sem fadiga excessiva.",,A1,Livre/Crawl|Costas,Prancha,Scull|Perna,PSE 4–5 | 1500 m | Master não competitivo,7,READY_WHOLE|BLOCKS_EXACT,YES,age=Master;profile=Master não competitivo | adulto recreativo | recuperação de Master competitivo;type=Técnica/Fundamentos;zones=A1;styles=Livre/Crawl|Costas;skills=Scull|Perna,"Sessão e blocos normalizados: pode usar integralmente ou recombinar blocos preservando objetivo, zona dominante, perfil, fase e regras RKF.",RKF_V5.0
RKF-MAST-NC-032,Perna + equilíbrio — Eficiência sem pressa,1600,1600,0,OK — EXATO,Treinos_Master_NaoCompet_RKF,33,Master,Master / objetivo e custo adaptativo,Master não competitivo | adulto recreativo | recuperação de Master competitivo,Misto,"Melhorar equilíbrio corporal, suporte de perna e conexão perna–nado sem fadiga excessiva.",,A2|A1,Livre/Crawl|Costas,Pé de pato|Prancha,Streamline|Perna,PSE 4–5 | 1600 m | Master não competitivo,7,READY_WHOLE|BLOCKS_EXACT,YES,age=Master;profile=Master não competitivo | adulto recreativo | recuperação de Master competitivo;type=Misto;zones=A2|A1;styles=Livre/Crawl|Costas;skills=Streamline|Perna,"Sessão e blocos normalizados: pode usar integralmente ou recombinar blocos preservando objetivo, zona dominante, perfil, fase e regras RKF.",RKF_V5.0
RKF-MAST-NC-033,Perna + equilíbrio — Controle e sensação de água,1700,1700,0,OK — EXATO,Treinos_Master_NaoCompet_RKF,34,Master,Master / objetivo e custo adaptativo,Master não competitivo | adulto recreativo | recuperação de Master competitivo,Misto,"Melhorar equilíbrio corporal, suporte de perna e conexão perna–nado sem fadiga excessiva.",,A2|A1,Livre/Crawl|Costas,Prancha,Streamline|Braçadas|Perna,PSE 4–5 | 1700 m | Master não competitivo,7,READY_WHOLE|BLOCKS_EXACT,YES,age=Master;profile=Master não competitivo | adulto recreativo | recuperação de Master competitivo;type=Misto;zones=A2|A1;styles=Livre/Crawl|Costas;skills=Streamline|Braçadas|Perna,"Sessão e blocos normalizados: pode usar integralmente ou recombinar blocos preservando objetivo, zona dominante, perfil, fase e regras RKF.",RKF_V5.0
RKF-MAST-NC-034,Perna + equilíbrio — Coordenação confortável,1800,1800,0,OK — EXATO,Treinos_Master_NaoCompet_RKF,35,Master,Master / objetivo e custo adaptativo,Master não competitivo | adulto recreativo | recuperação de Master competitivo,Misto,"Melhorar equilíbrio corporal, suporte de perna e conexão perna–nado sem fadiga excessiva.",,A2|A1,Livre/Crawl|Costas,Pé de pato,Braçadas|Perna|Coordenação,PSE 4–5 | 1800 m | Master não competitivo,7,READY_WHOLE|BLOCKS_EXACT,YES,age=Master;profile=Master não competitivo | adulto recreativo | recuperação de Master competitivo;type=Misto;zones=A2|A1;styles=Livre/Crawl|Costas;skills=Braçadas|Perna|Coordenação,"Sessão e blocos normalizados: pode usar integralmente ou recombinar blocos preservando objetivo, zona dominante, perfil, fase e regras RKF.",RKF_V5.0
RKF-MAST-NC-035,Perna + equilíbrio — Desafio técnico leve,1900,1900,0,OK — EXATO,Treinos_Master_NaoCompet_RKF,36,Master,Master / objetivo e custo adaptativo,Master não competitivo | adulto recreativo | recuperação de Master competitivo,Misto,"Melhorar equilíbrio corporal, suporte de perna e conexão perna–nado sem fadiga excessiva.",,A2|A1,Livre/Crawl|Costas,Pé de pato,Braçadas|Perna|Sensibilidade,PSE 4–5 | 1900 m | Master não competitivo,7,READY_WHOLE|BLOCKS_EXACT,YES,age=Master;profile=Master não competitivo | adulto recreativo | recuperação de Master competitivo;type=Misto;zones=A2|A1;styles=Livre/Crawl|Costas;skills=Braçadas|Perna|Sensibilidade,"Sessão e blocos normalizados: pode usar integralmente ou recombinar blocos preservando objetivo, zona dominante, perfil, fase e regras RKF.",RKF_V5.0
RKF-MAST-NC-036,Perna + equilíbrio — Nado consciente,2000,2000,0,OK — EXATO,Treinos_Master_NaoCompet_RKF,37,Master,Master / objetivo e custo adaptativo,Master não competitivo | adulto recreativo | recuperação de Master competitivo,Misto,"Melhorar equilíbrio corporal, suporte de perna e conexão perna–nado sem fadiga excessiva.",,A2|A1,Livre/Crawl|Costas,Pé de pato|Prancha,Scull|Braçadas|Perna,PSE 4–5 | 2000 m | Master não competitivo,7,READY_WHOLE|BLOCKS_EXACT,YES,age=Master;profile=Master não competitivo | adulto recreativo | recuperação de Master competitivo;type=Misto;zones=A2|A1;styles=Livre/Crawl|Costas;skills=Scull|Braçadas|Perna,"Sessão e blocos normalizados: pode usar integralmente ou recombinar blocos preservando objetivo, zona dominante, perfil, fase e regras RKF.",RKF_V5.0
RKF-MAST-NC-037,Perna + equilíbrio — Economia em movimento,1600,1600,0,OK — EXATO,Treinos_Master_NaoCompet_RKF,38,Master,Master / objetivo e custo adaptativo,Master não competitivo | adulto recreativo | recuperação de Master competitivo,Misto,"Melhorar equilíbrio corporal, suporte de perna e conexão perna–nado sem fadiga excessiva.",,A1,Livre/Crawl|Costas,Prancha,Streamline|Perna,PSE 4–5 | 1600 m | Master não competitivo,7,READY_WHOLE|BLOCKS_EXACT,YES,age=Master;profile=Master não competitivo | adulto recreativo | recuperação de Master competitivo;type=Misto;zones=A1;styles=Livre/Crawl|Costas;skills=Streamline|Perna,"Sessão e blocos normalizados: pode usar integralmente ou recombinar blocos preservando objetivo, zona dominante, perfil, fase e regras RKF.",RKF_V5.0
RKF-MAST-NC-038,Perna + equilíbrio — Variedade com controle,1800,1800,0,OK — EXATO,Treinos_Master_NaoCompet_RKF,39,Master,Master / objetivo e custo adaptativo,Master não competitivo | adulto recreativo | recuperação de Master competitivo,Misto,"Melhorar equilíbrio corporal, suporte de perna e conexão perna–nado sem fadiga excessiva.",,A2|A1,Livre/Crawl|Costas,Prancha,Streamline|Braçadas|Perna,PSE 4–5 | 1800 m | Master não competitivo,7,READY_WHOLE|BLOCKS_EXACT,YES,age=Master;profile=Master não competitivo | adulto recreativo | recuperação de Master competitivo;type=Misto;zones=A2|A1;styles=Livre/Crawl|Costas;skills=Streamline|Braçadas|Perna,"Sessão e blocos normalizados: pode usar integralmente ou recombinar blocos preservando objetivo, zona dominante, perfil, fase e regras RKF.",RKF_V5.0
RKF-MAST-NC-039,Perna + equilíbrio — Precisão e relaxamento,1700,1700,0,OK — EXATO,Treinos_Master_NaoCompet_RKF,40,Master,Master / objetivo e custo adaptativo,Master não competitivo | adulto recreativo | recuperação de Master competitivo,Misto,"Melhorar equilíbrio corporal, suporte de perna e conexão perna–nado sem fadiga excessiva.",,A2|A1,Livre/Crawl|Costas,Pé de pato,Perna,PSE 4–5 | 1700 m | Master não competitivo,7,READY_WHOLE|BLOCKS_EXACT,YES,age=Master;profile=Master não competitivo | adulto recreativo | recuperação de Master competitivo;type=Misto;zones=A2|A1;styles=Livre/Crawl|Costas;skills=Perna,"Sessão e blocos normalizados: pode usar integralmente ou recombinar blocos preservando objetivo, zona dominante, perfil, fase e regras RKF.",RKF_V5.0
RKF-MAST-NC-040,Perna + equilíbrio — Continuidade técnica,1900,1900,0,OK — EXATO,Treinos_Master_NaoCompet_RKF,41,Master,Master / objetivo e custo adaptativo,Master não competitivo | adulto recreativo | recuperação de Master competitivo,Técnica/Fundamentos,"Melhorar equilíbrio corporal, suporte de perna e conexão perna–nado sem fadiga excessiva.",,A2|A1,Livre/Crawl|Costas,Pé de pato,Braçadas|Perna|Sensibilidade,PSE 4–5 | 1900 m | Master não competitivo,7,READY_WHOLE|BLOCKS_EXACT,YES,age=Master;profile=Master não competitivo | adulto recreativo | recuperação de Master competitivo;type=Técnica/Fundamentos;zones=A2|A1;styles=Livre/Crawl|Costas;skills=Braçadas|Perna|Sensibilidade,"Sessão e blocos normalizados: pode usar integralmente ou recombinar blocos preservando objetivo, zona dominante, perfil, fase e regras RKF.",RKF_V5.0
RKF-MAST-NC-041,Braço + sensibilidade — Fundamentos com fluidez,1500,1500,0,OK — EXATO,Treinos_Master_NaoCompet_RKF,42,Master,Master / objetivo e custo adaptativo,Master não competitivo | adulto recreativo | recuperação de Master competitivo,Técnica/Fundamentos,Aprimorar sensibilidade de apoio e propulsão com material leve e transferência imediata.,,A2|A1,Livre/Crawl|Costas,Palmar,Scull|Sensibilidade,PSE 4–5 | 1500 m | Master não competitivo,7,READY_WHOLE|BLOCKS_EXACT,YES,age=Master;profile=Master não competitivo | adulto recreativo | recuperação de Master competitivo;type=Técnica/Fundamentos;zones=A2|A1;styles=Livre/Crawl|Costas;skills=Scull|Sensibilidade,"Sessão e blocos normalizados: pode usar integralmente ou recombinar blocos preservando objetivo, zona dominante, perfil, fase e regras RKF.",RKF_V5.0
RKF-MAST-NC-042,Braço + sensibilidade — Eficiência sem pressa,1600,1600,0,OK — EXATO,Treinos_Master_NaoCompet_RKF,43,Master,Master / objetivo e custo adaptativo,Master não competitivo | adulto recreativo | recuperação de Master competitivo,Misto,Aprimorar sensibilidade de apoio e propulsão com material leve e transferência imediata.,,A2|A1,Livre/Crawl|Costas,Palmar pequeno,Sensibilidade,PSE 4–5 | 1600 m | Master não competitivo,7,READY_WHOLE|BLOCKS_EXACT,YES,age=Master;profile=Master não competitivo | adulto recreativo | recuperação de Master competitivo;type=Misto;zones=A2|A1;styles=Livre/Crawl|Costas;skills=Sensibilidade,"Sessão e blocos normalizados: pode usar integralmente ou recombinar blocos preservando objetivo, zona dominante, perfil, fase e regras RKF.",RKF_V5.0
RKF-MAST-NC-043,Braço + sensibilidade — Controle e sensação de água,1700,1700,0,OK — EXATO,Treinos_Master_NaoCompet_RKF,44,Master,Master / objetivo e custo adaptativo,Master não competitivo | adulto recreativo | recuperação de Master competitivo,Misto,Aprimorar sensibilidade de apoio e propulsão com material leve e transferência imediata.,,A2|A1,Livre/Crawl|Costas,Palmar pequeno,Braçadas|Sensibilidade,PSE 4–5 | 1700 m | Master não competitivo,7,READY_WHOLE|BLOCKS_EXACT,YES,age=Master;profile=Master não competitivo | adulto recreativo | recuperação de Master competitivo;type=Misto;zones=A2|A1;styles=Livre/Crawl|Costas;skills=Braçadas|Sensibilidade,"Sessão e blocos normalizados: pode usar integralmente ou recombinar blocos preservando objetivo, zona dominante, perfil, fase e regras RKF.",RKF_V5.0
RKF-MAST-NC-044,Braço + sensibilidade — Coordenação confortável,1800,1800,0,OK — EXATO,Treinos_Master_NaoCompet_RKF,45,Master,Master / objetivo e custo adaptativo,Master não competitivo | adulto recreativo | recuperação de Master competitivo,Misto,Aprimorar sensibilidade de apoio e propulsão com material leve e transferência imediata.,,A2|A1,Livre/Crawl|Costas,Palmar pequeno,Scull|Braçadas|Coordenação|Sensibilidade,PSE 4–5 | 1800 m | Master não competitivo,7,READY_WHOLE|BLOCKS_EXACT,YES,age=Master;profile=Master não competitivo | adulto recreativo | recuperação de Master competitivo;type=Misto;zones=A2|A1;styles=Livre/Crawl|Costas;skills=Scull|Braçadas|Coordenação|Sensibilidade,"Sessão e blocos normalizados: pode usar integralmente ou recombinar blocos preservando objetivo, zona dominante, perfil, fase e regras RKF.",RKF_V5.0
RKF-MAST-NC-045,Braço + sensibilidade — Desafio técnico leve,1900,1900,0,OK — EXATO,Treinos_Master_NaoCompet_RKF,46,Master,Master / objetivo e custo adaptativo,Master não competitivo | adulto recreativo | recuperação de Master competitivo,Misto,Aprimorar sensibilidade de apoio e propulsão com material leve e transferência imediata.,,A2|A1,Livre/Crawl|Costas,Palmar pequeno,Braçadas|Perna|Sensibilidade,PSE 4–5 | 1900 m | Master não competitivo,7,READY_WHOLE|BLOCKS_EXACT,YES,age=Master;profile=Master não competitivo | adulto recreativo | recuperação de Master competitivo;type=Misto;zones=A2|A1;styles=Livre/Crawl|Costas;skills=Braçadas|Perna|Sensibilidade,"Sessão e blocos normalizados: pode usar integralmente ou recombinar blocos preservando objetivo, zona dominante, perfil, fase e regras RKF.",RKF_V5.0
RKF-MAST-NC-046,Braço + sensibilidade — Nado consciente,2000,2000,0,OK — EXATO,Treinos_Master_NaoCompet_RKF,47,Master,Master / objetivo e custo adaptativo,Master não competitivo | adulto recreativo | recuperação de Master competitivo,Misto,Aprimorar sensibilidade de apoio e propulsão com material leve e transferência imediata.,,A2|A1,Livre/Crawl|Costas,Palmar pequeno,Scull|Braçadas|Sensibilidade,PSE 4–5 | 2000 m | Master não competitivo,7,READY_WHOLE|BLOCKS_EXACT,YES,age=Master;profile=Master não competitivo | adulto recreativo | recuperação de Master competitivo;type=Misto;zones=A2|A1;styles=Livre/Crawl|Costas;skills=Scull|Braçadas|Sensibilidade,"Sessão e blocos normalizados: pode usar integralmente ou recombinar blocos preservando objetivo, zona dominante, perfil, fase e regras RKF.",RKF_V5.0
RKF-MAST-NC-047,Braço + sensibilidade — Economia em movimento,1600,1600,0,OK — EXATO,Treinos_Master_NaoCompet_RKF,48,Master,Master / objetivo e custo adaptativo,Master não competitivo | adulto recreativo | recuperação de Master competitivo,Misto,Aprimorar sensibilidade de apoio e propulsão com material leve e transferência imediata.,,A1,Livre/Crawl|Costas,Palmar pequeno,Sensibilidade,PSE 4–5 | 1600 m | Master não competitivo,7,READY_WHOLE|BLOCKS_EXACT,YES,age=Master;profile=Master não competitivo | adulto recreativo | recuperação de Master competitivo;type=Misto;zones=A1;styles=Livre/Crawl|Costas;skills=Sensibilidade,"Sessão e blocos normalizados: pode usar integralmente ou recombinar blocos preservando objetivo, zona dominante, perfil, fase e regras RKF.",RKF_V5.0
RKF-MAST-NC-048,Braço + sensibilidade — Variedade com controle,1800,1800,0,OK — EXATO,Treinos_Master_NaoCompet_RKF,49,Master,Master / objetivo e custo adaptativo,Master não competitivo | adulto recreativo | recuperação de Master competitivo,Misto,Aprimorar sensibilidade de apoio e propulsão com material leve e transferência imediata.,,A2|A1,Livre/Crawl|Costas,Palmar pequeno,Braçadas|Sensibilidade,PSE 4–5 | 1800 m | Master não competitivo,7,READY_WHOLE|BLOCKS_EXACT,YES,age=Master;profile=Master não competitivo | adulto recreativo | recuperação de Master competitivo;type=Misto;zones=A2|A1;styles=Livre/Crawl|Costas;skills=Braçadas|Sensibilidade,"Sessão e blocos normalizados: pode usar integralmente ou recombinar blocos preservando objetivo, zona dominante, perfil, fase e regras RKF.",RKF_V5.0
RKF-MAST-NC-049,Braço + sensibilidade — Precisão e relaxamento,1700,1700,0,OK — EXATO,Treinos_Master_NaoCompet_RKF,50,Master,Master / objetivo e custo adaptativo,Master não competitivo | adulto recreativo | recuperação de Master competitivo,Misto,Aprimorar sensibilidade de apoio e propulsão com material leve e transferência imediata.,,A2|A1,Livre/Crawl|Costas,Palmar pequeno,Scull|Sensibilidade,PSE 4–5 | 1700 m | Master não competitivo,7,READY_WHOLE|BLOCKS_EXACT,YES,age=Master;profile=Master não competitivo | adulto recreativo | recuperação de Master competitivo;type=Misto;zones=A2|A1;styles=Livre/Crawl|Costas;skills=Scull|Sensibilidade,"Sessão e blocos normalizados: pode usar integralmente ou recombinar blocos preservando objetivo, zona dominante, perfil, fase e regras RKF.",RKF_V5.0
RKF-MAST-NC-050,Braço + sensibilidade — Continuidade técnica,1900,1900,0,OK — EXATO,Treinos_Master_NaoCompet_RKF,51,Master,Master / objetivo e custo adaptativo,Master não competitivo | adulto recreativo | recuperação de Master competitivo,Técnica/Fundamentos,Aprimorar sensibilidade de apoio e propulsão com material leve e transferência imediata.,,A2|A1,Livre/Crawl|Costas,Palmar pequeno,Braçadas|Perna|Sensibilidade,PSE 4–5 | 1900 m | Master não competitivo,7,READY_WHOLE|BLOCKS_EXACT,YES,age=Master;profile=Master não competitivo | adulto recreativo | recuperação de Master competitivo;type=Técnica/Fundamentos;zones=A2|A1;styles=Livre/Crawl|Costas;skills=Braçadas|Perna|Sensibilidade,"Sessão e blocos normalizados: pode usar integralmente ou recombinar blocos preservando objetivo, zona dominante, perfil, fase e regras RKF.",RKF_V5.0
RKF-MAST-NC-051,Regenerativo técnico — Fundamentos com fluidez,1500,1500,0,OK — EXATO,Treinos_Master_NaoCompet_RKF,52,Master,Master / objetivo e custo adaptativo,Master não competitivo | adulto recreativo | recuperação de Master competitivo,Técnica/Fundamentos,"Promover recuperação ativa, reduzir tensão e restaurar eficiência técnica.",,A1,Livre/Crawl|Costas,,Scull,PSE 2–3 | 1500 m | Master não competitivo,7,READY_WHOLE|BLOCKS_EXACT,YES,age=Master;profile=Master não competitivo | adulto recreativo | recuperação de Master competitivo;type=Técnica/Fundamentos;zones=A1;styles=Livre/Crawl|Costas;skills=Scull,"Sessão e blocos normalizados: pode usar integralmente ou recombinar blocos preservando objetivo, zona dominante, perfil, fase e regras RKF.",RKF_V5.0
RKF-MAST-NC-052,Regenerativo técnico — Eficiência sem pressa,1600,1600,0,OK — EXATO,Treinos_Master_NaoCompet_RKF,53,Master,Master / objetivo e custo adaptativo,Master não competitivo | adulto recreativo | recuperação de Master competitivo,Técnica/Fundamentos,"Promover recuperação ativa, reduzir tensão e restaurar eficiência técnica.",,A1,Livre/Crawl|Costas,Palmar pequeno|Pé de pato,Respiração,PSE 2–3 | 1600 m | Master não competitivo,7,READY_WHOLE|BLOCKS_EXACT,YES,age=Master;profile=Master não competitivo | adulto recreativo | recuperação de Master competitivo;type=Técnica/Fundamentos;zones=A1;styles=Livre/Crawl|Costas;skills=Respiração,"Sessão e blocos normalizados: pode usar integralmente ou recombinar blocos preservando objetivo, zona dominante, perfil, fase e regras RKF.",RKF_V5.0
RKF-MAST-NC-053,Regenerativo técnico — Controle e sensação de água,1700,1700,0,OK — EXATO,Treinos_Master_NaoCompet_RKF,54,Master,Master / objetivo e custo adaptativo,Master não competitivo | adulto recreativo | recuperação de Master competitivo,Técnica/Fundamentos,"Promover recuperação ativa, reduzir tensão e restaurar eficiência técnica.",,A1,Livre/Crawl|Costas,,Braçadas|Perna|Sensibilidade,PSE 2–3 | 1700 m | Master não competitivo,7,READY_WHOLE|BLOCKS_EXACT,YES,age=Master;profile=Master não competitivo | adulto recreativo | recuperação de Master competitivo;type=Técnica/Fundamentos;zones=A1;styles=Livre/Crawl|Costas;skills=Braçadas|Perna|Sensibilidade,"Sessão e blocos normalizados: pode usar integralmente ou recombinar blocos preservando objetivo, zona dominante, perfil, fase e regras RKF.",RKF_V5.0
RKF-MAST-NC-054,Regenerativo técnico — Coordenação confortável,1800,1800,0,OK — EXATO,Treinos_Master_NaoCompet_RKF,55,Master,Master / objetivo e custo adaptativo,Master não competitivo | adulto recreativo | recuperação de Master competitivo,Técnica/Fundamentos,"Promover recuperação ativa, reduzir tensão e restaurar eficiência técnica.",,A1,Livre/Crawl|Costas,Palmar pequeno|Pé de pato,Scull|Braçadas|Coordenação,PSE 2–3 | 1800 m | Master não competitivo,7,READY_WHOLE|BLOCKS_EXACT,YES,age=Master;profile=Master não competitivo | adulto recreativo | recuperação de Master competitivo;type=Técnica/Fundamentos;zones=A1;styles=Livre/Crawl|Costas;skills=Scull|Braçadas|Coordenação,"Sessão e blocos normalizados: pode usar integralmente ou recombinar blocos preservando objetivo, zona dominante, perfil, fase e regras RKF.",RKF_V5.0
RKF-MAST-NC-055,Regenerativo técnico — Desafio técnico leve,1900,1900,0,OK — EXATO,Treinos_Master_NaoCompet_RKF,56,Master,Master / objetivo e custo adaptativo,Master não competitivo | adulto recreativo | recuperação de Master competitivo,Técnica/Fundamentos,"Promover recuperação ativa, reduzir tensão e restaurar eficiência técnica.",,A1,Livre/Crawl|Costas,Palmar pequeno|Pé de pato,Braçadas|Perna|Sensibilidade,PSE 2–3 | 1900 m | Master não competitivo,7,READY_WHOLE|BLOCKS_EXACT,YES,age=Master;profile=Master não competitivo | adulto recreativo | recuperação de Master competitivo;type=Técnica/Fundamentos;zones=A1;styles=Livre/Crawl|Costas;skills=Braçadas|Perna|Sensibilidade,"Sessão e blocos normalizados: pode usar integralmente ou recombinar blocos preservando objetivo, zona dominante, perfil, fase e regras RKF.",RKF_V5.0
RKF-MAST-NC-056,Regenerativo técnico — Nado consciente,2000,2000,0,OK — EXATO,Treinos_Master_NaoCompet_RKF,57,Master,Master / objetivo e custo adaptativo,Master não competitivo | adulto recreativo | recuperação de Master competitivo,Técnica/Fundamentos,"Promover recuperação ativa, reduzir tensão e restaurar eficiência técnica.",,A1,Livre/Crawl|Costas,Palmar pequeno|Pé de pato,Scull|Braçadas,PSE 2–3 | 2000 m | Master não competitivo,7,READY_WHOLE|BLOCKS_EXACT,YES,age=Master;profile=Master não competitivo | adulto recreativo | recuperação de Master competitivo;type=Técnica/Fundamentos;zones=A1;styles=Livre/Crawl|Costas;skills=Scull|Braçadas,"Sessão e blocos normalizados: pode usar integralmente ou recombinar blocos preservando objetivo, zona dominante, perfil, fase e regras RKF.",RKF_V5.0
RKF-MAST-NC-057,Regenerativo técnico — Economia em movimento,1600,1600,0,OK — EXATO,Treinos_Master_NaoCompet_RKF,58,Master,Master / objetivo e custo adaptativo,Master não competitivo | adulto recreativo | recuperação de Master competitivo,Técnica/Fundamentos,"Promover recuperação ativa, reduzir tensão e restaurar eficiência técnica.",,A1,Livre/Crawl|Costas,,Respiração,PSE 2–3 | 1600 m | Master não competitivo,7,READY_WHOLE|BLOCKS_EXACT,YES,age=Master;profile=Master não competitivo | adulto recreativo | recuperação de Master competitivo;type=Técnica/Fundamentos;zones=A1;styles=Livre/Crawl|Costas;skills=Respiração,"Sessão e blocos normalizados: pode usar integralmente ou recombinar blocos preservando objetivo, zona dominante, perfil, fase e regras RKF.",RKF_V5.0
RKF-MAST-NC-058,Regenerativo técnico — Variedade com controle,1800,1800,0,OK — EXATO,Treinos_Master_NaoCompet_RKF,59,Master,Master / objetivo e custo adaptativo,Master não competitivo | adulto recreativo | recuperação de Master competitivo,Técnica/Fundamentos,"Promover recuperação ativa, reduzir tensão e restaurar eficiência técnica.",,A1,Livre/Crawl|Costas,,Braçadas|Perna|Sensibilidade,PSE 2–3 | 1800 m | Master não competitivo,7,READY_WHOLE|BLOCKS_EXACT,YES,age=Master;profile=Master não competitivo | adulto recreativo | recuperação de Master competitivo;type=Técnica/Fundamentos;zones=A1;styles=Livre/Crawl|Costas;skills=Braçadas|Perna|Sensibilidade,"Sessão e blocos normalizados: pode usar integralmente ou recombinar blocos preservando objetivo, zona dominante, perfil, fase e regras RKF.",RKF_V5.0
RKF-MAST-NC-059,Regenerativo técnico — Precisão e relaxamento,1700,1700,0,OK — EXATO,Treinos_Master_NaoCompet_RKF,60,Master,Master / objetivo e custo adaptativo,Master não competitivo | adulto recreativo | recuperação de Master competitivo,Técnica/Fundamentos,"Promover recuperação ativa, reduzir tensão e restaurar eficiência técnica.",,A1,Livre/Crawl|Costas,Palmar pequeno|Pé de pato,Scull,PSE 2–3 | 1700 m | Master não competitivo,7,READY_WHOLE|BLOCKS_EXACT,YES,age=Master;profile=Master não competitivo | adulto recreativo | recuperação de Master competitivo;type=Técnica/Fundamentos;zones=A1;styles=Livre/Crawl|Costas;skills=Scull,"Sessão e blocos normalizados: pode usar integralmente ou recombinar blocos preservando objetivo, zona dominante, perfil, fase e regras RKF.",RKF_V5.0
RKF-MAST-NC-060,Regenerativo técnico — Continuidade técnica,1900,1900,0,OK — EXATO,Treinos_Master_NaoCompet_RKF,61,Master,Master / objetivo e custo adaptativo,Master não competitivo | adulto recreativo | recuperação de Master competitivo,Técnica/Fundamentos,"Promover recuperação ativa, reduzir tensão e restaurar eficiência técnica.",,A1,Livre/Crawl|Costas,Palmar pequeno|Pé de pato,Braçadas|Perna|Sensibilidade,PSE 2–3 | 1900 m | Master não competitivo,7,READY_WHOLE|BLOCKS_EXACT,YES,age=Master;profile=Master não competitivo | adulto recreativo | recuperação de Master competitivo;type=Técnica/Fundamentos;zones=A1;styles=Livre/Crawl|Costas;skills=Braçadas|Perna|Sensibilidade,"Sessão e blocos normalizados: pode usar integralmente ou recombinar blocos preservando objetivo, zona dominante, perfil, fase e regras RKF.",RKF_V5.0
RKF-MAST-NC-061,A2 confortável — Fundamentos com fluidez,1500,1500,0,OK — EXATO,Treinos_Master_NaoCompet_RKF,62,Master,Master / objetivo e custo adaptativo,Master não competitivo | adulto recreativo | recuperação de Master competitivo,Técnica/Fundamentos,Desenvolver capacidade aeróbia moderada e estabilidade de ritmo em A2 confortável.,,A3|A2|A1,Livre/Crawl|Costas,,Scull,PSE 4–5 | 1500 m | Master não competitivo,7,READY_WHOLE|BLOCKS_EXACT,YES,age=Master;profile=Master não competitivo | adulto recreativo | recuperação de Master competitivo;type=Técnica/Fundamentos;zones=A3|A2|A1;styles=Livre/Crawl|Costas;skills=Scull,"Sessão e blocos normalizados: pode usar integralmente ou recombinar blocos preservando objetivo, zona dominante, perfil, fase e regras RKF.",RKF_V5.0
RKF-MAST-NC-062,A2 confortável — Eficiência sem pressa,1600,1600,0,OK — EXATO,Treinos_Master_NaoCompet_RKF,63,Master,Master / objetivo e custo adaptativo,Master não competitivo | adulto recreativo | recuperação de Master competitivo,Aeróbio,Desenvolver capacidade aeróbia moderada e estabilidade de ritmo em A2 confortável.,,A3|A2|A1,Livre/Crawl|Costas,Palmar pequeno|Pé de pato,,PSE 4–5 | 1600 m | Master não competitivo,7,READY_WHOLE|BLOCKS_EXACT,YES,age=Master;profile=Master não competitivo | adulto recreativo | recuperação de Master competitivo;type=Aeróbio;zones=A3|A2|A1;styles=Livre/Crawl|Costas;skills=NA,"Sessão e blocos normalizados: pode usar integralmente ou recombinar blocos preservando objetivo, zona dominante, perfil, fase e regras RKF.",RKF_V5.0
RKF-MAST-NC-063,A2 confortável — Controle e sensação de água,1700,1700,0,OK — EXATO,Treinos_Master_NaoCompet_RKF,64,Master,Master / objetivo e custo adaptativo,Master não competitivo | adulto recreativo | recuperação de Master competitivo,Aeróbio,Desenvolver capacidade aeróbia moderada e estabilidade de ritmo em A2 confortável.,,A3|A2|A1,Livre/Crawl|Costas,,Braçadas,PSE 4–5 | 1700 m | Master não competitivo,7,READY_WHOLE|BLOCKS_EXACT,YES,age=Master;profile=Master não competitivo | adulto recreativo | recuperação de Master competitivo;type=Aeróbio;zones=A3|A2|A1;styles=Livre/Crawl|Costas;skills=Braçadas,"Sessão e blocos normalizados: pode usar integralmente ou recombinar blocos preservando objetivo, zona dominante, perfil, fase e regras RKF.",RKF_V5.0
RKF-MAST-NC-064,A2 confortável — Coordenação confortável,1800,1800,0,OK — EXATO,Treinos_Master_NaoCompet_RKF,65,Master,Master / objetivo e custo adaptativo,Master não competitivo | adulto recreativo | recuperação de Master competitivo,Aeróbio,Desenvolver capacidade aeróbia moderada e estabilidade de ritmo em A2 confortável.,,A3|A2|A1,Livre/Crawl|Costas,Palmar pequeno|Pé de pato,Braçadas|Perna|Coordenação|Sensibilidade,PSE 4–5 | 1800 m | Master não competitivo,7,READY_WHOLE|BLOCKS_EXACT,YES,age=Master;profile=Master não competitivo | adulto recreativo | recuperação de Master competitivo;type=Aeróbio;zones=A3|A2|A1;styles=Livre/Crawl|Costas;skills=Braçadas|Perna|Coordenação|Sensibilidade,"Sessão e blocos normalizados: pode usar integralmente ou recombinar blocos preservando objetivo, zona dominante, perfil, fase e regras RKF.",RKF_V5.0
RKF-MAST-NC-065,A2 confortável — Desafio técnico leve,1900,1900,0,OK — EXATO,Treinos_Master_NaoCompet_RKF,66,Master,Master / objetivo e custo adaptativo,Master não competitivo | adulto recreativo | recuperação de Master competitivo,Aeróbio,Desenvolver capacidade aeróbia moderada e estabilidade de ritmo em A2 confortável.,,A3|A2|A1,Livre/Crawl|Costas,Palmar pequeno|Pé de pato,Scull|Braçadas|Perna|Sensibilidade,PSE 4–5 | 1900 m | Master não competitivo,7,READY_WHOLE|BLOCKS_EXACT,YES,age=Master;profile=Master não competitivo | adulto recreativo | recuperação de Master competitivo;type=Aeróbio;zones=A3|A2|A1;styles=Livre/Crawl|Costas;skills=Scull|Braçadas|Perna|Sensibilidade,"Sessão e blocos normalizados: pode usar integralmente ou recombinar blocos preservando objetivo, zona dominante, perfil, fase e regras RKF.",RKF_V5.0
RKF-MAST-NC-066,A2 confortável — Nado consciente,2000,2000,0,OK — EXATO,Treinos_Master_NaoCompet_RKF,67,Master,Master / objetivo e custo adaptativo,Master não competitivo | adulto recreativo | recuperação de Master competitivo,Aeróbio,Desenvolver capacidade aeróbia moderada e estabilidade de ritmo em A2 confortável.,,A3|A2|A1,Livre/Crawl|Costas,Palmar pequeno|Pé de pato,Scull|Braçadas,PSE 4–5 | 2000 m | Master não competitivo,7,READY_WHOLE|BLOCKS_EXACT,YES,age=Master;profile=Master não competitivo | adulto recreativo | recuperação de Master competitivo;type=Aeróbio;zones=A3|A2|A1;styles=Livre/Crawl|Costas;skills=Scull|Braçadas,"Sessão e blocos normalizados: pode usar integralmente ou recombinar blocos preservando objetivo, zona dominante, perfil, fase e regras RKF.",RKF_V5.0
RKF-MAST-NC-067,A2 confortável — Economia em movimento,1600,1600,0,OK — EXATO,Treinos_Master_NaoCompet_RKF,68,Master,Master / objetivo e custo adaptativo,Master não competitivo | adulto recreativo | recuperação de Master competitivo,Aeróbio,Desenvolver capacidade aeróbia moderada e estabilidade de ritmo em A2 confortável.,,A3|A2|A1,Livre/Crawl|Costas,,,PSE 4–5 | 1600 m | Master não competitivo,7,READY_WHOLE|BLOCKS_EXACT,YES,age=Master;profile=Master não competitivo | adulto recreativo | recuperação de Master competitivo;type=Aeróbio;zones=A3|A2|A1;styles=Livre/Crawl|Costas;skills=NA,"Sessão e blocos normalizados: pode usar integralmente ou recombinar blocos preservando objetivo, zona dominante, perfil, fase e regras RKF.",RKF_V5.0
RKF-MAST-NC-068,A2 confortável — Variedade com controle,1800,1800,0,OK — EXATO,Treinos_Master_NaoCompet_RKF,69,Master,Master / objetivo e custo adaptativo,Master não competitivo | adulto recreativo | recuperação de Master competitivo,Aeróbio,Desenvolver capacidade aeróbia moderada e estabilidade de ritmo em A2 confortável.,,A3|A2|A1,Livre/Crawl|Costas,,Braçadas,PSE 4–5 | 1800 m | Master não competitivo,7,READY_WHOLE|BLOCKS_EXACT,YES,age=Master;profile=Master não competitivo | adulto recreativo | recuperação de Master competitivo;type=Aeróbio;zones=A3|A2|A1;styles=Livre/Crawl|Costas;skills=Braçadas,"Sessão e blocos normalizados: pode usar integralmente ou recombinar blocos preservando objetivo, zona dominante, perfil, fase e regras RKF.",RKF_V5.0
RKF-MAST-NC-069,A2 confortável — Precisão e relaxamento,1700,1700,0,OK — EXATO,Treinos_Master_NaoCompet_RKF,70,Master,Master / objetivo e custo adaptativo,Master não competitivo | adulto recreativo | recuperação de Master competitivo,Aeróbio,Desenvolver capacidade aeróbia moderada e estabilidade de ritmo em A2 confortável.,,A3|A2|A1,Livre/Crawl|Costas,Palmar pequeno|Pé de pato,Braçadas|Perna|Sensibilidade,PSE 4–5 | 1700 m | Master não competitivo,7,READY_WHOLE|BLOCKS_EXACT,YES,age=Master;profile=Master não competitivo | adulto recreativo | recuperação de Master competitivo;type=Aeróbio;zones=A3|A2|A1;styles=Livre/Crawl|Costas;skills=Braçadas|Perna|Sensibilidade,"Sessão e blocos normalizados: pode usar integralmente ou recombinar blocos preservando objetivo, zona dominante, perfil, fase e regras RKF.",RKF_V5.0
RKF-MAST-NC-070,A2 confortável — Continuidade técnica,1900,1900,0,OK — EXATO,Treinos_Master_NaoCompet_RKF,71,Master,Master / objetivo e custo adaptativo,Master não competitivo | adulto recreativo | recuperação de Master competitivo,Técnica/Fundamentos,Desenvolver capacidade aeróbia moderada e estabilidade de ritmo em A2 confortável.,,A3|A2|A1,Livre/Crawl|Costas,Palmar pequeno|Pé de pato,Scull|Braçadas|Perna|Sensibilidade,PSE 4–5 | 1900 m | Master não competitivo,7,READY_WHOLE|BLOCKS_EXACT,YES,age=Master;profile=Master não competitivo | adulto recreativo | recuperação de Master competitivo;type=Técnica/Fundamentos;zones=A3|A2|A1;styles=Livre/Crawl|Costas;skills=Scull|Braçadas|Perna|Sensibilidade,"Sessão e blocos normalizados: pode usar integralmente ou recombinar blocos preservando objetivo, zona dominante, perfil, fase e regras RKF.",RKF_V5.0
RKF-MAST-NC-071,Circuito lúdico — Fundamentos com fluidez,1500,1500,0,OK — EXATO,Treinos_Master_NaoCompet_RKF,72,Master,Master / objetivo e custo adaptativo,Master não competitivo | adulto recreativo | recuperação de Master competitivo,Técnica/Fundamentos,Aumentar aderência e prazer no treino por meio de tarefas lúdicas com objetivo técnico.,,A1,Livre/Crawl|Costas|Peito,,Scull|Braçadas,PSE 3–4 | 1500 m | Master não competitivo,7,READY_WHOLE|BLOCKS_EXACT,YES,age=Master;profile=Master não competitivo | adulto recreativo | recuperação de Master competitivo;type=Técnica/Fundamentos;zones=A1;styles=Livre/Crawl|Costas|Peito;skills=Scull|Braçadas,"Sessão e blocos normalizados: pode usar integralmente ou recombinar blocos preservando objetivo, zona dominante, perfil, fase e regras RKF.",RKF_V5.0
RKF-MAST-NC-072,Circuito lúdico — Eficiência sem pressa,1600,1600,0,OK — EXATO,Treinos_Master_NaoCompet_RKF,73,Master,Master / objetivo e custo adaptativo,Master não competitivo | adulto recreativo | recuperação de Master competitivo,Misto,Aumentar aderência e prazer no treino por meio de tarefas lúdicas com objetivo técnico.,,A2|A1,Livre/Crawl|Costas,Palmar pequeno|Pé de pato,Braçadas,PSE 3–4 | 1600 m | Master não competitivo,7,READY_WHOLE|BLOCKS_EXACT,YES,age=Master;profile=Master não competitivo | adulto recreativo | recuperação de Master competitivo;type=Misto;zones=A2|A1;styles=Livre/Crawl|Costas;skills=Braçadas,"Sessão e blocos normalizados: pode usar integralmente ou recombinar blocos preservando objetivo, zona dominante, perfil, fase e regras RKF.",RKF_V5.0
RKF-MAST-NC-073,Circuito lúdico — Controle e sensação de água,1700,1700,0,OK — EXATO,Treinos_Master_NaoCompet_RKF,74,Master,Master / objetivo e custo adaptativo,Master não competitivo | adulto recreativo | recuperação de Master competitivo,Misto,Aumentar aderência e prazer no treino por meio de tarefas lúdicas com objetivo técnico.,,A1,Livre/Crawl|Costas,,Braçadas,PSE 3–4 | 1700 m | Master não competitivo,7,READY_WHOLE|BLOCKS_EXACT,YES,age=Master;profile=Master não competitivo | adulto recreativo | recuperação de Master competitivo;type=Misto;zones=A1;styles=Livre/Crawl|Costas;skills=Braçadas,"Sessão e blocos normalizados: pode usar integralmente ou recombinar blocos preservando objetivo, zona dominante, perfil, fase e regras RKF.",RKF_V5.0
RKF-MAST-NC-074,Circuito lúdico — Coordenação confortável,1800,1800,0,OK — EXATO,Treinos_Master_NaoCompet_RKF,75,Master,Master / objetivo e custo adaptativo,Master não competitivo | adulto recreativo | recuperação de Master competitivo,Misto,Aumentar aderência e prazer no treino por meio de tarefas lúdicas com objetivo técnico.,,A1,Livre/Crawl|Costas,Palmar pequeno|Pé de pato,Braçadas|Coordenação,PSE 3–4 | 1800 m | Master não competitivo,7,READY_WHOLE|BLOCKS_EXACT,YES,age=Master;profile=Master não competitivo | adulto recreativo | recuperação de Master competitivo;type=Misto;zones=A1;styles=Livre/Crawl|Costas;skills=Braçadas|Coordenação,"Sessão e blocos normalizados: pode usar integralmente ou recombinar blocos preservando objetivo, zona dominante, perfil, fase e regras RKF.",RKF_V5.0
RKF-MAST-NC-075,Circuito lúdico — Desafio técnico leve,1900,1900,0,OK — EXATO,Treinos_Master_NaoCompet_RKF,76,Master,Master / objetivo e custo adaptativo,Master não competitivo | adulto recreativo | recuperação de Master competitivo,Misto,Aumentar aderência e prazer no treino por meio de tarefas lúdicas com objetivo técnico.,,A1,Livre/Crawl|Costas,Palmar pequeno|Pé de pato,Braçadas|Respiração|Perna|Sensibilidade,PSE 3–4 | 1900 m | Master não competitivo,7,READY_WHOLE|BLOCKS_EXACT,YES,age=Master;profile=Master não competitivo | adulto recreativo | recuperação de Master competitivo;type=Misto;zones=A1;styles=Livre/Crawl|Costas;skills=Braçadas|Respiração|Perna|Sensibilidade,"Sessão e blocos normalizados: pode usar integralmente ou recombinar blocos preservando objetivo, zona dominante, perfil, fase e regras RKF.",RKF_V5.0
RKF-MAST-NC-076,Circuito lúdico — Nado consciente,2000,2000,0,OK — EXATO,Treinos_Master_NaoCompet_RKF,77,Master,Master / objetivo e custo adaptativo,Master não competitivo | adulto recreativo | recuperação de Master competitivo,Misto,Aumentar aderência e prazer no treino por meio de tarefas lúdicas com objetivo técnico.,,A1,Livre/Crawl|Costas|Peito,Palmar pequeno|Pé de pato,Scull|Braçadas,PSE 3–4 | 2000 m | Master não competitivo,7,READY_WHOLE|BLOCKS_EXACT,YES,age=Master;profile=Master não competitivo | adulto recreativo | recuperação de Master competitivo;type=Misto;zones=A1;styles=Livre/Crawl|Costas|Peito;skills=Scull|Braçadas,"Sessão e blocos normalizados: pode usar integralmente ou recombinar blocos preservando objetivo, zona dominante, perfil, fase e regras RKF.",RKF_V5.0
RKF-MAST-NC-077,Circuito lúdico — Economia em movimento,1600,1600,0,OK — EXATO,Treinos_Master_NaoCompet_RKF,78,Master,Master / objetivo e custo adaptativo,Master não competitivo | adulto recreativo | recuperação de Master competitivo,Misto,Aumentar aderência e prazer no treino por meio de tarefas lúdicas com objetivo técnico.,,A2|A1,Livre/Crawl|Costas,,Braçadas,PSE 3–4 | 1600 m | Master não competitivo,7,READY_WHOLE|BLOCKS_EXACT,YES,age=Master;profile=Master não competitivo | adulto recreativo | recuperação de Master competitivo;type=Misto;zones=A2|A1;styles=Livre/Crawl|Costas;skills=Braçadas,"Sessão e blocos normalizados: pode usar integralmente ou recombinar blocos preservando objetivo, zona dominante, perfil, fase e regras RKF.",RKF_V5.0
RKF-MAST-NC-078,Circuito lúdico — Variedade com controle,1800,1800,0,OK — EXATO,Treinos_Master_NaoCompet_RKF,79,Master,Master / objetivo e custo adaptativo,Master não competitivo | adulto recreativo | recuperação de Master competitivo,Misto,Aumentar aderência e prazer no treino por meio de tarefas lúdicas com objetivo técnico.,,A1,Livre/Crawl|Costas,,Braçadas,PSE 3–4 | 1800 m | Master não competitivo,7,READY_WHOLE|BLOCKS_EXACT,YES,age=Master;profile=Master não competitivo | adulto recreativo | recuperação de Master competitivo;type=Misto;zones=A1;styles=Livre/Crawl|Costas;skills=Braçadas,"Sessão e blocos normalizados: pode usar integralmente ou recombinar blocos preservando objetivo, zona dominante, perfil, fase e regras RKF.",RKF_V5.0
RKF-MAST-NC-079,Circuito lúdico — Precisão e relaxamento,1700,1700,0,OK — EXATO,Treinos_Master_NaoCompet_RKF,80,Master,Master / objetivo e custo adaptativo,Master não competitivo | adulto recreativo | recuperação de Master competitivo,Misto,Aumentar aderência e prazer no treino por meio de tarefas lúdicas com objetivo técnico.,,A1,Livre/Crawl|Costas,Palmar pequeno|Pé de pato,,PSE 3–4 | 1700 m | Master não competitivo,7,READY_WHOLE|BLOCKS_EXACT,YES,age=Master;profile=Master não competitivo | adulto recreativo | recuperação de Master competitivo;type=Misto;zones=A1;styles=Livre/Crawl|Costas;skills=NA,"Sessão e blocos normalizados: pode usar integralmente ou recombinar blocos preservando objetivo, zona dominante, perfil, fase e regras RKF.",RKF_V5.0
RKF-MAST-NC-080,Circuito lúdico — Continuidade técnica,1900,1900,0,OK — EXATO,Treinos_Master_NaoCompet_RKF,81,Master,Master / objetivo e custo adaptativo,Master não competitivo | adulto recreativo | recuperação de Master competitivo,Técnica/Fundamentos,Aumentar aderência e prazer no treino por meio de tarefas lúdicas com objetivo técnico.,,A1,Livre/Crawl|Costas,Palmar pequeno|Pé de pato,Braçadas|Respiração|Perna|Sensibilidade,PSE 3–4 | 1900 m | Master não competitivo,7,READY_WHOLE|BLOCKS_EXACT,YES,age=Master;profile=Master não competitivo | adulto recreativo | recuperação de Master competitivo;type=Técnica/Fundamentos;zones=A1;styles=Livre/Crawl|Costas;skills=Braçadas|Respiração|Perna|Sensibilidade,"Sessão e blocos normalizados: pode usar integralmente ou recombinar blocos preservando objetivo, zona dominante, perfil, fase e regras RKF.",RKF_V5.0
RKF-MAST-NC-081,Águas abertas recreativo — Fundamentos com fluidez,1500,1500,0,OK — EXATO,Treinos_Master_NaoCompet_RKF,82,Master,Master / objetivo e custo adaptativo,Master não competitivo | adulto recreativo | recuperação de Master competitivo,Técnica/Fundamentos,Desenvolver habilidades básicas de águas abertas com baixa carga e boa organização respiratória.,,A2|A1,Livre/Crawl|Costas|Águas abertas,,Scull|Braçadas|Respiração,PSE 4–5 | 1500 m | Master não competitivo,7,READY_WHOLE|BLOCKS_EXACT,YES,age=Master;profile=Master não competitivo | adulto recreativo | recuperação de Master competitivo;type=Técnica/Fundamentos;zones=A2|A1;styles=Livre/Crawl|Costas|Águas abertas;skills=Scull|Braçadas|Respiração,"Sessão e blocos normalizados: pode usar integralmente ou recombinar blocos preservando objetivo, zona dominante, perfil, fase e regras RKF.",RKF_V5.0
RKF-MAST-NC-082,Águas abertas recreativo — Eficiência sem pressa,1600,1600,0,OK — EXATO,Treinos_Master_NaoCompet_RKF,83,Master,Master / objetivo e custo adaptativo,Master não competitivo | adulto recreativo | recuperação de Master competitivo,Misto,Desenvolver habilidades básicas de águas abertas com baixa carga e boa organização respiratória.,,A2|A1,Livre/Crawl|Costas|Águas abertas,Pé de pato,Respiração|Sensibilidade,PSE 4–5 | 1600 m | Master não competitivo,7,READY_WHOLE|BLOCKS_EXACT,YES,age=Master;profile=Master não competitivo | adulto recreativo | recuperação de Master competitivo;type=Misto;zones=A2|A1;styles=Livre/Crawl|Costas|Águas abertas;skills=Respiração|Sensibilidade,"Sessão e blocos normalizados: pode usar integralmente ou recombinar blocos preservando objetivo, zona dominante, perfil, fase e regras RKF.",RKF_V5.0
RKF-MAST-NC-083,Águas abertas recreativo — Controle e sensação de água,1700,1700,0,OK — EXATO,Treinos_Master_NaoCompet_RKF,84,Master,Master / objetivo e custo adaptativo,Master não competitivo | adulto recreativo | recuperação de Master competitivo,Misto,Desenvolver habilidades básicas de águas abertas com baixa carga e boa organização respiratória.,,A2|A1,Livre/Crawl|Costas|Águas abertas,,Braçadas|Respiração,PSE 4–5 | 1700 m | Master não competitivo,7,READY_WHOLE|BLOCKS_EXACT,YES,age=Master;profile=Master não competitivo | adulto recreativo | recuperação de Master competitivo;type=Misto;zones=A2|A1;styles=Livre/Crawl|Costas|Águas abertas;skills=Braçadas|Respiração,"Sessão e blocos normalizados: pode usar integralmente ou recombinar blocos preservando objetivo, zona dominante, perfil, fase e regras RKF.",RKF_V5.0
RKF-MAST-NC-084,Águas abertas recreativo — Coordenação confortável,1800,1800,0,OK — EXATO,Treinos_Master_NaoCompet_RKF,85,Master,Master / objetivo e custo adaptativo,Master não competitivo | adulto recreativo | recuperação de Master competitivo,Misto,Desenvolver habilidades básicas de águas abertas com baixa carga e boa organização respiratória.,,A2|A1,Livre/Crawl|Costas|Águas abertas,Pé de pato,Braçadas|Respiração|Coordenação|Sensibilidade,PSE 4–5 | 1800 m | Master não competitivo,7,READY_WHOLE|BLOCKS_EXACT,YES,age=Master;profile=Master não competitivo | adulto recreativo | recuperação de Master competitivo;type=Misto;zones=A2|A1;styles=Livre/Crawl|Costas|Águas abertas;skills=Braçadas|Respiração|Coordenação|Sensibilidade,"Sessão e blocos normalizados: pode usar integralmente ou recombinar blocos preservando objetivo, zona dominante, perfil, fase e regras RKF.",RKF_V5.0
RKF-MAST-NC-085,Águas abertas recreativo — Desafio técnico leve,1900,1900,0,OK — EXATO,Treinos_Master_NaoCompet_RKF,86,Master,Master / objetivo e custo adaptativo,Master não competitivo | adulto recreativo | recuperação de Master competitivo,Misto,Desenvolver habilidades básicas de águas abertas com baixa carga e boa organização respiratória.,,A2|A1,Livre/Crawl|Costas|Águas abertas,Pé de pato,Braçadas|Respiração|Perna|Sensibilidade,PSE 4–5 | 1900 m | Master não competitivo,7,READY_WHOLE|BLOCKS_EXACT,YES,age=Master;profile=Master não competitivo | adulto recreativo | recuperação de Master competitivo;type=Misto;zones=A2|A1;styles=Livre/Crawl|Costas|Águas abertas;skills=Braçadas|Respiração|Perna|Sensibilidade,"Sessão e blocos normalizados: pode usar integralmente ou recombinar blocos preservando objetivo, zona dominante, perfil, fase e regras RKF.",RKF_V5.0
RKF-MAST-NC-086,Águas abertas recreativo — Nado consciente,2000,2000,0,OK — EXATO,Treinos_Master_NaoCompet_RKF,87,Master,Master / objetivo e custo adaptativo,Master não competitivo | adulto recreativo | recuperação de Master competitivo,Misto,Desenvolver habilidades básicas de águas abertas com baixa carga e boa organização respiratória.,,A2|A1,Livre/Crawl|Costas|Águas abertas,Pé de pato,Scull|Braçadas|Respiração|Sensibilidade,PSE 4–5 | 2000 m | Master não competitivo,7,READY_WHOLE|BLOCKS_EXACT,YES,age=Master;profile=Master não competitivo | adulto recreativo | recuperação de Master competitivo;type=Misto;zones=A2|A1;styles=Livre/Crawl|Costas|Águas abertas;skills=Scull|Braçadas|Respiração|Sensibilidade,"Sessão e blocos normalizados: pode usar integralmente ou recombinar blocos preservando objetivo, zona dominante, perfil, fase e regras RKF.",RKF_V5.0
RKF-MAST-NC-087,Águas abertas recreativo — Economia em movimento,1600,1600,0,OK — EXATO,Treinos_Master_NaoCompet_RKF,88,Master,Master / objetivo e custo adaptativo,Master não competitivo | adulto recreativo | recuperação de Master competitivo,Misto,Desenvolver habilidades básicas de águas abertas com baixa carga e boa organização respiratória.,,A2|A1,Livre/Crawl|Costas|Águas abertas,,Respiração,PSE 4–5 | 1600 m | Master não competitivo,7,READY_WHOLE|BLOCKS_EXACT,YES,age=Master;profile=Master não competitivo | adulto recreativo | recuperação de Master competitivo;type=Misto;zones=A2|A1;styles=Livre/Crawl|Costas|Águas abertas;skills=Respiração,"Sessão e blocos normalizados: pode usar integralmente ou recombinar blocos preservando objetivo, zona dominante, perfil, fase e regras RKF.",RKF_V5.0
RKF-MAST-NC-088,Águas abertas recreativo — Variedade com controle,1800,1800,0,OK — EXATO,Treinos_Master_NaoCompet_RKF,89,Master,Master / objetivo e custo adaptativo,Master não competitivo | adulto recreativo | recuperação de Master competitivo,Misto,Desenvolver habilidades básicas de águas abertas com baixa carga e boa organização respiratória.,,A2|A1,Livre/Crawl|Costas|Águas abertas,,Braçadas|Respiração,PSE 4–5 | 1800 m | Master não competitivo,7,READY_WHOLE|BLOCKS_EXACT,YES,age=Master;profile=Master não competitivo | adulto recreativo | recuperação de Master competitivo;type=Misto;zones=A2|A1;styles=Livre/Crawl|Costas|Águas abertas;skills=Braçadas|Respiração,"Sessão e blocos normalizados: pode usar integralmente ou recombinar blocos preservando objetivo, zona dominante, perfil, fase e regras RKF.",RKF_V5.0
RKF-MAST-NC-089,Águas abertas recreativo — Precisão e relaxamento,1700,1700,0,OK — EXATO,Treinos_Master_NaoCompet_RKF,90,Master,Master / objetivo e custo adaptativo,Master não competitivo | adulto recreativo | recuperação de Master competitivo,Misto,Desenvolver habilidades básicas de águas abertas com baixa carga e boa organização respiratória.,,A2|A1,Livre/Crawl|Costas|Águas abertas,Pé de pato,Braçadas|Respiração|Sensibilidade,PSE 4–5 | 1700 m | Master não competitivo,7,READY_WHOLE|BLOCKS_EXACT,YES,age=Master;profile=Master não competitivo | adulto recreativo | recuperação de Master competitivo;type=Misto;zones=A2|A1;styles=Livre/Crawl|Costas|Águas abertas;skills=Braçadas|Respiração|Sensibilidade,"Sessão e blocos normalizados: pode usar integralmente ou recombinar blocos preservando objetivo, zona dominante, perfil, fase e regras RKF.",RKF_V5.0
RKF-MAST-NC-090,Águas abertas recreativo — Continuidade técnica,1900,1900,0,OK — EXATO,Treinos_Master_NaoCompet_RKF,91,Master,Master / objetivo e custo adaptativo,Master não competitivo | adulto recreativo | recuperação de Master competitivo,Técnica/Fundamentos,Desenvolver habilidades básicas de águas abertas com baixa carga e boa organização respiratória.,,A2|A1,Livre/Crawl|Costas|Águas abertas,Pé de pato,Braçadas|Respiração|Perna|Sensibilidade,PSE 4–5 | 1900 m | Master não competitivo,7,READY_WHOLE|BLOCKS_EXACT,YES,age=Master;profile=Master não competitivo | adulto recreativo | recuperação de Master competitivo;type=Técnica/Fundamentos;zones=A2|A1;styles=Livre/Crawl|Costas|Águas abertas;skills=Braçadas|Respiração|Perna|Sensibilidade,"Sessão e blocos normalizados: pode usar integralmente ou recombinar blocos preservando objetivo, zona dominante, perfil, fase e regras RKF.",RKF_V5.0
RKF-MAST-NC-091,Progressivo controlado — Fundamentos com fluidez,1500,1500,0,OK — EXATO,Treinos_Master_NaoCompet_RKF,92,Master,Master / objetivo e custo adaptativo,Master não competitivo | adulto recreativo | recuperação de Master competitivo,Técnica/Fundamentos,Ensinar progressão de ritmo A1→A2 com controle técnico e percepção de esforço.,,A3|A2|A1,Livre/Crawl|Costas,,Scull|Braçadas,PSE 4–5 | 1500 m | Master não competitivo,7,READY_WHOLE|BLOCKS_EXACT,YES,age=Master;profile=Master não competitivo | adulto recreativo | recuperação de Master competitivo;type=Técnica/Fundamentos;zones=A3|A2|A1;styles=Livre/Crawl|Costas;skills=Scull|Braçadas,"Sessão e blocos normalizados: pode usar integralmente ou recombinar blocos preservando objetivo, zona dominante, perfil, fase e regras RKF.",RKF_V5.0
RKF-MAST-NC-092,Progressivo controlado — Eficiência sem pressa,1600,1600,0,OK — EXATO,Treinos_Master_NaoCompet_RKF,93,Master,Master / objetivo e custo adaptativo,Master não competitivo | adulto recreativo | recuperação de Master competitivo,Aeróbio,Ensinar progressão de ritmo A1→A2 com controle técnico e percepção de esforço.,,A3|A2|A1,Livre/Crawl|Costas,Palmar pequeno|Pé de pato,Braçadas,PSE 4–5 | 1600 m | Master não competitivo,7,READY_WHOLE|BLOCKS_EXACT,YES,age=Master;profile=Master não competitivo | adulto recreativo | recuperação de Master competitivo;type=Aeróbio;zones=A3|A2|A1;styles=Livre/Crawl|Costas;skills=Braçadas,"Sessão e blocos normalizados: pode usar integralmente ou recombinar blocos preservando objetivo, zona dominante, perfil, fase e regras RKF.",RKF_V5.0
RKF-MAST-NC-093,Progressivo controlado — Controle e sensação de água,1700,1700,0,OK — EXATO,Treinos_Master_NaoCompet_RKF,94,Master,Master / objetivo e custo adaptativo,Master não competitivo | adulto recreativo | recuperação de Master competitivo,Aeróbio,Ensinar progressão de ritmo A1→A2 com controle técnico e percepção de esforço.,,A3|A2|A1,Livre/Crawl|Costas,,Braçadas,PSE 4–5 | 1700 m | Master não competitivo,7,READY_WHOLE|BLOCKS_EXACT,YES,age=Master;profile=Master não competitivo | adulto recreativo | recuperação de Master competitivo;type=Aeróbio;zones=A3|A2|A1;styles=Livre/Crawl|Costas;skills=Braçadas,"Sessão e blocos normalizados: pode usar integralmente ou recombinar blocos preservando objetivo, zona dominante, perfil, fase e regras RKF.",RKF_V5.0
RKF-MAST-NC-094,Progressivo controlado — Coordenação confortável,1800,1800,0,OK — EXATO,Treinos_Master_NaoCompet_RKF,95,Master,Master / objetivo e custo adaptativo,Master não competitivo | adulto recreativo | recuperação de Master competitivo,Aeróbio,Ensinar progressão de ritmo A1→A2 com controle técnico e percepção de esforço.,,A3|A2|A1,Livre/Crawl|Costas,Palmar pequeno|Pé de pato,Braçadas|Coordenação,PSE 4–5 | 1800 m | Master não competitivo,7,READY_WHOLE|BLOCKS_EXACT,YES,age=Master;profile=Master não competitivo | adulto recreativo | recuperação de Master competitivo;type=Aeróbio;zones=A3|A2|A1;styles=Livre/Crawl|Costas;skills=Braçadas|Coordenação,"Sessão e blocos normalizados: pode usar integralmente ou recombinar blocos preservando objetivo, zona dominante, perfil, fase e regras RKF.",RKF_V5.0
RKF-MAST-NC-095,Progressivo controlado — Desafio técnico leve,1900,1900,0,OK — EXATO,Treinos_Master_NaoCompet_RKF,96,Master,Master / objetivo e custo adaptativo,Master não competitivo | adulto recreativo | recuperação de Master competitivo,Aeróbio,Ensinar progressão de ritmo A1→A2 com controle técnico e percepção de esforço.,,A3|A2|A1,Livre/Crawl|Costas,Palmar pequeno|Pé de pato,Braçadas|Perna|Sensibilidade,PSE 4–5 | 1900 m | Master não competitivo,7,READY_WHOLE|BLOCKS_EXACT,YES,age=Master;profile=Master não competitivo | adulto recreativo | recuperação de Master competitivo;type=Aeróbio;zones=A3|A2|A1;styles=Livre/Crawl|Costas;skills=Braçadas|Perna|Sensibilidade,"Sessão e blocos normalizados: pode usar integralmente ou recombinar blocos preservando objetivo, zona dominante, perfil, fase e regras RKF.",RKF_V5.0
RKF-MAST-NC-096,Progressivo controlado — Nado consciente,2000,2000,0,OK — EXATO,Treinos_Master_NaoCompet_RKF,97,Master,Master / objetivo e custo adaptativo,Master não competitivo | adulto recreativo | recuperação de Master competitivo,Aeróbio,Ensinar progressão de ritmo A1→A2 com controle técnico e percepção de esforço.,,A3|A2|A1,Livre/Crawl|Costas,Palmar pequeno|Pé de pato,Scull|Braçadas,PSE 4–5 | 2000 m | Master não competitivo,7,READY_WHOLE|BLOCKS_EXACT,YES,age=Master;profile=Master não competitivo | adulto recreativo | recuperação de Master competitivo;type=Aeróbio;zones=A3|A2|A1;styles=Livre/Crawl|Costas;skills=Scull|Braçadas,"Sessão e blocos normalizados: pode usar integralmente ou recombinar blocos preservando objetivo, zona dominante, perfil, fase e regras RKF.",RKF_V5.0
RKF-MAST-NC-097,Progressivo controlado — Economia em movimento,1600,1600,0,OK — EXATO,Treinos_Master_NaoCompet_RKF,98,Master,Master / objetivo e custo adaptativo,Master não competitivo | adulto recreativo | recuperação de Master competitivo,Aeróbio,Ensinar progressão de ritmo A1→A2 com controle técnico e percepção de esforço.,,A3|A2|A1,Livre/Crawl|Costas,,Braçadas,PSE 4–5 | 1600 m | Master não competitivo,7,READY_WHOLE|BLOCKS_EXACT,YES,age=Master;profile=Master não competitivo | adulto recreativo | recuperação de Master competitivo;type=Aeróbio;zones=A3|A2|A1;styles=Livre/Crawl|Costas;skills=Braçadas,"Sessão e blocos normalizados: pode usar integralmente ou recombinar blocos preservando objetivo, zona dominante, perfil, fase e regras RKF.",RKF_V5.0
RKF-MAST-NC-098,Progressivo controlado — Variedade com controle,1800,1800,0,OK — EXATO,Treinos_Master_NaoCompet_RKF,99,Master,Master / objetivo e custo adaptativo,Master não competitivo | adulto recreativo | recuperação de Master competitivo,Aeróbio,Ensinar progressão de ritmo A1→A2 com controle técnico e percepção de esforço.,,A3|A2|A1,Livre/Crawl|Costas,,Braçadas,PSE 4–5 | 1800 m | Master não competitivo,7,READY_WHOLE|BLOCKS_EXACT,YES,age=Master;profile=Master não competitivo | adulto recreativo | recuperação de Master competitivo;type=Aeróbio;zones=A3|A2|A1;styles=Livre/Crawl|Costas;skills=Braçadas,"Sessão e blocos normalizados: pode usar integralmente ou recombinar blocos preservando objetivo, zona dominante, perfil, fase e regras RKF.",RKF_V5.0
RKF-MAST-NC-099,Progressivo controlado — Precisão e relaxamento,1700,1700,0,OK — EXATO,Treinos_Master_NaoCompet_RKF,100,Master,Master / objetivo e custo adaptativo,Master não competitivo | adulto recreativo | recuperação de Master competitivo,Aeróbio,Ensinar progressão de ritmo A1→A2 com controle técnico e percepção de esforço.,,A3|A2|A1,Livre/Crawl|Costas,Palmar pequeno|Pé de pato,Braçadas,PSE 4–5 | 1700 m | Master não competitivo,7,READY_WHOLE|BLOCKS_EXACT,YES,age=Master;profile=Master não competitivo | adulto recreativo | recuperação de Master competitivo;type=Aeróbio;zones=A3|A2|A1;styles=Livre/Crawl|Costas;skills=Braçadas,"Sessão e blocos normalizados: pode usar integralmente ou recombinar blocos preservando objetivo, zona dominante, perfil, fase e regras RKF.",RKF_V5.0
RKF-MAST-NC-100,Progressivo controlado — Continuidade técnica,1900,1900,0,OK — EXATO,Treinos_Master_NaoCompet_RKF,101,Master,Master / objetivo e custo adaptativo,Master não competitivo | adulto recreativo | recuperação de Master competitivo,Técnica/Fundamentos,Ensinar progressão de ritmo A1→A2 com controle técnico e percepção de esforço.,,A3|A2|A1,Livre/Crawl|Costas,Palmar pequeno|Pé de pato,Braçadas|Perna|Sensibilidade,PSE 4–5 | 1900 m | Master não competitivo,7,READY_WHOLE|BLOCKS_EXACT,YES,age=Master;profile=Master não competitivo | adulto recreativo | recuperação de Master competitivo;type=Técnica/Fundamentos;zones=A3|A2|A1;styles=Livre/Crawl|Costas;skills=Braçadas|Perna|Sensibilidade,"Sessão e blocos normalizados: pode usar integralmente ou recombinar blocos preservando objetivo, zona dominante, perfil, fase e regras RKF.",RKF_V5.0
RKF-MAST-DEV-001,A2 + economia de braçada,1600,1600,0,OK — EXATO,Master_Desenv_A2_VALAT,2,Master,Master / objetivo e custo adaptativo,Master não competitivo — desenvolvimento,Velocidade alática,A2 técnico,,A2|A1,Livre/Crawl|Costas,,Braçadas|Respiração|Sensibilidade,PSE 4–5,7,READY_WHOLE|BLOCKS_EXACT,YES,age=Master;profile=Master não competitivo — desenvolvimento;type=Velocidade alática;zones=A2|A1;styles=Livre/Crawl|Costas;skills=Braçadas|Respiração|Sensibilidade,"Sessão e blocos normalizados: pode usar integralmente ou recombinar blocos preservando objetivo, zona dominante, perfil, fase e regras RKF.",RKF_V5.0
RKF-MAST-DEV-002,A2 negative split,1700,1700,0,OK — EXATO,Master_Desenv_A2_VALAT,3,Master,Master / objetivo e custo adaptativo,Master não competitivo — desenvolvimento,Velocidade alática,A2 pacing,,A2|A1,Livre/Crawl|Costas,,Respiração|Sensibilidade,PSE 4–5,7,READY_WHOLE|BLOCKS_EXACT,YES,age=Master;profile=Master não competitivo — desenvolvimento;type=Velocidade alática;zones=A2|A1;styles=Livre/Crawl|Costas;skills=Respiração|Sensibilidade,"Sessão e blocos normalizados: pode usar integralmente ou recombinar blocos preservando objetivo, zona dominante, perfil, fase e regras RKF.",RKF_V5.0
RKF-MAST-DEV-003,A2 com palmar pequeno,1800,1800,0,OK — EXATO,Master_Desenv_A2_VALAT,4,Master,Master / objetivo e custo adaptativo,Master não competitivo — desenvolvimento,Velocidade alática,A2 + força técnica,,A2|A1,Livre/Crawl|Costas,Palmar pequeno,Respiração|Sensibilidade,PSE 4–5,7,READY_WHOLE|BLOCKS_EXACT,YES,age=Master;profile=Master não competitivo — desenvolvimento;type=Velocidade alática;zones=A2|A1;styles=Livre/Crawl|Costas;skills=Respiração|Sensibilidade,"Sessão e blocos normalizados: pode usar integralmente ou recombinar blocos preservando objetivo, zona dominante, perfil, fase e regras RKF.",RKF_V5.0
RKF-MAST-DEV-004,A2 em escada,1800,1800,0,OK — EXATO,Master_Desenv_A2_VALAT,5,Master,Master / objetivo e custo adaptativo,Master não competitivo — desenvolvimento,Velocidade alática,A2 pacing,,A2|A1,Livre/Crawl|Costas,,Respiração|Sensibilidade,PSE 4–5,7,READY_WHOLE|BLOCKS_EXACT,YES,age=Master;profile=Master não competitivo — desenvolvimento;type=Velocidade alática;zones=A2|A1;styles=Livre/Crawl|Costas;skills=Respiração|Sensibilidade,"Sessão e blocos normalizados: pode usar integralmente ou recombinar blocos preservando objetivo, zona dominante, perfil, fase e regras RKF.",RKF_V5.0
RKF-MAST-DEV-005,A2 + perna,1700,1700,0,OK — EXATO,Master_Desenv_A2_VALAT,6,Master,Master / objetivo e custo adaptativo,Master não competitivo — desenvolvimento,Velocidade alática,A2 + perna,,A2|A1,Livre/Crawl|Costas,Pé de pato,Respiração|Perna|Sensibilidade,PSE 4–5,7,READY_WHOLE|BLOCKS_EXACT,YES,age=Master;profile=Master não competitivo — desenvolvimento;type=Velocidade alática;zones=A2|A1;styles=Livre/Crawl|Costas;skills=Respiração|Perna|Sensibilidade,"Sessão e blocos normalizados: pode usar integralmente ou recombinar blocos preservando objetivo, zona dominante, perfil, fase e regras RKF.",RKF_V5.0
RKF-MAST-DEV-006,A2 + respiração,1600,1600,0,OK — EXATO,Master_Desenv_A2_VALAT,7,Master,Master / objetivo e custo adaptativo,Master não competitivo — desenvolvimento,Velocidade alática,A2 técnico,,A2|A1,Livre/Crawl|Costas,,Respiração|Sensibilidade,PSE 4–5,7,READY_WHOLE|BLOCKS_EXACT,YES,age=Master;profile=Master não competitivo — desenvolvimento;type=Velocidade alática;zones=A2|A1;styles=Livre/Crawl|Costas;skills=Respiração|Sensibilidade,"Sessão e blocos normalizados: pode usar integralmente ou recombinar blocos preservando objetivo, zona dominante, perfil, fase e regras RKF.",RKF_V5.0
RKF-MAST-DEV-007,A2 com pé de pato,1800,1800,0,OK — EXATO,Master_Desenv_A2_VALAT,8,Master,Master / objetivo e custo adaptativo,Master não competitivo — desenvolvimento,Velocidade alática,A2 + material,,A2|A1,Livre/Crawl|Costas,Pé de pato,Respiração|Sensibilidade,PSE 4–5,7,READY_WHOLE|BLOCKS_EXACT,YES,age=Master;profile=Master não competitivo — desenvolvimento;type=Velocidade alática;zones=A2|A1;styles=Livre/Crawl|Costas;skills=Respiração|Sensibilidade,"Sessão e blocos normalizados: pode usar integralmente ou recombinar blocos preservando objetivo, zona dominante, perfil, fase e regras RKF.",RKF_V5.0
RKF-MAST-DEV-008,A2 GOLF,1500,1500,0,OK — EXATO,Master_Desenv_A2_VALAT,9,Master,Master / objetivo e custo adaptativo,Master não competitivo — desenvolvimento,Velocidade alática,A2 eficiência,,A2|A1,Livre/Crawl|Costas,,Braçadas|Respiração|Sensibilidade,PSE 4–5,7,READY_WHOLE|BLOCKS_EXACT,YES,age=Master;profile=Master não competitivo — desenvolvimento;type=Velocidade alática;zones=A2|A1;styles=Livre/Crawl|Costas;skills=Braçadas|Respiração|Sensibilidade,"Sessão e blocos normalizados: pode usar integralmente ou recombinar blocos preservando objetivo, zona dominante, perfil, fase e regras RKF.",RKF_V5.0
RKF-MAST-DEV-009,A2 variando frequência,1700,1700,0,OK — EXATO,Master_Desenv_A2_VALAT,10,Master,Master / objetivo e custo adaptativo,Master não competitivo — desenvolvimento,Velocidade alática,A2 técnico,,A2|A1,Livre/Crawl|Costas,,Respiração|Sensibilidade,PSE 4–5,7,READY_WHOLE|BLOCKS_EXACT,YES,age=Master;profile=Master não competitivo — desenvolvimento;type=Velocidade alática;zones=A2|A1;styles=Livre/Crawl|Costas;skills=Respiração|Sensibilidade,"Sessão e blocos normalizados: pode usar integralmente ou recombinar blocos preservando objetivo, zona dominante, perfil, fase e regras RKF.",RKF_V5.0
RKF-MAST-DEV-010,A2 contínuo fracionado mentalmente,2000,2000,0,OK — EXATO,Master_Desenv_A2_VALAT,11,Master,Master / objetivo e custo adaptativo,Master não competitivo — desenvolvimento,Velocidade alática,A2 contínuo,,A2|A1,Livre/Crawl|Costas,,Respiração|Sensibilidade,PSE 4–5,7,READY_WHOLE|BLOCKS_EXACT,YES,age=Master;profile=Master não competitivo — desenvolvimento;type=Velocidade alática;zones=A2|A1;styles=Livre/Crawl|Costas;skills=Respiração|Sensibilidade,"Sessão e blocos normalizados: pode usar integralmente ou recombinar blocos preservando objetivo, zona dominante, perfil, fase e regras RKF.",RKF_V5.0
RKF-MAST-DEV-011,A2 + palmar médio controlado,1700,1700,0,OK — EXATO,Master_Desenv_A2_VALAT,12,Master,Master / objetivo e custo adaptativo,Master não competitivo — desenvolvimento,Velocidade alática,A2 + força,,A2|A1,Livre/Crawl|Costas,Palmar médio,Respiração|Sensibilidade,PSE 4–5,7,READY_WHOLE|BLOCKS_EXACT,YES,age=Master;profile=Master não competitivo — desenvolvimento;type=Velocidade alática;zones=A2|A1;styles=Livre/Crawl|Costas;skills=Respiração|Sensibilidade,"Sessão e blocos normalizados: pode usar integralmente ou recombinar blocos preservando objetivo, zona dominante, perfil, fase e regras RKF.",RKF_V5.0
RKF-MAST-DEV-012,A2 com mudança de tarefa,1600,1600,0,OK — EXATO,Master_Desenv_A2_VALAT,13,Master,Master / objetivo e custo adaptativo,Master não competitivo — desenvolvimento,Velocidade alática,A2 técnico,,A2|A1,Livre/Crawl|Costas,,Respiração|Perna|Sensibilidade,PSE 4–5,7,READY_WHOLE|BLOCKS_EXACT,YES,age=Master;profile=Master não competitivo — desenvolvimento;type=Velocidade alática;zones=A2|A1;styles=Livre/Crawl|Costas;skills=Respiração|Perna|Sensibilidade,"Sessão e blocos normalizados: pode usar integralmente ou recombinar blocos preservando objetivo, zona dominante, perfil, fase e regras RKF.",RKF_V5.0
RKF-MAST-DEV-013,A2 50/100/150/200,1800,1800,0,OK — EXATO,Master_Desenv_A2_VALAT,14,Master,Master / objetivo e custo adaptativo,Master não competitivo — desenvolvimento,Velocidade alática,A2 arquitetura,,A2|A1,Livre/Crawl|Costas,,Respiração|Sensibilidade,PSE 4–5,7,READY_WHOLE|BLOCKS_EXACT,YES,age=Master;profile=Master não competitivo — desenvolvimento;type=Velocidade alática;zones=A2|A1;styles=Livre/Crawl|Costas;skills=Respiração|Sensibilidade,"Sessão e blocos normalizados: pode usar integralmente ou recombinar blocos preservando objetivo, zona dominante, perfil, fase e regras RKF.",RKF_V5.0
RKF-MAST-DEV-014,A2 + medley recreativo,1600,1600,0,OK — EXATO,Master_Desenv_A2_VALAT,15,Master,Master / objetivo e custo adaptativo,Master não competitivo — desenvolvimento,Velocidade alática,A2 + estilos,,A2|A1,Livre/Crawl|Costas|Peito|Medley,,Respiração|Sensibilidade,PSE 4–5,7,READY_WHOLE|BLOCKS_EXACT,YES,age=Master;profile=Master não competitivo — desenvolvimento;type=Velocidade alática;zones=A2|A1;styles=Livre/Crawl|Costas|Peito|Medley;skills=Respiração|Sensibilidade,"Sessão e blocos normalizados: pode usar integralmente ou recombinar blocos preservando objetivo, zona dominante, perfil, fase e regras RKF.",RKF_V5.0
RKF-MAST-DEV-015,A2 com descanso decrescente,1800,1800,0,OK — EXATO,Master_Desenv_A2_VALAT,16,Master,Master / objetivo e custo adaptativo,Master não competitivo — desenvolvimento,Velocidade alática,A2 densidade,,A2|A1,Livre/Crawl|Costas,,Respiração|Sensibilidade,PSE 4–5,7,READY_WHOLE|BLOCKS_EXACT,YES,age=Master;profile=Master não competitivo — desenvolvimento;type=Velocidade alática;zones=A2|A1;styles=Livre/Crawl|Costas;skills=Respiração|Sensibilidade,"Sessão e blocos normalizados: pode usar integralmente ou recombinar blocos preservando objetivo, zona dominante, perfil, fase e regras RKF.",RKF_V5.0
RKF-MAST-DEV-016,A2 + contraste de apoio,1700,1700,0,OK — EXATO,Master_Desenv_A2_VALAT,17,Master,Master / objetivo e custo adaptativo,Master não competitivo — desenvolvimento,Velocidade alática,A2 + material,,A2|A1,Livre/Crawl|Costas,Palmar pequeno,Respiração|Sensibilidade,PSE 4–5,7,READY_WHOLE|BLOCKS_EXACT,YES,age=Master;profile=Master não competitivo — desenvolvimento;type=Velocidade alática;zones=A2|A1;styles=Livre/Crawl|Costas;skills=Respiração|Sensibilidade,"Sessão e blocos normalizados: pode usar integralmente ou recombinar blocos preservando objetivo, zona dominante, perfil, fase e regras RKF.",RKF_V5.0
RKF-MAST-DEV-017,A1/A2 alternado,1600,1600,0,OK — EXATO,Master_Desenv_A2_VALAT,18,Master,Master / objetivo e custo adaptativo,Master não competitivo — desenvolvimento,Velocidade alática,A1/A2,,A2|A1,Livre/Crawl|Costas,,Respiração|Sensibilidade,PSE 4–5,7,READY_WHOLE|BLOCKS_EXACT,YES,age=Master;profile=Master não competitivo — desenvolvimento;type=Velocidade alática;zones=A2|A1;styles=Livre/Crawl|Costas;skills=Respiração|Sensibilidade,"Sessão e blocos normalizados: pode usar integralmente ou recombinar blocos preservando objetivo, zona dominante, perfil, fase e regras RKF.",RKF_V5.0
RKF-MAST-DEV-018,A2 + perna com pé de pato,1800,1800,0,OK — EXATO,Master_Desenv_A2_VALAT,19,Master,Master / objetivo e custo adaptativo,Master não competitivo — desenvolvimento,Velocidade alática,A2 + perna,,A2|A1,Livre/Crawl|Costas,Pé de pato,Respiração|Perna|Sensibilidade,PSE 4–5,7,READY_WHOLE|BLOCKS_EXACT,YES,age=Master;profile=Master não competitivo — desenvolvimento;type=Velocidade alática;zones=A2|A1;styles=Livre/Crawl|Costas;skills=Respiração|Perna|Sensibilidade,"Sessão e blocos normalizados: pode usar integralmente ou recombinar blocos preservando objetivo, zona dominante, perfil, fase e regras RKF.",RKF_V5.0
RKF-MAST-DEV-019,A2 descendente por eficiência,1700,1700,0,OK — EXATO,Master_Desenv_A2_VALAT,20,Master,Master / objetivo e custo adaptativo,Master não competitivo — desenvolvimento,Velocidade alática,A2 eficiência,,A3|A2|A1,Livre/Crawl|Costas,,Respiração|Sensibilidade,PSE 4–5,7,READY_WHOLE|BLOCKS_EXACT,YES,age=Master;profile=Master não competitivo — desenvolvimento;type=Velocidade alática;zones=A3|A2|A1;styles=Livre/Crawl|Costas;skills=Respiração|Sensibilidade,"Sessão e blocos normalizados: pode usar integralmente ou recombinar blocos preservando objetivo, zona dominante, perfil, fase e regras RKF.",RKF_V5.0
RKF-MAST-DEV-020,Desafio A2 de consistência,2000,2000,0,OK — EXATO,Master_Desenv_A2_VALAT,21,Master,Master / objetivo e custo adaptativo,Master não competitivo — desenvolvimento,Velocidade alática,A2 pacing,,A2|A1,Livre/Crawl|Costas,,Braçadas|Respiração|Sensibilidade,PSE 4–5,7,READY_WHOLE|BLOCKS_EXACT,YES,age=Master;profile=Master não competitivo — desenvolvimento;type=Velocidade alática;zones=A2|A1;styles=Livre/Crawl|Costas;skills=Braçadas|Respiração|Sensibilidade,"Sessão e blocos normalizados: pode usar integralmente ou recombinar blocos preservando objetivo, zona dominante, perfil, fase e regras RKF.",RKF_V5.0
RKF-MAST-DEV-021,A2 escolha seu desafio,1700,1700,0,OK — EXATO,Master_Desenv_A2_VALAT,22,Master,Master / objetivo e custo adaptativo,Master não competitivo — desenvolvimento,Velocidade alática,A2 lúdico,,A2|A1,Livre/Crawl|Costas,,Braçadas|Respiração|Sensibilidade,PSE 4–5,7,READY_WHOLE|BLOCKS_EXACT,YES,age=Master;profile=Master não competitivo — desenvolvimento;type=Velocidade alática;zones=A2|A1;styles=Livre/Crawl|Costas;skills=Braçadas|Respiração|Sensibilidade,"Sessão e blocos normalizados: pode usar integralmente ou recombinar blocos preservando objetivo, zona dominante, perfil, fase e regras RKF.",RKF_V5.0
RKF-MAST-DEV-022,Pirâmide A2,1800,1800,0,OK — EXATO,Master_Desenv_A2_VALAT,23,Master,Master / objetivo e custo adaptativo,Master não competitivo — desenvolvimento,Velocidade alática,A2,,A2|A1,Livre/Crawl|Costas,,Respiração|Sensibilidade,PSE 4–5,8,READY_WHOLE|BLOCKS_EXACT,YES,age=Master;profile=Master não competitivo — desenvolvimento;type=Velocidade alática;zones=A2|A1;styles=Livre/Crawl|Costas;skills=Respiração|Sensibilidade,"Sessão e blocos normalizados: pode usar integralmente ou recombinar blocos preservando objetivo, zona dominante, perfil, fase e regras RKF.",RKF_V5.0
RKF-MAST-DEV-023,A2 com mudança de estilo,1600,1600,0,OK — EXATO,Master_Desenv_A2_VALAT,24,Master,Master / objetivo e custo adaptativo,Master não competitivo — desenvolvimento,Velocidade alática,A2 + estilos,,A2|A1,Livre/Crawl|Costas|Peito,,Respiração|Sensibilidade,PSE 4–5,7,READY_WHOLE|BLOCKS_EXACT,YES,age=Master;profile=Master não competitivo — desenvolvimento;type=Velocidade alática;zones=A2|A1;styles=Livre/Crawl|Costas|Peito;skills=Respiração|Sensibilidade,"Sessão e blocos normalizados: pode usar integralmente ou recombinar blocos preservando objetivo, zona dominante, perfil, fase e regras RKF.",RKF_V5.0
RKF-MAST-DEV-024,Palmar pequeno → nado limpo,1800,1800,0,OK — EXATO,Master_Desenv_A2_VALAT,25,Master,Master / objetivo e custo adaptativo,Master não competitivo — desenvolvimento,Velocidade alática,A2 + força,,A2|A1,Livre/Crawl|Costas,Palmar pequeno,Respiração|Sensibilidade,PSE 4–5,7,READY_WHOLE|BLOCKS_EXACT,YES,age=Master;profile=Master não competitivo — desenvolvimento;type=Velocidade alática;zones=A2|A1;styles=Livre/Crawl|Costas;skills=Respiração|Sensibilidade,"Sessão e blocos normalizados: pode usar integralmente ou recombinar blocos preservando objetivo, zona dominante, perfil, fase e regras RKF.",RKF_V5.0
RKF-MAST-DEV-025,A2 sem olhar o relógio,1500,1500,0,OK — EXATO,Master_Desenv_A2_VALAT,26,Master,Master / objetivo e custo adaptativo,Master não competitivo — desenvolvimento,Velocidade alática,A2 percepção,,A2|A1,Livre/Crawl|Costas,,Respiração|Sensibilidade,PSE 4–5,7,READY_WHOLE|BLOCKS_EXACT,YES,age=Master;profile=Master não competitivo — desenvolvimento;type=Velocidade alática;zones=A2|A1;styles=Livre/Crawl|Costas;skills=Respiração|Sensibilidade,"Sessão e blocos normalizados: pode usar integralmente ou recombinar blocos preservando objetivo, zona dominante, perfil, fase e regras RKF.",RKF_V5.0
RKF-MAST-DEV-026,A2 25/50/75/100,1700,1700,0,OK — EXATO,Master_Desenv_A2_VALAT,27,Master,Master / objetivo e custo adaptativo,Master não competitivo — desenvolvimento,Velocidade alática,A2 arquitetura,,A2|A1,Livre/Crawl|Costas,,Respiração|Sensibilidade,PSE 4–5,7,READY_WHOLE|BLOCKS_EXACT,YES,age=Master;profile=Master não competitivo — desenvolvimento;type=Velocidade alática;zones=A2|A1;styles=Livre/Crawl|Costas;skills=Respiração|Sensibilidade,"Sessão e blocos normalizados: pode usar integralmente ou recombinar blocos preservando objetivo, zona dominante, perfil, fase e regras RKF.",RKF_V5.0
RKF-MAST-DEV-027,A2 pé de pato + transferência,1800,1800,0,OK — EXATO,Master_Desenv_A2_VALAT,28,Master,Master / objetivo e custo adaptativo,Master não competitivo — desenvolvimento,Velocidade alática,A2 + material,,A2|A1,Livre/Crawl|Costas,Pé de pato,Respiração|Sensibilidade,PSE 4–5,7,READY_WHOLE|BLOCKS_EXACT,YES,age=Master;profile=Master não competitivo — desenvolvimento;type=Velocidade alática;zones=A2|A1;styles=Livre/Crawl|Costas;skills=Respiração|Sensibilidade,"Sessão e blocos normalizados: pode usar integralmente ou recombinar blocos preservando objetivo, zona dominante, perfil, fase e regras RKF.",RKF_V5.0
RKF-MAST-DEV-028,A2 relógio interno,1600,1600,0,OK — EXATO,Master_Desenv_A2_VALAT,29,Master,Master / objetivo e custo adaptativo,Master não competitivo — desenvolvimento,Velocidade alática,A2 percepção,,A2|A1,Livre/Crawl|Costas,,Respiração|Sensibilidade,PSE 4–5,7,READY_WHOLE|BLOCKS_EXACT,YES,age=Master;profile=Master não competitivo — desenvolvimento;type=Velocidade alática;zones=A2|A1;styles=Livre/Crawl|Costas;skills=Respiração|Sensibilidade,"Sessão e blocos normalizados: pode usar integralmente ou recombinar blocos preservando objetivo, zona dominante, perfil, fase e regras RKF.",RKF_V5.0
RKF-MAST-DEV-029,A2 com perna intercalada,1800,1800,0,OK — EXATO,Master_Desenv_A2_VALAT,30,Master,Master / objetivo e custo adaptativo,Master não competitivo — desenvolvimento,Velocidade alática,A2 + perna,,A2|A1,Livre/Crawl|Costas,,Respiração|Perna|Sensibilidade,PSE 4–5,7,READY_WHOLE|BLOCKS_EXACT,YES,age=Master;profile=Master não competitivo — desenvolvimento;type=Velocidade alática;zones=A2|A1;styles=Livre/Crawl|Costas;skills=Respiração|Perna|Sensibilidade,"Sessão e blocos normalizados: pode usar integralmente ou recombinar blocos preservando objetivo, zona dominante, perfil, fase e regras RKF.",RKF_V5.0
RKF-MAST-DEV-030,A2 braçadas constantes,1700,1700,0,OK — EXATO,Master_Desenv_A2_VALAT,31,Master,Master / objetivo e custo adaptativo,Master não competitivo — desenvolvimento,Velocidade alática,A2 eficiência,,A2|A1,Livre/Crawl|Costas,,Braçadas|Respiração|Sensibilidade,PSE 4–5,7,READY_WHOLE|BLOCKS_EXACT,YES,age=Master;profile=Master não competitivo — desenvolvimento;type=Velocidade alática;zones=A2|A1;styles=Livre/Crawl|Costas;skills=Braçadas|Respiração|Sensibilidade,"Sessão e blocos normalizados: pode usar integralmente ou recombinar blocos preservando objetivo, zona dominante, perfil, fase e regras RKF.",RKF_V5.0
RKF-MAST-DEV-031,A2 com pull sem palmar,1800,1800,0,OK — EXATO,Master_Desenv_A2_VALAT,32,Master,Master / objetivo e custo adaptativo,Master não competitivo — desenvolvimento,Velocidade alática,A2 + pull,,A2|A1,Livre/Crawl|Costas,Palmar,Respiração|Sensibilidade,PSE 4–5,7,READY_WHOLE|BLOCKS_EXACT,YES,age=Master;profile=Master não competitivo — desenvolvimento;type=Velocidade alática;zones=A2|A1;styles=Livre/Crawl|Costas;skills=Respiração|Sensibilidade,"Sessão e blocos normalizados: pode usar integralmente ou recombinar blocos preservando objetivo, zona dominante, perfil, fase e regras RKF.",RKF_V5.0
RKF-MAST-DEV-032,A2 com missões,1600,1600,0,OK — EXATO,Master_Desenv_A2_VALAT,33,Master,Master / objetivo e custo adaptativo,Master não competitivo — desenvolvimento,Velocidade alática,A2 lúdico,,A2|A1,Livre/Crawl|Costas,,Streamline|Respiração|Sensibilidade,PSE 4–5,7,READY_WHOLE|BLOCKS_EXACT,YES,age=Master;profile=Master não competitivo — desenvolvimento;type=Velocidade alática;zones=A2|A1;styles=Livre/Crawl|Costas;skills=Streamline|Respiração|Sensibilidade,"Sessão e blocos normalizados: pode usar integralmente ou recombinar blocos preservando objetivo, zona dominante, perfil, fase e regras RKF.",RKF_V5.0
RKF-MAST-DEV-033,A2 200/100/50,1800,1800,0,OK — EXATO,Master_Desenv_A2_VALAT,34,Master,Master / objetivo e custo adaptativo,Master não competitivo — desenvolvimento,Velocidade alática,A2 arquitetura,,A2|A1,Livre/Crawl|Costas,,Respiração|Sensibilidade,PSE 4–5,7,READY_WHOLE|BLOCKS_EXACT,YES,age=Master;profile=Master não competitivo — desenvolvimento;type=Velocidade alática;zones=A2|A1;styles=Livre/Crawl|Costas;skills=Respiração|Sensibilidade,"Sessão e blocos normalizados: pode usar integralmente ou recombinar blocos preservando objetivo, zona dominante, perfil, fase e regras RKF.",RKF_V5.0
RKF-MAST-DEV-034,A2 com palmar + pé de pato,1900,1900,0,OK — EXATO,Master_Desenv_A2_VALAT,35,Master,Master / objetivo e custo adaptativo,Master não competitivo — desenvolvimento,Velocidade alática,A2 + força técnica,,A2|A1,Livre/Crawl|Costas,Palmar pequeno|Pé de pato,Respiração|Sensibilidade,PSE 4–5,7,READY_WHOLE|BLOCKS_EXACT,YES,age=Master;profile=Master não competitivo — desenvolvimento;type=Velocidade alática;zones=A2|A1;styles=Livre/Crawl|Costas;skills=Respiração|Sensibilidade,"Sessão e blocos normalizados: pode usar integralmente ou recombinar blocos preservando objetivo, zona dominante, perfil, fase e regras RKF.",RKF_V5.0
RKF-MAST-DEV-035,Circuito A2 Master,2000,2000,0,OK — EXATO,Master_Desenv_A2_VALAT,36,Master,Master / objetivo e custo adaptativo,Master não competitivo — desenvolvimento,Velocidade alática,A1/A2 lúdico,,A2|A1,Livre/Crawl|Costas,,Respiração|Perna|Sensibilidade,PSE 4–5,7,READY_WHOLE|BLOCKS_EXACT,YES,age=Master;profile=Master não competitivo — desenvolvimento;type=Velocidade alática;zones=A2|A1;styles=Livre/Crawl|Costas;skills=Respiração|Perna|Sensibilidade,"Sessão e blocos normalizados: pode usar integralmente ou recombinar blocos preservando objetivo, zona dominante, perfil, fase e regras RKF.",RKF_V5.0
RKF-MAST-DEV-036,VALAT reação + soltura,1600,1600,0,OK — EXATO,Master_Desenv_A2_VALAT,37,Master,Master / objetivo e custo adaptativo,Master não competitivo — desenvolvimento,Velocidade alática,VALAT neuromuscular,,VALAT|A2|A1,Livre/Crawl|Costas,,Respiração|Sensibilidade,PSE 4–6; VALAT com recuperação ampla,7,READY_WHOLE|BLOCKS_EXACT,YES,age=Master;profile=Master não competitivo — desenvolvimento;type=Velocidade alática;zones=VALAT|A2|A1;styles=Livre/Crawl|Costas;skills=Respiração|Sensibilidade,"Sessão e blocos normalizados: pode usar integralmente ou recombinar blocos preservando objetivo, zona dominante, perfil, fase e regras RKF.",RKF_V5.0
RKF-MAST-DEV-037,VALAT breakout + técnica,1700,1700,0,OK — EXATO,Master_Desenv_A2_VALAT,38,Master,Master / objetivo e custo adaptativo,Master não competitivo — desenvolvimento,Velocidade alática,VALAT habilidade,,VALAT|A2|A1,Livre/Crawl|Costas,,Breakout|Respiração|Sensibilidade,PSE 4–6; VALAT com recuperação ampla,7,READY_WHOLE|BLOCKS_EXACT,YES,age=Master;profile=Master não competitivo — desenvolvimento;type=Velocidade alática;zones=VALAT|A2|A1;styles=Livre/Crawl|Costas;skills=Breakout|Respiração|Sensibilidade,"Sessão e blocos normalizados: pode usar integralmente ou recombinar blocos preservando objetivo, zona dominante, perfil, fase e regras RKF.",RKF_V5.0
RKF-MAST-DEV-038,VALAT com pé de pato + transferência,1800,1800,0,OK — EXATO,Master_Desenv_A2_VALAT,39,Master,Master / objetivo e custo adaptativo,Master não competitivo — desenvolvimento,Velocidade alática,VALAT + material,,VALAT|A2|A1,Livre/Crawl|Costas,Pé de pato,Respiração|Sensibilidade,PSE 4–6; VALAT com recuperação ampla,7,READY_WHOLE|BLOCKS_EXACT,YES,age=Master;profile=Master não competitivo — desenvolvimento;type=Velocidade alática;zones=VALAT|A2|A1;styles=Livre/Crawl|Costas;skills=Respiração|Sensibilidade,"Sessão e blocos normalizados: pode usar integralmente ou recombinar blocos preservando objetivo, zona dominante, perfil, fase e regras RKF.",RKF_V5.0
RKF-MAST-DEV-039,VALAT frequência curta,1600,1600,0,OK — EXATO,Master_Desenv_A2_VALAT,40,Master,Master / objetivo e custo adaptativo,Master não competitivo — desenvolvimento,Velocidade alática,VALAT técnico,,VALAT|A2|A1,Livre/Crawl|Costas,,Respiração|Sensibilidade,PSE 4–6; VALAT com recuperação ampla,7,READY_WHOLE|BLOCKS_EXACT,YES,age=Master;profile=Master não competitivo — desenvolvimento;type=Velocidade alática;zones=VALAT|A2|A1;styles=Livre/Crawl|Costas;skills=Respiração|Sensibilidade,"Sessão e blocos normalizados: pode usar integralmente ou recombinar blocos preservando objetivo, zona dominante, perfil, fase e regras RKF.",RKF_V5.0
RKF-MAST-DEV-040,VALAT perseguição técnica,1800,1800,0,OK — EXATO,Master_Desenv_A2_VALAT,41,Master,Master / objetivo e custo adaptativo,Master não competitivo — desenvolvimento,Velocidade alática,VALAT lúdico,,VALAT|A2|A1,Livre/Crawl|Costas,,Respiração|Sensibilidade,PSE 4–6; VALAT com recuperação ampla,7,READY_WHOLE|BLOCKS_EXACT,YES,age=Master;profile=Master não competitivo — desenvolvimento;type=Velocidade alática;zones=VALAT|A2|A1;styles=Livre/Crawl|Costas;skills=Respiração|Sensibilidade,"Sessão e blocos normalizados: pode usar integralmente ou recombinar blocos preservando objetivo, zona dominante, perfil, fase e regras RKF.",RKF_V5.0
RKF-MAST-DEV-041,"VALAT — aceleração 12,5 m",1600,1600,0,OK — EXATO,Master_Desenv_A2_VALAT,42,Master,Master / objetivo e custo adaptativo,Master não competitivo — desenvolvimento,Velocidade alática,Aceleração neuromuscular + técnica,,VALAT|A2|A1,Livre/Crawl|Costas,,Braçadas|Coordenação|Sensibilidade,PSE 4–5; VALAT com recuperação ampla,7,READY_WHOLE|BLOCKS_EXACT,YES,age=Master;profile=Master não competitivo — desenvolvimento;type=Velocidade alática;zones=VALAT|A2|A1;styles=Livre/Crawl|Costas;skills=Braçadas|Coordenação|Sensibilidade,"Sessão e blocos normalizados: pode usar integralmente ou recombinar blocos preservando objetivo, zona dominante, perfil, fase e regras RKF.",RKF_V5.0
RKF-MAST-DEV-042,VALAT — reação ao comando,1500,1500,0,OK — EXATO,Master_Desenv_A2_VALAT,43,Master,Master / objetivo e custo adaptativo,Master não competitivo — desenvolvimento,Velocidade alática,Reação + velocidade curta,,VALAT|A2|A1,Livre/Crawl|Costas,,Streamline|Braçadas|Respiração,PSE 4–5; VALAT com recuperação ampla,7,READY_WHOLE|BLOCKS_EXACT,YES,age=Master;profile=Master não competitivo — desenvolvimento;type=Velocidade alática;zones=VALAT|A2|A1;styles=Livre/Crawl|Costas;skills=Streamline|Braçadas|Respiração,"Sessão e blocos normalizados: pode usar integralmente ou recombinar blocos preservando objetivo, zona dominante, perfil, fase e regras RKF.",RKF_V5.0
RKF-MAST-DEV-043,VALAT — 15 m rápido + soltura,1700,1700,0,OK — EXATO,Master_Desenv_A2_VALAT,44,Master,Master / objetivo e custo adaptativo,Master não competitivo — desenvolvimento,Velocidade alática,Velocidade curta repetida + estabilidade,,VALAT|A3|A2|A1,Livre/Crawl|Costas,,Sensibilidade,PSE 4–5; VALAT com recuperação ampla,7,READY_WHOLE|BLOCKS_EXACT,YES,age=Master;profile=Master não competitivo — desenvolvimento;type=Velocidade alática;zones=VALAT|A3|A2|A1;styles=Livre/Crawl|Costas;skills=Sensibilidade,"Sessão e blocos normalizados: pode usar integralmente ou recombinar blocos preservando objetivo, zona dominante, perfil, fase e regras RKF.",RKF_V5.0
RKF-MAST-DEV-044,VALAT com pé de pato,1700,1700,0,OK — EXATO,Master_Desenv_A2_VALAT,45,Master,Master / objetivo e custo adaptativo,Master não competitivo — desenvolvimento,Velocidade alática,Velocidade assistida + posição corporal,,VALAT|A2|A1,Livre/Crawl|Costas,Pé de pato,Streamline|Breakout|Respiração|Perna,PSE 4–5; VALAT com recuperação ampla,7,READY_WHOLE|BLOCKS_EXACT,YES,age=Master;profile=Master não competitivo — desenvolvimento;type=Velocidade alática;zones=VALAT|A2|A1;styles=Livre/Crawl|Costas;skills=Streamline|Breakout|Respiração|Perna,"Sessão e blocos normalizados: pode usar integralmente ou recombinar blocos preservando objetivo, zona dominante, perfil, fase e regras RKF.",RKF_V5.0
RKF-MAST-DEV-045,VALAT — frequência × comprimento,1600,1600,0,OK — EXATO,Master_Desenv_A2_VALAT,46,Master,Master / objetivo e custo adaptativo,Master não competitivo — desenvolvimento,Velocidade alática,Organizar frequência sob velocidade,,VALAT|A2|A1,Livre/Crawl|Costas,,Braçadas|Respiração|Coordenação,PSE 5; VALAT com recuperação ampla,7,READY_WHOLE|BLOCKS_EXACT,YES,age=Master;profile=Master não competitivo — desenvolvimento;type=Velocidade alática;zones=VALAT|A2|A1;styles=Livre/Crawl|Costas;skills=Braçadas|Respiração|Coordenação,"Sessão e blocos normalizados: pode usar integralmente ou recombinar blocos preservando objetivo, zona dominante, perfil, fase e regras RKF.",RKF_V5.0
RKF-MAST-DEV-046,VALAT — perseguição controlada,1800,1800,0,OK — EXATO,Master_Desenv_A2_VALAT,47,Master,Master / objetivo e custo adaptativo,Master não competitivo — desenvolvimento,Velocidade alática,Reação competitiva lúdica + A2,,VALAT|A2|A1,Livre/Crawl|Costas,,Scull|Sensibilidade,PSE 5; VALAT com recuperação ampla,7,READY_WHOLE|BLOCKS_EXACT,YES,age=Master;profile=Master não competitivo — desenvolvimento;type=Velocidade alática;zones=VALAT|A2|A1;styles=Livre/Crawl|Costas;skills=Scull|Sensibilidade,"Sessão e blocos normalizados: pode usar integralmente ou recombinar blocos preservando objetivo, zona dominante, perfil, fase e regras RKF.",RKF_V5.0
RKF-MAST-DEV-047,VALAT + scull,1600,1600,0,OK — EXATO,Master_Desenv_A2_VALAT,48,Master,Master / objetivo e custo adaptativo,Master não competitivo — desenvolvimento,Velocidade alática,Sensibilidade de apoio + transferência rápida,,VALAT|A2|A1,Livre/Crawl|Costas,,Scull|Respiração|Sensibilidade,PSE 4–5; VALAT com recuperação ampla,7,READY_WHOLE|BLOCKS_EXACT,YES,age=Master;profile=Master não competitivo — desenvolvimento;type=Velocidade alática;zones=VALAT|A2|A1;styles=Livre/Crawl|Costas;skills=Scull|Respiração|Sensibilidade,"Sessão e blocos normalizados: pode usar integralmente ou recombinar blocos preservando objetivo, zona dominante, perfil, fase e regras RKF.",RKF_V5.0
RKF-MAST-DEV-048,VALAT — breakout,1700,1700,0,OK — EXATO,Master_Desenv_A2_VALAT,49,Master,Master / objetivo e custo adaptativo,Master não competitivo — desenvolvimento,Velocidade alática,Streamline + breakout rápido,,VALAT|A2|A1,Livre/Crawl|Costas,,Streamline|Breakout,PSE 4–5; VALAT com recuperação ampla,7,READY_WHOLE|BLOCKS_EXACT,YES,age=Master;profile=Master não competitivo — desenvolvimento;type=Velocidade alática;zones=VALAT|A2|A1;styles=Livre/Crawl|Costas;skills=Streamline|Breakout,"Sessão e blocos normalizados: pode usar integralmente ou recombinar blocos preservando objetivo, zona dominante, perfil, fase e regras RKF.",RKF_V5.0
RKF-MAST-DEV-049,VALAT — escolha sua distância,1600,1600,0,OK — EXATO,Master_Desenv_A2_VALAT,50,Master,Master / objetivo e custo adaptativo,Master não competitivo — desenvolvimento,Velocidade alática,Autoregulação da distância rápida,,VALAT|A2|A1,Livre/Crawl|Costas,,Respiração|Coordenação|Sensibilidade,PSE 4–5; VALAT com recuperação ampla,7,READY_WHOLE|BLOCKS_EXACT,YES,age=Master;profile=Master não competitivo — desenvolvimento;type=Velocidade alática;zones=VALAT|A2|A1;styles=Livre/Crawl|Costas;skills=Respiração|Coordenação|Sensibilidade,"Sessão e blocos normalizados: pode usar integralmente ou recombinar blocos preservando objetivo, zona dominante, perfil, fase e regras RKF.",RKF_V5.0
RKF-MAST-DEV-050,Circuito de velocidade,1800,1800,0,OK — EXATO,Master_Desenv_A2_VALAT,51,Master,Master / objetivo e custo adaptativo,Master não competitivo — desenvolvimento,Velocidade alática,Diversificar habilidades VALAT,,VALAT|A2|A1,Livre/Crawl|Costas,,Breakout|Scull|Sensibilidade,PSE 5; VALAT com recuperação ampla,7,READY_WHOLE|BLOCKS_EXACT,YES,age=Master;profile=Master não competitivo — desenvolvimento;type=Velocidade alática;zones=VALAT|A2|A1;styles=Livre/Crawl|Costas;skills=Breakout|Scull|Sensibilidade,"Sessão e blocos normalizados: pode usar integralmente ou recombinar blocos preservando objetivo, zona dominante, perfil, fase e regras RKF.",RKF_V5.0
RKF-MAST-DEV-051,Palmar pequeno + transferência,1700,1700,0,OK — EXATO,Master_Desenv_A2_VALAT,52,Master,Master / objetivo e custo adaptativo,Master não competitivo — desenvolvimento,Velocidade alática,Força técnica de apoio + A2,,A2|A1,Livre/Crawl|Costas,Palmar pequeno,Scull|Braçadas|Respiração|Sensibilidade,PSE 5,7,READY_WHOLE|BLOCKS_EXACT,YES,age=Master;profile=Master não competitivo — desenvolvimento;type=Velocidade alática;zones=A2|A1;styles=Livre/Crawl|Costas;skills=Scull|Braçadas|Respiração|Sensibilidade,"Sessão e blocos normalizados: pode usar integralmente ou recombinar blocos preservando objetivo, zona dominante, perfil, fase e regras RKF.",RKF_V5.0
RKF-MAST-DEV-052,Paraquedas pequeno + nado limpo,1600,1600,0,OK — EXATO,Master_Desenv_A2_VALAT,53,Master,Master / objetivo e custo adaptativo,Master não competitivo — desenvolvimento,Velocidade alática,Força resistida curta + transferência,,A2|A1,Livre/Crawl|Costas,Paraquedas,Scull|Respiração|Coordenação|Sensibilidade,PSE 5–6,7,READY_WHOLE|BLOCKS_EXACT,YES,age=Master;profile=Master não competitivo — desenvolvimento;type=Velocidade alática;zones=A2|A1;styles=Livre/Crawl|Costas;skills=Scull|Respiração|Coordenação|Sensibilidade,"Sessão e blocos normalizados: pode usar integralmente ou recombinar blocos preservando objetivo, zona dominante, perfil, fase e regras RKF.",RKF_V5.0
RKF-MAST-DEV-053,Palmar médio + A2,1800,1800,0,OK — EXATO,Master_Desenv_A2_VALAT,54,Master,Master / objetivo e custo adaptativo,Master não competitivo — desenvolvimento,Velocidade alática,Força aeróbia controlada,,A2|A1,Livre/Crawl|Costas,Palmar médio,Scull|Sensibilidade,PSE 5,7,READY_WHOLE|BLOCKS_EXACT,YES,age=Master;profile=Master não competitivo — desenvolvimento;type=Velocidade alática;zones=A2|A1;styles=Livre/Crawl|Costas;skills=Scull|Sensibilidade,"Sessão e blocos normalizados: pode usar integralmente ou recombinar blocos preservando objetivo, zona dominante, perfil, fase e regras RKF.",RKF_V5.0
RKF-MAST-DEV-054,Pé de pato + palmar + retirada,1800,1800,0,OK — EXATO,Master_Desenv_A2_VALAT,55,Master,Master / objetivo e custo adaptativo,Master não competitivo — desenvolvimento,Velocidade alática,Contraste assistido/resistido + A2,,A2|A1,Livre/Crawl|Costas,Palmar pequeno|Pé de pato,Streamline|Respiração|Perna|Sensibilidade,PSE 5,7,READY_WHOLE|BLOCKS_EXACT,YES,age=Master;profile=Master não competitivo — desenvolvimento;type=Velocidade alática;zones=A2|A1;styles=Livre/Crawl|Costas;skills=Streamline|Respiração|Perna|Sensibilidade,"Sessão e blocos normalizados: pode usar integralmente ou recombinar blocos preservando objetivo, zona dominante, perfil, fase e regras RKF.",RKF_V5.0
RKF-MAST-DEV-055,Força de perna + transferência,1700,1700,0,OK — EXATO,Master_Desenv_A2_VALAT,56,Master,Master / objetivo e custo adaptativo,Master não competitivo — desenvolvimento,Velocidade alática,Perna A2 + suporte corporal,,A2|A1,Livre/Crawl|Costas,Pé de pato,Respiração|Perna,PSE 5–6,7,READY_WHOLE|BLOCKS_EXACT,YES,age=Master;profile=Master não competitivo — desenvolvimento;type=Velocidade alática;zones=A2|A1;styles=Livre/Crawl|Costas;skills=Respiração|Perna,"Sessão e blocos normalizados: pode usar integralmente ou recombinar blocos preservando objetivo, zona dominante, perfil, fase e regras RKF.",RKF_V5.0
RKF-MAST-DEV-056,Contraste resistido → livre,1600,1600,0,OK — EXATO,Master_Desenv_A2_VALAT,57,Master,Master / objetivo e custo adaptativo,Master não competitivo — desenvolvimento,Velocidade alática,Resistência curta + aceleração limpa,,A2|A1,Livre/Crawl|Costas,Paraquedas,Scull|Respiração|Sensibilidade,PSE 5–6,7,READY_WHOLE|BLOCKS_EXACT,YES,age=Master;profile=Master não competitivo — desenvolvimento;type=Velocidade alática;zones=A2|A1;styles=Livre/Crawl|Costas;skills=Scull|Respiração|Sensibilidade,"Sessão e blocos normalizados: pode usar integralmente ou recombinar blocos preservando objetivo, zona dominante, perfil, fase e regras RKF.",RKF_V5.0
RKF-MAST-DEV-057,Braço A2 com palmar pequeno/médio,1900,1900,0,OK — EXATO,Master_Desenv_A2_VALAT,58,Master,Master / objetivo e custo adaptativo,Master não competitivo — desenvolvimento,Velocidade alática,Força aeróbia de braço + transferência,,A2|A1,Livre/Crawl|Costas,Palmar pequeno|Palmar médio,Scull|Braçadas|Sensibilidade,PSE 5–6,7,READY_WHOLE|BLOCKS_EXACT,YES,age=Master;profile=Master não competitivo — desenvolvimento;type=Velocidade alática;zones=A2|A1;styles=Livre/Crawl|Costas;skills=Scull|Braçadas|Sensibilidade,"Sessão e blocos normalizados: pode usar integralmente ou recombinar blocos preservando objetivo, zona dominante, perfil, fase e regras RKF.",RKF_V5.0
RKF-MAST-DEV-058,Circuito de materiais,1800,1800,0,OK — EXATO,Master_Desenv_A2_VALAT,59,Master,Master / objetivo e custo adaptativo,Master não competitivo — desenvolvimento,Velocidade alática,Sensações de força/assistência + integração,,A2|A1,Livre/Crawl|Costas,Palmar pequeno|Pé de pato,Scull|Respiração|Sensibilidade,PSE 5,7,READY_WHOLE|BLOCKS_EXACT,YES,age=Master;profile=Master não competitivo — desenvolvimento;type=Velocidade alática;zones=A2|A1;styles=Livre/Crawl|Costas;skills=Scull|Respiração|Sensibilidade,"Sessão e blocos normalizados: pode usar integralmente ou recombinar blocos preservando objetivo, zona dominante, perfil, fase e regras RKF.",RKF_V5.0
RKF-MAST-DEV-059,"Força + 12,5 m VALAT",1700,1700,0,OK — EXATO,Master_Desenv_A2_VALAT,60,Master,Master / objetivo e custo adaptativo,Master não competitivo — desenvolvimento,Velocidade alática,Força técnica seguida de velocidade,,VALAT|A2|A1,Livre/Crawl|Costas,Palmar pequeno,Scull|Respiração|Sensibilidade,PSE 5–6,7,READY_WHOLE|BLOCKS_EXACT,YES,age=Master;profile=Master não competitivo — desenvolvimento;type=Velocidade alática;zones=VALAT|A2|A1;styles=Livre/Crawl|Costas;skills=Scull|Respiração|Sensibilidade,"Sessão e blocos normalizados: pode usar integralmente ou recombinar blocos preservando objetivo, zona dominante, perfil, fase e regras RKF.",RKF_V5.0
RKF-MAST-DEV-060,Master multiestímulo,2000,2000,0,OK — EXATO,Master_Desenv_A2_VALAT,61,Master,Master / objetivo e custo adaptativo,Master não competitivo — desenvolvimento,Velocidade alática,Integrar A2 + força + VALAT,,VALAT|A2|A1,Livre/Crawl|Costas,Palmar pequeno,Scull|Braçadas|Respiração|Sensibilidade,PSE 5–6,7,READY_WHOLE|BLOCKS_EXACT,YES,age=Master;profile=Master não competitivo — desenvolvimento;type=Velocidade alática;zones=VALAT|A2|A1;styles=Livre/Crawl|Costas;skills=Scull|Braçadas|Respiração|Sensibilidade,"Sessão e blocos normalizados: pode usar integralmente ou recombinar blocos preservando objetivo, zona dominante, perfil, fase e regras RKF.",RKF_V5.0
RKF-MAST-DEV-061,Perna A2 + aceleração,1700,1700,0,OK — EXATO,Master_Desenv_A2_VALAT,62,Master,Master / objetivo e custo adaptativo,Master não competitivo — desenvolvimento,Velocidade alática,Perna aeróbia + potência curta,,VALAT|A2|A1,Livre/Crawl|Costas,Pé de pato,Respiração|Perna,PSE 5,7,READY_WHOLE|BLOCKS_EXACT,YES,age=Master;profile=Master não competitivo — desenvolvimento;type=Velocidade alática;zones=VALAT|A2|A1;styles=Livre/Crawl|Costas;skills=Respiração|Perna,"Sessão e blocos normalizados: pode usar integralmente ou recombinar blocos preservando objetivo, zona dominante, perfil, fase e regras RKF.",RKF_V5.0
RKF-MAST-DEV-062,Perna em escada,1800,1800,0,OK — EXATO,Master_Desenv_A2_VALAT,63,Master,Master / objetivo e custo adaptativo,Master não competitivo — desenvolvimento,Velocidade alática,Resistência de perna + potência curta,,A3|A2|A1,Livre/Crawl|Costas,Pé de pato,Streamline|Respiração|Perna,PSE 5,7,READY_WHOLE|BLOCKS_EXACT,YES,age=Master;profile=Master não competitivo — desenvolvimento;type=Velocidade alática;zones=A3|A2|A1;styles=Livre/Crawl|Costas;skills=Streamline|Respiração|Perna,"Sessão e blocos normalizados: pode usar integralmente ou recombinar blocos preservando objetivo, zona dominante, perfil, fase e regras RKF.",RKF_V5.0
RKF-MAST-DEV-063,Pé de pato — velocidade corporal,1600,1600,0,OK — EXATO,Master_Desenv_A2_VALAT,64,Master,Master / objetivo e custo adaptativo,Master não competitivo — desenvolvimento,Velocidade alática,Velocidade assistida + transferência,,VALAT|A2|A1,Livre/Crawl|Costas,Pé de pato,Streamline|Breakout|Braçadas|Respiração|Perna,PSE 5,7,READY_WHOLE|BLOCKS_EXACT,YES,age=Master;profile=Master não competitivo — desenvolvimento;type=Velocidade alática;zones=VALAT|A2|A1;styles=Livre/Crawl|Costas;skills=Streamline|Breakout|Braçadas|Respiração|Perna,"Sessão e blocos normalizados: pode usar integralmente ou recombinar blocos preservando objetivo, zona dominante, perfil, fase e regras RKF.",RKF_V5.0
RKF-MAST-DEV-064,Perna forte → nado longo,1800,1800,0,OK — EXATO,Master_Desenv_A2_VALAT,65,Master,Master / objetivo e custo adaptativo,Master não competitivo — desenvolvimento,Velocidade alática,Potência de perna + transferência A2,,A2|A1,Livre/Crawl|Costas,Pé de pato,Braçadas|Perna,PSE 5–6,7,READY_WHOLE|BLOCKS_EXACT,YES,age=Master;profile=Master não competitivo — desenvolvimento;type=Velocidade alática;zones=A2|A1;styles=Livre/Crawl|Costas;skills=Braçadas|Perna,"Sessão e blocos normalizados: pode usar integralmente ou recombinar blocos preservando objetivo, zona dominante, perfil, fase e regras RKF.",RKF_V5.0
RKF-MAST-DEV-065,Perna 25/50/75,1700,1700,0,OK — EXATO,Master_Desenv_A2_VALAT,66,Master,Master / objetivo e custo adaptativo,Master não competitivo — desenvolvimento,Velocidade alática,Variação de distância de perna + VALAT,,VALAT|A2|A1,Livre/Crawl|Costas,Pé de pato,Streamline|Respiração|Perna,PSE 5,7,READY_WHOLE|BLOCKS_EXACT,YES,age=Master;profile=Master não competitivo — desenvolvimento;type=Velocidade alática;zones=VALAT|A2|A1;styles=Livre/Crawl|Costas;skills=Streamline|Respiração|Perna,"Sessão e blocos normalizados: pode usar integralmente ou recombinar blocos preservando objetivo, zona dominante, perfil, fase e regras RKF.",RKF_V5.0
RKF-MAST-DEV-066,Perna de costas + crawl,1600,1600,0,OK — EXATO,Master_Desenv_A2_VALAT,67,Master,Master / objetivo e custo adaptativo,Master não competitivo — desenvolvimento,Velocidade alática,Posição corporal + suporte de perna,,A2|A1,Livre/Crawl|Costas,,Streamline|Respiração|Perna|Sensibilidade,PSE 4–5,7,READY_WHOLE|BLOCKS_EXACT,YES,age=Master;profile=Master não competitivo — desenvolvimento;type=Velocidade alática;zones=A2|A1;styles=Livre/Crawl|Costas;skills=Streamline|Respiração|Perna|Sensibilidade,"Sessão e blocos normalizados: pode usar integralmente ou recombinar blocos preservando objetivo, zona dominante, perfil, fase e regras RKF.",RKF_V5.0
RKF-MAST-DEV-067,Potência curta de perna,1700,1700,0,OK — EXATO,Master_Desenv_A2_VALAT,68,Master,Master / objetivo e custo adaptativo,Master não competitivo — desenvolvimento,Velocidade alática,Potência neuromuscular de perna + A2,,VALAT|A2|A1,Livre/Crawl|Costas,Pé de pato,Streamline|Perna|Coordenação,PSE 5,7,READY_WHOLE|BLOCKS_EXACT,YES,age=Master;profile=Master não competitivo — desenvolvimento;type=Velocidade alática;zones=VALAT|A2|A1;styles=Livre/Crawl|Costas;skills=Streamline|Perna|Coordenação,"Sessão e blocos normalizados: pode usar integralmente ou recombinar blocos preservando objetivo, zona dominante, perfil, fase e regras RKF.",RKF_V5.0
RKF-MAST-DEV-068,Perna + frequência,1800,1800,0,OK — EXATO,Master_Desenv_A2_VALAT,69,Master,Master / objetivo e custo adaptativo,Master não competitivo — desenvolvimento,Velocidade alática,Perna A2 + aceleração curta integrada,,VALAT|A2|A1,Livre/Crawl|Costas,Pé de pato,Respiração|Perna,PSE 5,7,READY_WHOLE|BLOCKS_EXACT,YES,age=Master;profile=Master não competitivo — desenvolvimento;type=Velocidade alática;zones=VALAT|A2|A1;styles=Livre/Crawl|Costas;skills=Respiração|Perna,"Sessão e blocos normalizados: pode usar integralmente ou recombinar blocos preservando objetivo, zona dominante, perfil, fase e regras RKF.",RKF_V5.0
RKF-MAST-DEV-069,Perna com prancha × sem prancha,1600,1600,0,OK — EXATO,Master_Desenv_A2_VALAT,70,Master,Master / objetivo e custo adaptativo,Master não competitivo — desenvolvimento,Velocidade alática,Comparar posição corporal de perna,,A2|A1,Livre/Crawl|Costas,Prancha,Respiração|Perna,PSE 4–5,7,READY_WHOLE|BLOCKS_EXACT,YES,age=Master;profile=Master não competitivo — desenvolvimento;type=Velocidade alática;zones=A2|A1;styles=Livre/Crawl|Costas;skills=Respiração|Perna,"Sessão e blocos normalizados: pode usar integralmente ou recombinar blocos preservando objetivo, zona dominante, perfil, fase e regras RKF.",RKF_V5.0
RKF-MAST-DEV-070,Circuito perna + potência,2000,2000,0,OK — EXATO,Master_Desenv_A2_VALAT,71,Master,Master / objetivo e custo adaptativo,Master não competitivo — desenvolvimento,Velocidade alática,Integrar perna A2 + potência curta,,VALAT|A2|A1,Livre/Crawl|Costas,Pé de pato,Streamline|Perna,PSE 5–6,7,READY_WHOLE|BLOCKS_EXACT,YES,age=Master;profile=Master não competitivo — desenvolvimento;type=Velocidade alática;zones=VALAT|A2|A1;styles=Livre/Crawl|Costas;skills=Streamline|Perna,"Sessão e blocos normalizados: pode usar integralmente ou recombinar blocos preservando objetivo, zona dominante, perfil, fase e regras RKF.",RKF_V5.0
RKF-MAST-DEV-071,Paraquedas pequeno → frequência,1600,1600,0,OK — EXATO,Master_Desenv_A2_VALAT,72,Master,Master / objetivo e custo adaptativo,Master não competitivo — desenvolvimento,Velocidade alática,Força resistida curta + frequência,,A2|A1,Livre/Crawl|Costas,Paraquedas,Scull|Respiração|Coordenação|Sensibilidade,PSE 5–6,7,READY_WHOLE|BLOCKS_EXACT,YES,age=Master;profile=Master não competitivo — desenvolvimento;type=Velocidade alática;zones=A2|A1;styles=Livre/Crawl|Costas;skills=Scull|Respiração|Coordenação|Sensibilidade,"Sessão e blocos normalizados: pode usar integralmente ou recombinar blocos preservando objetivo, zona dominante, perfil, fase e regras RKF.",RKF_V5.0
RKF-MAST-DEV-072,Palmar médio → nado limpo,1800,1800,0,OK — EXATO,Master_Desenv_A2_VALAT,73,Master,Master / objetivo e custo adaptativo,Master não competitivo — desenvolvimento,Velocidade alática,Força aeróbia + transferência imediata,,A3|A2|A1,Livre/Crawl|Costas,Palmar médio,Scull|Braçadas|Sensibilidade,PSE 5,7,READY_WHOLE|BLOCKS_EXACT,YES,age=Master;profile=Master não competitivo — desenvolvimento;type=Velocidade alática;zones=A3|A2|A1;styles=Livre/Crawl|Costas;skills=Scull|Braçadas|Sensibilidade,"Sessão e blocos normalizados: pode usar integralmente ou recombinar blocos preservando objetivo, zona dominante, perfil, fase e regras RKF.",RKF_V5.0
RKF-MAST-DEV-073,Resistência + assistência,1700,1700,0,OK — EXATO,Master_Desenv_A2_VALAT,74,Master,Master / objetivo e custo adaptativo,Master não competitivo — desenvolvimento,Velocidade alática,Contraste neuromuscular resistência→assistência,,A2|A1,Livre/Crawl|Costas,Pé de pato|Paraquedas,Streamline|Respiração|Perna|Coordenação,PSE 5–6,7,READY_WHOLE|BLOCKS_EXACT,YES,age=Master;profile=Master não competitivo — desenvolvimento;type=Velocidade alática;zones=A2|A1;styles=Livre/Crawl|Costas;skills=Streamline|Respiração|Perna|Coordenação,"Sessão e blocos normalizados: pode usar integralmente ou recombinar blocos preservando objetivo, zona dominante, perfil, fase e regras RKF.",RKF_V5.0
RKF-MAST-DEV-074,Palmar pequeno + VALAT limpo,1600,1600,0,OK — EXATO,Master_Desenv_A2_VALAT,75,Master,Master / objetivo e custo adaptativo,Master não competitivo — desenvolvimento,Velocidade alática,Apoio de força + velocidade sem material,,VALAT|A2|A1,Livre/Crawl|Costas,Palmar pequeno,Scull|Respiração|Sensibilidade,PSE 5–6,7,READY_WHOLE|BLOCKS_EXACT,YES,age=Master;profile=Master não competitivo — desenvolvimento;type=Velocidade alática;zones=VALAT|A2|A1;styles=Livre/Crawl|Costas;skills=Scull|Respiração|Sensibilidade,"Sessão e blocos normalizados: pode usar integralmente ou recombinar blocos preservando objetivo, zona dominante, perfil, fase e regras RKF.",RKF_V5.0
RKF-MAST-DEV-075,Contraste triplo,1800,1800,0,OK — EXATO,Master_Desenv_A2_VALAT,76,Master,Master / objetivo e custo adaptativo,Master não competitivo — desenvolvimento,Velocidade alática,Apoio + posição + nado limpo,,A2|A1,Livre/Crawl|Costas,Palmar pequeno|Pé de pato,Scull|Respiração|Sensibilidade,PSE 5–6,7,READY_WHOLE|BLOCKS_EXACT,YES,age=Master;profile=Master não competitivo — desenvolvimento;type=Velocidade alática;zones=A2|A1;styles=Livre/Crawl|Costas;skills=Scull|Respiração|Sensibilidade,"Sessão e blocos normalizados: pode usar integralmente ou recombinar blocos preservando objetivo, zona dominante, perfil, fase e regras RKF.",RKF_V5.0
RKF-MAST-DEV-076,Paraquedas + transferência A2,1700,1700,0,OK — EXATO,Master_Desenv_A2_VALAT,77,Master,Master / objetivo e custo adaptativo,Master não competitivo — desenvolvimento,Velocidade alática,Resistência curta + A2 técnico,,A2|A1,Livre/Crawl|Costas,Paraquedas,Scull|Sensibilidade,PSE 5–6,7,READY_WHOLE|BLOCKS_EXACT,YES,age=Master;profile=Master não competitivo — desenvolvimento;type=Velocidade alática;zones=A2|A1;styles=Livre/Crawl|Costas;skills=Scull|Sensibilidade,"Sessão e blocos normalizados: pode usar integralmente ou recombinar blocos preservando objetivo, zona dominante, perfil, fase e regras RKF.",RKF_V5.0
RKF-MAST-DEV-077,Força de apoio + continuidade,1900,1900,0,OK — EXATO,Master_Desenv_A2_VALAT,78,Master,Master / objetivo e custo adaptativo,Master não competitivo — desenvolvimento,Velocidade alática,Força aeróbia + A2 contínuo,,A2|A1,Livre/Crawl|Costas,Palmar médio,Scull|Braçadas|Sensibilidade,PSE 5–6,7,READY_WHOLE|BLOCKS_EXACT,YES,age=Master;profile=Master não competitivo — desenvolvimento;type=Velocidade alática;zones=A2|A1;styles=Livre/Crawl|Costas;skills=Scull|Braçadas|Sensibilidade,"Sessão e blocos normalizados: pode usar integralmente ou recombinar blocos preservando objetivo, zona dominante, perfil, fase e regras RKF.",RKF_V5.0
RKF-MAST-DEV-078,Força + aceleração 10 m,1600,1600,0,OK — EXATO,Master_Desenv_A2_VALAT,79,Master,Master / objetivo e custo adaptativo,Master não competitivo — desenvolvimento,Velocidade alática,Força curta + velocidade de transferência,,VALAT|A2|A1,Livre/Crawl|Costas,Palmar pequeno,Scull|Respiração|Sensibilidade,PSE 5–6,7,READY_WHOLE|BLOCKS_EXACT,YES,age=Master;profile=Master não competitivo — desenvolvimento;type=Velocidade alática;zones=VALAT|A2|A1;styles=Livre/Crawl|Costas;skills=Scull|Respiração|Sensibilidade,"Sessão e blocos normalizados: pode usar integralmente ou recombinar blocos preservando objetivo, zona dominante, perfil, fase e regras RKF.",RKF_V5.0
RKF-MAST-DEV-079,Circuito de força Master,1800,1800,0,OK — EXATO,Master_Desenv_A2_VALAT,80,Master,Master / objetivo e custo adaptativo,Master não competitivo — desenvolvimento,Velocidade alática,Força técnica multilateral + A2,,A2|A1,Livre/Crawl|Costas,Palmar pequeno|Pé de pato,Scull|Respiração|Sensibilidade,PSE 5,7,READY_WHOLE|BLOCKS_EXACT,YES,age=Master;profile=Master não competitivo — desenvolvimento;type=Velocidade alática;zones=A2|A1;styles=Livre/Crawl|Costas;skills=Scull|Respiração|Sensibilidade,"Sessão e blocos normalizados: pode usar integralmente ou recombinar blocos preservando objetivo, zona dominante, perfil, fase e regras RKF.",RKF_V5.0
RKF-MAST-DEV-080,Integração força + VALAT + A2,2000,2000,0,OK — EXATO,Master_Desenv_A2_VALAT,81,Master,Master / objetivo e custo adaptativo,Master não competitivo — desenvolvimento,Velocidade alática,"Integrar força, velocidade e organização aeróbia",,VALAT|A2|A1,Livre/Crawl|Costas,Palmar pequeno,Scull|Respiração|Sensibilidade,PSE 5–6,7,READY_WHOLE|BLOCKS_EXACT,YES,age=Master;profile=Master não competitivo — desenvolvimento;type=Velocidade alática;zones=VALAT|A2|A1;styles=Livre/Crawl|Costas;skills=Scull|Respiração|Sensibilidade,"Sessão e blocos normalizados: pode usar integralmente ou recombinar blocos preservando objetivo, zona dominante, perfil, fase e regras RKF.",RKF_V5.0
RKF-MAST-CH-001,Relógio Suíço,1800,1800,0,OK — EXATO,Treinos_Master_Desafios_RKF,2,Master,Master / objetivo e custo adaptativo,Master — desafio,Aeróbio,Consistência de ritmo A2,,A2|A1,Livre/Crawl|Costas,,Scull|Braçadas|Respiração|Sensibilidade,PSE 5,7,READY_WHOLE|BLOCKS_EXACT,YES,age=Master;profile=Master — desafio;type=Aeróbio;zones=A2|A1;styles=Livre/Crawl|Costas;skills=Scull|Braçadas|Respiração|Sensibilidade,"Sessão e blocos normalizados: pode usar integralmente ou recombinar blocos preservando objetivo, zona dominante, perfil, fase e regras RKF.",RKF_V5.0
RKF-MAST-CH-002,1.000 metros de precisão,1800,1800,0,OK — EXATO,Treinos_Master_Desafios_RKF,3,Master,Master / objetivo e custo adaptativo,Master — desafio,Misto,Percepção de ritmo em esforço contínuo,,A2|A1,Livre/Crawl|Costas,,Braçadas|Respiração|Sensibilidade,PSE 5,7,READY_WHOLE|BLOCKS_EXACT,YES,age=Master;profile=Master — desafio;type=Misto;zones=A2|A1;styles=Livre/Crawl|Costas;skills=Braçadas|Respiração|Sensibilidade,"Sessão e blocos normalizados: pode usar integralmente ou recombinar blocos preservando objetivo, zona dominante, perfil, fase e regras RKF.",RKF_V5.0
RKF-MAST-CH-003,Menos braçadas,1600,1600,0,OK — EXATO,Treinos_Master_Desafios_RKF,4,Master,Master / objetivo e custo adaptativo,Master — desafio,Aeróbio,Eficiência mecânica em A2,,A2|A1,Livre/Crawl|Costas,,Scull|Braçadas|Sensibilidade,PSE 4–5,7,READY_WHOLE|BLOCKS_EXACT,YES,age=Master;profile=Master — desafio;type=Aeróbio;zones=A2|A1;styles=Livre/Crawl|Costas;skills=Scull|Braçadas|Sensibilidade,"Sessão e blocos normalizados: pode usar integralmente ou recombinar blocos preservando objetivo, zona dominante, perfil, fase e regras RKF.",RKF_V5.0
RKF-MAST-CH-004,Negative split,1800,1800,0,OK — EXATO,Treinos_Master_Desafios_RKF,5,Master,Master / objetivo e custo adaptativo,Master — desafio,Aeróbio,Distribuição progressiva em A2,,A3|A2|A1,Livre/Crawl|Costas,,Sensibilidade,PSE 5,7,READY_WHOLE|BLOCKS_EXACT,YES,age=Master;profile=Master — desafio;type=Aeróbio;zones=A3|A2|A1;styles=Livre/Crawl|Costas;skills=Sensibilidade,"Sessão e blocos normalizados: pode usar integralmente ou recombinar blocos preservando objetivo, zona dominante, perfil, fase e regras RKF.",RKF_V5.0
RKF-MAST-CH-005,Escada sem quebrar,2000,2000,0,OK — EXATO,Treinos_Master_Desafios_RKF,6,Master,Master / objetivo e custo adaptativo,Master — desafio,Técnica/Fundamentos,Sustentação técnica com aumento de distância,,A2|A1,Livre/Crawl|Costas,,Scull|Respiração|Sensibilidade,PSE 5–6,7,READY_WHOLE|BLOCKS_EXACT,YES,age=Master;profile=Master — desafio;type=Técnica/Fundamentos;zones=A2|A1;styles=Livre/Crawl|Costas;skills=Scull|Respiração|Sensibilidade,"Sessão e blocos normalizados: pode usar integralmente ou recombinar blocos preservando objetivo, zona dominante, perfil, fase e regras RKF.",RKF_V5.0
RKF-MAST-CH-006,GOLF RKF,1600,1600,0,OK — EXATO,Treinos_Master_Desafios_RKF,7,Master,Master / objetivo e custo adaptativo,Master — desafio,Misto,Eficiência tempo + braçadas,,A2|A1,Livre/Crawl|Costas,,Scull|Braçadas,PSE 4–5,7,READY_WHOLE|BLOCKS_EXACT,YES,age=Master;profile=Master — desafio;type=Misto;zones=A2|A1;styles=Livre/Crawl|Costas;skills=Scull|Braçadas,"Sessão e blocos normalizados: pode usar integralmente ou recombinar blocos preservando objetivo, zona dominante, perfil, fase e regras RKF.",RKF_V5.0
RKF-MAST-CH-007,Sem relógio,1700,1700,0,OK — EXATO,Treinos_Master_Desafios_RKF,8,Master,Master / objetivo e custo adaptativo,Master — desafio,Misto,Percepção interna de ritmo,,A2|A1,Livre/Crawl|Costas,,Scull|Respiração,PSE 4–5,7,READY_WHOLE|BLOCKS_EXACT,YES,age=Master;profile=Master — desafio;type=Misto;zones=A2|A1;styles=Livre/Crawl|Costas;skills=Scull|Respiração,"Sessão e blocos normalizados: pode usar integralmente ou recombinar blocos preservando objetivo, zona dominante, perfil, fase e regras RKF.",RKF_V5.0
RKF-MAST-CH-008,20×50 perfeitos,1800,1800,0,OK — EXATO,Treinos_Master_Desafios_RKF,9,Master,Master / objetivo e custo adaptativo,Master — desafio,Técnica/Fundamentos,Qualidade técnica sob repetição,,A2|A1,Livre/Crawl|Costas,,Respiração|Sensibilidade,PSE 5,7,READY_WHOLE|BLOCKS_EXACT,YES,age=Master;profile=Master — desafio;type=Técnica/Fundamentos;zones=A2|A1;styles=Livre/Crawl|Costas;skills=Respiração|Sensibilidade,"Sessão e blocos normalizados: pode usar integralmente ou recombinar blocos preservando objetivo, zona dominante, perfil, fase e regras RKF.",RKF_V5.0
RKF-MAST-CH-009,800 progressivo,1600,1600,0,OK — EXATO,Treinos_Master_Desafios_RKF,10,Master,Master / objetivo e custo adaptativo,Master — desafio,Aeróbio,Progressão contínua A1→A2,,A3|A2|A1,Livre/Crawl|Costas,,Scull|Sensibilidade,PSE 5,7,READY_WHOLE|BLOCKS_EXACT,YES,age=Master;profile=Master — desafio;type=Aeróbio;zones=A3|A2|A1;styles=Livre/Crawl|Costas;skills=Scull|Sensibilidade,"Sessão e blocos normalizados: pode usar integralmente ou recombinar blocos preservando objetivo, zona dominante, perfil, fase e regras RKF.",RKF_V5.0
RKF-MAST-CH-010,10×100 inteligentes,1800,1800,0,OK — EXATO,Treinos_Master_Desafios_RKF,11,Master,Master / objetivo e custo adaptativo,Master — desafio,Aeróbio,Distribuição de esforço A2,,A2|A1,Livre/Crawl|Costas,,Scull|Sensibilidade,PSE 5,7,READY_WHOLE|BLOCKS_EXACT,YES,age=Master;profile=Master — desafio;type=Aeróbio;zones=A2|A1;styles=Livre/Crawl|Costas;skills=Scull|Sensibilidade,"Sessão e blocos normalizados: pode usar integralmente ou recombinar blocos preservando objetivo, zona dominante, perfil, fase e regras RKF.",RKF_V5.0
RKF-MAST-CH-011,Rei do apoio,1700,1700,0,OK — EXATO,Treinos_Master_Desafios_RKF,12,Master,Master / objetivo e custo adaptativo,Master — desafio,Misto,Transferência do apoio com palmar,,A2|A1,Livre/Crawl|Costas,Palmar pequeno|Pull buoy,Scull|Braçadas|Sensibilidade,PSE 5,7,READY_WHOLE|BLOCKS_EXACT,YES,age=Master;profile=Master — desafio;type=Misto;zones=A2|A1;styles=Livre/Crawl|Costas;skills=Scull|Braçadas|Sensibilidade,"Sessão e blocos normalizados: pode usar integralmente ou recombinar blocos preservando objetivo, zona dominante, perfil, fase e regras RKF.",RKF_V5.0
RKF-MAST-CH-012,Perna que não morre,1600,1600,0,OK — EXATO,Treinos_Master_Desafios_RKF,13,Master,Master / objetivo e custo adaptativo,Master — desafio,Aeróbio,Consistência de perna A2,,A2|A1,Livre/Crawl|Costas,Prancha,Streamline|Perna,PSE 5–6,7,READY_WHOLE|BLOCKS_EXACT,YES,age=Master;profile=Master — desafio;type=Aeróbio;zones=A2|A1;styles=Livre/Crawl|Costas;skills=Streamline|Perna,"Sessão e blocos normalizados: pode usar integralmente ou recombinar blocos preservando objetivo, zona dominante, perfil, fase e regras RKF.",RKF_V5.0
RKF-MAST-CH-013,"12,5 metros de fogo",1500,1500,0,OK — EXATO,Treinos_Master_Desafios_RKF,14,Master,Master / objetivo e custo adaptativo,Master — desafio,Misto,VALAT com repetibilidade,,VALAT|A1,Livre/Crawl|Costas,,Braçadas|Coordenação,PSE 5,7,READY_WHOLE|BLOCKS_EXACT,YES,age=Master;profile=Master — desafio;type=Misto;zones=VALAT|A1;styles=Livre/Crawl|Costas;skills=Braçadas|Coordenação,"Sessão e blocos normalizados: pode usar integralmente ou recombinar blocos preservando objetivo, zona dominante, perfil, fase e regras RKF.",RKF_V5.0
RKF-MAST-CH-014,Pé de pato turbo,1600,1600,0,OK — EXATO,Treinos_Master_Desafios_RKF,15,Master,Master / objetivo e custo adaptativo,Master — desafio,Velocidade,Velocidade assistida + transferência,,VALAT|A2|A1,Livre/Crawl|Costas,Pé de pato,Streamline|Perna|Coordenação,PSE 5,7,READY_WHOLE|BLOCKS_EXACT,YES,age=Master;profile=Master — desafio;type=Velocidade;zones=VALAT|A2|A1;styles=Livre/Crawl|Costas;skills=Streamline|Perna|Coordenação,"Sessão e blocos normalizados: pode usar integralmente ou recombinar blocos preservando objetivo, zona dominante, perfil, fase e regras RKF.",RKF_V5.0
RKF-MAST-CH-015,Paraquedas → liberdade,1600,1600,0,OK — EXATO,Treinos_Master_Desafios_RKF,16,Master,Master / objetivo e custo adaptativo,Master — desafio,Misto,Contraste resistência→aceleração,,A2|A1,Livre/Crawl|Costas,Paraquedas,Scull|Braçadas|Sensibilidade,PSE 5–6,7,READY_WHOLE|BLOCKS_EXACT,YES,age=Master;profile=Master — desafio;type=Misto;zones=A2|A1;styles=Livre/Crawl|Costas;skills=Scull|Braçadas|Sensibilidade,"Sessão e blocos normalizados: pode usar integralmente ou recombinar blocos preservando objetivo, zona dominante, perfil, fase e regras RKF.",RKF_V5.0
RKF-MAST-CH-016,Braço de ferro técnico,1800,1800,0,OK — EXATO,Treinos_Master_Desafios_RKF,17,Master,Master / objetivo e custo adaptativo,Master — desafio,Técnica/Fundamentos,Força aeróbia com técnica preservada,,A2|A1,Livre/Crawl|Costas,Palmar médio|Pull buoy,Scull|Sensibilidade,PSE 5–6,7,READY_WHOLE|BLOCKS_EXACT,YES,age=Master;profile=Master — desafio;type=Técnica/Fundamentos;zones=A2|A1;styles=Livre/Crawl|Costas;skills=Scull|Sensibilidade,"Sessão e blocos normalizados: pode usar integralmente ou recombinar blocos preservando objetivo, zona dominante, perfil, fase e regras RKF.",RKF_V5.0
RKF-MAST-CH-017,"Perseguição 12,5",1600,1600,0,OK — EXATO,Treinos_Master_Desafios_RKF,18,Master,Master / objetivo e custo adaptativo,Master — desafio,Misto,Reação e aceleração lúdica,,A1,Livre/Crawl|Costas,,Coordenação,PSE 5,7,READY_WHOLE|BLOCKS_EXACT,YES,age=Master;profile=Master — desafio;type=Misto;zones=A1;styles=Livre/Crawl|Costas;skills=Coordenação,"Sessão e blocos normalizados: pode usar integralmente ou recombinar blocos preservando objetivo, zona dominante, perfil, fase e regras RKF.",RKF_V5.0
RKF-MAST-CH-018,Contraste triplo,1800,1800,0,OK — EXATO,Treinos_Master_Desafios_RKF,19,Master,Master / objetivo e custo adaptativo,Master — desafio,Misto,Resistência + assistência + integração,,A2|A1,Livre/Crawl|Costas,Palmar pequeno|Pé de pato,Sensibilidade,PSE 5–6,7,READY_WHOLE|BLOCKS_EXACT,YES,age=Master;profile=Master — desafio;type=Misto;zones=A2|A1;styles=Livre/Crawl|Costas;skills=Sensibilidade,"Sessão e blocos normalizados: pode usar integralmente ou recombinar blocos preservando objetivo, zona dominante, perfil, fase e regras RKF.",RKF_V5.0
RKF-MAST-CH-019,8 acelerações perfeitas,1500,1500,0,OK — EXATO,Treinos_Master_Desafios_RKF,20,Master,Master / objetivo e custo adaptativo,Master — desafio,Técnica/Fundamentos,Qualidade técnica em aceleração,,A2|A1,Livre/Crawl|Costas,,Braçadas|Coordenação|Sensibilidade,PSE 4–5,7,READY_WHOLE|BLOCKS_EXACT,YES,age=Master;profile=Master — desafio;type=Técnica/Fundamentos;zones=A2|A1;styles=Livre/Crawl|Costas;skills=Braçadas|Coordenação|Sensibilidade,"Sessão e blocos normalizados: pode usar integralmente ou recombinar blocos preservando objetivo, zona dominante, perfil, fase e regras RKF.",RKF_V5.0
RKF-MAST-CH-020,Circuito Power Master,2000,2000,0,OK — EXATO,Treinos_Master_Desafios_RKF,21,Master,Master / objetivo e custo adaptativo,Master — desafio,Aeróbio,Integração força + VALAT + A2,,VALAT|A2|A1,Livre/Crawl|Costas,Palmar pequeno|Pull buoy,Scull|Sensibilidade,PSE 5–6,7,READY_WHOLE|BLOCKS_EXACT,YES,age=Master;profile=Master — desafio;type=Aeróbio;zones=VALAT|A2|A1;styles=Livre/Crawl|Costas;skills=Scull|Sensibilidade,"Sessão e blocos normalizados: pode usar integralmente ou recombinar blocos preservando objetivo, zona dominante, perfil, fase e regras RKF.",RKF_V5.0
RKF-MAST-CH-021,1.500 contínuo inteligente,2000,2000,0,OK — EXATO,Treinos_Master_Desafios_RKF,22,Master,Master / objetivo e custo adaptativo,Master — desafio,Misto,Estratégia em nado contínuo longo,,A2|A1,Livre/Crawl|Costas,,Scull|Sensibilidade,PSE 5–6,7,READY_WHOLE|BLOCKS_EXACT,YES,age=Master;profile=Master — desafio;type=Misto;zones=A2|A1;styles=Livre/Crawl|Costas;skills=Scull|Sensibilidade,"Sessão e blocos normalizados: pode usar integralmente ou recombinar blocos preservando objetivo, zona dominante, perfil, fase e regras RKF.",RKF_V5.0
RKF-MAST-CH-022,30×50,2000,2000,0,OK — EXATO,Treinos_Master_Desafios_RKF,23,Master,Master / objetivo e custo adaptativo,Master — desafio,Misto,Consistência em alta repetição,,A2|A1,Livre/Crawl|Costas,,Scull|Braçadas|Sensibilidade,PSE 5,7,READY_WHOLE|BLOCKS_EXACT,YES,age=Master;profile=Master — desafio;type=Misto;zones=A2|A1;styles=Livre/Crawl|Costas;skills=Scull|Braçadas|Sensibilidade,"Sessão e blocos normalizados: pode usar integralmente ou recombinar blocos preservando objetivo, zona dominante, perfil, fase e regras RKF.",RKF_V5.0
RKF-MAST-CH-023,400 + 300 + 200 + 100,1600,1600,0,OK — EXATO,Treinos_Master_Desafios_RKF,24,Master,Master / objetivo e custo adaptativo,Master — desafio,Misto,Progressão por redução de distância,,A2|A1,Livre/Crawl|Costas,,Scull|Sensibilidade,PSE 5–6,7,READY_WHOLE|BLOCKS_EXACT,YES,age=Master;profile=Master — desafio;type=Misto;zones=A2|A1;styles=Livre/Crawl|Costas;skills=Scull|Sensibilidade,"Sessão e blocos normalizados: pode usar integralmente ou recombinar blocos preservando objetivo, zona dominante, perfil, fase e regras RKF.",RKF_V5.0
RKF-MAST-CH-024,100 braçadas perfeitas,1500,1500,0,OK — EXATO,Treinos_Master_Desafios_RKF,25,Master,Master / objetivo e custo adaptativo,Master — desafio,Técnica/Fundamentos,Atenção técnica consciente,,A2|A1,Livre/Crawl|Costas,,Scull|Braçadas|Sensibilidade,PSE 4,7,READY_WHOLE|BLOCKS_EXACT,YES,age=Master;profile=Master — desafio;type=Técnica/Fundamentos;zones=A2|A1;styles=Livre/Crawl|Costas;skills=Scull|Braçadas|Sensibilidade,"Sessão e blocos normalizados: pode usar integralmente ou recombinar blocos preservando objetivo, zona dominante, perfil, fase e regras RKF.",RKF_V5.0
RKF-MAST-CH-025,1.000 pull controlado,1600,1600,0,OK — EXATO,Treinos_Master_Desafios_RKF,26,Master,Master / objetivo e custo adaptativo,Master — desafio,Misto,Força aeróbia contínua de braço,,A2|A1,Livre/Crawl|Costas,Palmar pequeno|Pull buoy,Scull|Braçadas,PSE 5–6,7,READY_WHOLE|BLOCKS_EXACT,YES,age=Master;profile=Master — desafio;type=Misto;zones=A2|A1;styles=Livre/Crawl|Costas;skills=Scull|Braçadas,"Sessão e blocos normalizados: pode usar integralmente ou recombinar blocos preservando objetivo, zona dominante, perfil, fase e regras RKF.",RKF_V5.0
RKF-MAST-CH-026,1.000 perna/nado,1700,1700,0,OK — EXATO,Treinos_Master_Desafios_RKF,27,Master,Master / objetivo e custo adaptativo,Master — desafio,Aeróbio,Integração perna + nado A2,,A2|A1,Livre/Crawl|Costas,Pé de pato,Perna,PSE 5–6,7,READY_WHOLE|BLOCKS_EXACT,YES,age=Master;profile=Master — desafio;type=Aeróbio;zones=A2|A1;styles=Livre/Crawl|Costas;skills=Perna,"Sessão e blocos normalizados: pode usar integralmente ou recombinar blocos preservando objetivo, zona dominante, perfil, fase e regras RKF.",RKF_V5.0
RKF-MAST-CH-027,40×25,1500,1500,0,OK — EXATO,Treinos_Master_Desafios_RKF,28,Master,Master / objetivo e custo adaptativo,Master — desafio,Misto,Variedade e atenção em blocos curtos,,A2|A1,Livre/Crawl|Costas,,Scull|Respiração,PSE 4–5,7,READY_WHOLE|BLOCKS_EXACT,YES,age=Master;profile=Master — desafio;type=Misto;zones=A2|A1;styles=Livre/Crawl|Costas;skills=Scull|Respiração,"Sessão e blocos normalizados: pode usar integralmente ou recombinar blocos preservando objetivo, zona dominante, perfil, fase e regras RKF.",RKF_V5.0
RKF-MAST-CH-028,Hora da verdade A2,1800,1800,0,OK — EXATO,Treinos_Master_Desafios_RKF,29,Master,Master / objetivo e custo adaptativo,Master — desafio,Aeróbio,Identificar A2 sustentável real,,A2|A1,Livre/Crawl|Costas,,Braçadas|Respiração|Sensibilidade,PSE 5–6,7,READY_WHOLE|BLOCKS_EXACT,YES,age=Master;profile=Master — desafio;type=Aeróbio;zones=A2|A1;styles=Livre/Crawl|Costas;skills=Braçadas|Respiração|Sensibilidade,"Sessão e blocos normalizados: pode usar integralmente ou recombinar blocos preservando objetivo, zona dominante, perfil, fase e regras RKF.",RKF_V5.0
RKF-MAST-CH-029,Super Circuito RKF,2000,2000,0,OK — EXATO,Treinos_Master_Desafios_RKF,30,Master,Master / objetivo e custo adaptativo,Master — desafio,Técnica/Fundamentos,Integração técnica + força + A2 + VALAT,,VALAT|A2|A1,Livre/Crawl|Costas,Palmar pequeno,Scull|Perna|Sensibilidade,PSE 5–6,7,READY_WHOLE|BLOCKS_EXACT,YES,age=Master;profile=Master — desafio;type=Técnica/Fundamentos;zones=VALAT|A2|A1;styles=Livre/Crawl|Costas;skills=Scull|Perna|Sensibilidade,"Sessão e blocos normalizados: pode usar integralmente ou recombinar blocos preservando objetivo, zona dominante, perfil, fase e regras RKF.",RKF_V5.0
RKF-MAST-CH-030,RKF Master 2K Challenge,2000,2000,0,OK — EXATO,Treinos_Master_Desafios_RKF,31,Master,Master / objetivo e custo adaptativo,Master — desafio,Misto,Desafio final multicomponente,,VALAT|A2|A1,Livre/Crawl|Costas,Palmar pequeno,Scull|Braçadas|Sensibilidade,PSE 5–6,7,READY_WHOLE|BLOCKS_EXACT,YES,age=Master;profile=Master — desafio;type=Misto;zones=VALAT|A2|A1;styles=Livre/Crawl|Costas;skills=Scull|Braçadas|Sensibilidade,"Sessão e blocos normalizados: pode usar integralmente ou recombinar blocos preservando objetivo, zona dominante, perfil, fase e regras RKF.",RKF_V5.0
RKF-MAST-TEC-001,Sentir a Água,1500,1500,0,OK — EXATO,Treinos_Master_Tecnica_RKF,2,Master,Master / objetivo e custo adaptativo,Master — técnica e habilidades,Técnica/Fundamentos,Desenvolver percepção de pressão da mão e antebraço.,,A1,Livre/Crawl|Costas,,Scull|Braçadas|Respiração|Sensibilidade,PSE 3–4,7,READY_WHOLE|BLOCKS_EXACT,YES,age=Master;profile=Master — técnica e habilidades;type=Técnica/Fundamentos;zones=A1;styles=Livre/Crawl|Costas;skills=Scull|Braçadas|Respiração|Sensibilidade,"Sessão e blocos normalizados: pode usar integralmente ou recombinar blocos preservando objetivo, zona dominante, perfil, fase e regras RKF.",RKF_V5.0
RKF-MAST-TEC-002,Mãos Inteligentes,1600,1600,0,OK — EXATO,Treinos_Master_Tecnica_RKF,3,Master,Master / objetivo e custo adaptativo,Master — técnica e habilidades,Técnica/Fundamentos,Explorar diferentes orientações da mão durante o apoio e transferir para o crawl.,,A2|A1,Livre/Crawl|Costas,Palmar pequeno,Scull|Sensibilidade,PSE 3–4,7,READY_WHOLE|BLOCKS_EXACT,YES,age=Master;profile=Master — técnica e habilidades;type=Técnica/Fundamentos;zones=A2|A1;styles=Livre/Crawl|Costas;skills=Scull|Sensibilidade,"Sessão e blocos normalizados: pode usar integralmente ou recombinar blocos preservando objetivo, zona dominante, perfil, fase e regras RKF.",RKF_V5.0
RKF-MAST-TEC-003,Crawl de Punho Fechado,1500,1500,0,OK — EXATO,Treinos_Master_Tecnica_RKF,4,Master,Master / objetivo e custo adaptativo,Master — técnica e habilidades,Técnica/Fundamentos,Aumentar a percepção do antebraço e da superfície efetiva de apoio.,,A1,Livre/Crawl|Costas,,Scull|Braçadas|Sensibilidade,PSE 3–4,7,READY_WHOLE|BLOCKS_EXACT,YES,age=Master;profile=Master — técnica e habilidades;type=Técnica/Fundamentos;zones=A1;styles=Livre/Crawl|Costas;skills=Scull|Braçadas|Sensibilidade,"Sessão e blocos normalizados: pode usar integralmente ou recombinar blocos preservando objetivo, zona dominante, perfil, fase e regras RKF.",RKF_V5.0
RKF-MAST-TEC-004,Equilíbrio Corporal,1600,1600,0,OK — EXATO,Treinos_Master_Tecnica_RKF,5,Master,Master / objetivo e custo adaptativo,Master — técnica e habilidades,Técnica/Fundamentos,"Desenvolver posição horizontal, equilíbrio e consciência do centro de massa.",,A1,Livre/Crawl|Costas,Prancha,Streamline|Perna,PSE 3–4,7,READY_WHOLE|BLOCKS_EXACT,YES,age=Master;profile=Master — técnica e habilidades;type=Técnica/Fundamentos;zones=A1;styles=Livre/Crawl|Costas;skills=Streamline|Perna,"Sessão e blocos normalizados: pode usar integralmente ou recombinar blocos preservando objetivo, zona dominante, perfil, fase e regras RKF.",RKF_V5.0
RKF-MAST-TEC-005,Rotação e Eixo,1700,1700,0,OK — EXATO,Treinos_Master_Tecnica_RKF,6,Master,Master / objetivo e custo adaptativo,Master — técnica e habilidades,Técnica/Fundamentos,Organizar a rotação corporal em torno do eixo sem cruzamentos laterais.,,A1,Livre/Crawl|Costas,,Braçadas|Perna|Coordenação,PSE 3–4,7,READY_WHOLE|BLOCKS_EXACT,YES,age=Master;profile=Master — técnica e habilidades;type=Técnica/Fundamentos;zones=A1;styles=Livre/Crawl|Costas;skills=Braçadas|Perna|Coordenação,"Sessão e blocos normalizados: pode usar integralmente ou recombinar blocos preservando objetivo, zona dominante, perfil, fase e regras RKF.",RKF_V5.0
RKF-MAST-TEC-006,Cotovelo e Recuperação,1500,1500,0,OK — EXATO,Treinos_Master_Tecnica_RKF,7,Master,Master / objetivo e custo adaptativo,Master — técnica e habilidades,Técnica/Fundamentos,Relaxar a recuperação aérea e melhorar a entrada da mão.,,A1,Livre/Crawl|Costas,,,PSE 3–4,7,READY_WHOLE|BLOCKS_EXACT,YES,age=Master;profile=Master — técnica e habilidades;type=Técnica/Fundamentos;zones=A1;styles=Livre/Crawl|Costas;skills=NA,"Sessão e blocos normalizados: pode usar integralmente ou recombinar blocos preservando objetivo, zona dominante, perfil, fase e regras RKF.",RKF_V5.0
RKF-MAST-TEC-007,Entrada e Alinhamento,1600,1600,0,OK — EXATO,Treinos_Master_Tecnica_RKF,8,Master,Master / objetivo e custo adaptativo,Master — técnica e habilidades,Técnica/Fundamentos,Melhorar entrada da mão e alinhamento com o ombro sem cruzar o eixo.,,A1,Livre/Crawl|Costas,,Braçadas|Respiração,PSE 3–4,7,READY_WHOLE|BLOCKS_EXACT,YES,age=Master;profile=Master — técnica e habilidades;type=Técnica/Fundamentos;zones=A1;styles=Livre/Crawl|Costas;skills=Braçadas|Respiração,"Sessão e blocos normalizados: pode usar integralmente ou recombinar blocos preservando objetivo, zona dominante, perfil, fase e regras RKF.",RKF_V5.0
RKF-MAST-TEC-008,Respiração sem Deformar,1700,1700,0,OK — EXATO,Treinos_Master_Tecnica_RKF,9,Master,Master / objetivo e custo adaptativo,Master — técnica e habilidades,Técnica/Fundamentos,"Respirar com mínima interferência no eixo, rotação e continuidade da braçada.",,A2|A1,Livre/Crawl|Costas,,Braçadas|Respiração|Coordenação,PSE 3–4,7,READY_WHOLE|BLOCKS_EXACT,YES,age=Master;profile=Master — técnica e habilidades;type=Técnica/Fundamentos;zones=A2|A1;styles=Livre/Crawl|Costas;skills=Braçadas|Respiração|Coordenação,"Sessão e blocos normalizados: pode usar integralmente ou recombinar blocos preservando objetivo, zona dominante, perfil, fase e regras RKF.",RKF_V5.0
RKF-MAST-TEC-009,Controle de Braçadas,1600,1600,0,OK — EXATO,Treinos_Master_Tecnica_RKF,10,Master,Master / objetivo e custo adaptativo,Master — técnica e habilidades,Técnica/Fundamentos,Desenvolver consciência do número de braçadas sem criar deslize passivo.,,A2|A1,Livre/Crawl|Costas,,Braçadas,PSE 4,7,READY_WHOLE|BLOCKS_EXACT,YES,age=Master;profile=Master — técnica e habilidades;type=Técnica/Fundamentos;zones=A2|A1;styles=Livre/Crawl|Costas;skills=Braçadas,"Sessão e blocos normalizados: pode usar integralmente ou recombinar blocos preservando objetivo, zona dominante, perfil, fase e regras RKF.",RKF_V5.0
RKF-MAST-TEC-010,Silent Swimming,1500,1500,0,OK — EXATO,Treinos_Master_Tecnica_RKF,11,Master,Master / objetivo e custo adaptativo,Master — técnica e habilidades,Técnica/Fundamentos,Usar o som como feedback para reduzir movimentos desnecessários.,,A1,Livre/Crawl|Costas|Medley,,Respiração|Perna,PSE 3,7,READY_WHOLE|BLOCKS_EXACT,YES,age=Master;profile=Master — técnica e habilidades;type=Técnica/Fundamentos;zones=A1;styles=Livre/Crawl|Costas|Medley;skills=Respiração|Perna,"Sessão e blocos normalizados: pode usar integralmente ou recombinar blocos preservando objetivo, zona dominante, perfil, fase e regras RKF.",RKF_V5.0
RKF-MAST-TEC-011,Propriocepção com Olhos Fechados,1500,1500,0,OK — EXATO,Treinos_Master_Tecnica_RKF,12,Master,Master / objetivo e custo adaptativo,Master — técnica e habilidades,Técnica/Fundamentos,Aumentar percepção corporal e simetria com redução breve da referência visual.,,A1,Livre/Crawl|Costas,,Braçadas|Propriocepção,PSE 3,7,READY_WHOLE|BLOCKS_EXACT,YES,age=Master;profile=Master — técnica e habilidades;type=Técnica/Fundamentos;zones=A1;styles=Livre/Crawl|Costas;skills=Braçadas|Propriocepção,"Sessão e blocos normalizados: pode usar integralmente ou recombinar blocos preservando objetivo, zona dominante, perfil, fase e regras RKF.",RKF_V5.0
RKF-MAST-TEC-012,Domínio de Decúbitos,1600,1600,0,OK — EXATO,Treinos_Master_Tecnica_RKF,13,Master,Master / objetivo e custo adaptativo,Master — técnica e habilidades,Técnica/Fundamentos,"Desenvolver domínio corporal em posições ventral, lateral e dorsal.",,A1,Livre/Crawl|Costas,,Perna,PSE 3–4,7,READY_WHOLE|BLOCKS_EXACT,YES,age=Master;profile=Master — técnica e habilidades;type=Técnica/Fundamentos;zones=A1;styles=Livre/Crawl|Costas;skills=Perna,"Sessão e blocos normalizados: pode usar integralmente ou recombinar blocos preservando objetivo, zona dominante, perfil, fase e regras RKF.",RKF_V5.0
RKF-MAST-TEC-013,Flutuação e Centro de Massa,1500,1500,0,OK — EXATO,Treinos_Master_Tecnica_RKF,14,Master,Master / objetivo e custo adaptativo,Master — técnica e habilidades,Técnica/Fundamentos,"Perceber como cabeça, tórax e quadril alteram a posição corporal na água.",,A1,Livre/Crawl|Costas,Prancha,Streamline|Perna,PSE 2–3,7,READY_WHOLE|BLOCKS_EXACT,YES,age=Master;profile=Master — técnica e habilidades;type=Técnica/Fundamentos;zones=A1;styles=Livre/Crawl|Costas;skills=Streamline|Perna,"Sessão e blocos normalizados: pode usar integralmente ou recombinar blocos preservando objetivo, zona dominante, perfil, fase e regras RKF.",RKF_V5.0
RKF-MAST-TEC-014,Streamline e Deslizamento,1600,1600,0,OK — EXATO,Treinos_Master_Tecnica_RKF,15,Master,Master / objetivo e custo adaptativo,Master — técnica e habilidades,Técnica/Fundamentos,Melhorar streamline e transição da parede para a primeira braçada.,,A1,Livre/Crawl|Costas,,Streamline|Braçadas,PSE 3–4,7,READY_WHOLE|BLOCKS_EXACT,YES,age=Master;profile=Master — técnica e habilidades;type=Técnica/Fundamentos;zones=A1;styles=Livre/Crawl|Costas;skills=Streamline|Braçadas,"Sessão e blocos normalizados: pode usar integralmente ou recombinar blocos preservando objetivo, zona dominante, perfil, fase e regras RKF.",RKF_V5.0
RKF-MAST-TEC-015,Virada como Habilidade,1700,1700,0,OK — EXATO,Treinos_Master_Tecnica_RKF,16,Master,Master / objetivo e custo adaptativo,Master — técnica e habilidades,Técnica/Fundamentos,"Melhorar aproximação, virada e reorganização após a parede.",,A2|A1,Livre/Crawl|Costas,,Virada crawl|Streamline|Braçadas|Coordenação,PSE 3–4,7,READY_WHOLE|BLOCKS_EXACT,YES,age=Master;profile=Master — técnica e habilidades;type=Técnica/Fundamentos;zones=A2|A1;styles=Livre/Crawl|Costas;skills=Virada crawl|Streamline|Braçadas|Coordenação,"Sessão e blocos normalizados: pode usar integralmente ou recombinar blocos preservando objetivo, zona dominante, perfil, fase e regras RKF.",RKF_V5.0
RKF-MAST-TEC-016,Scull 360°,1500,1500,0,OK — EXATO,Treinos_Master_Tecnica_RKF,17,Master,Master / objetivo e custo adaptativo,Master — técnica e habilidades,Técnica/Fundamentos,Ampliar repertório de apoio e controle da mão em diferentes fases da braçada.,,A1,Livre/Crawl|Costas,,Scull|Braçadas|Sensibilidade,PSE 3,7,READY_WHOLE|BLOCKS_EXACT,YES,age=Master;profile=Master — técnica e habilidades;type=Técnica/Fundamentos;zones=A1;styles=Livre/Crawl|Costas;skills=Scull|Braçadas|Sensibilidade,"Sessão e blocos normalizados: pode usar integralmente ou recombinar blocos preservando objetivo, zona dominante, perfil, fase e regras RKF.",RKF_V5.0
RKF-MAST-TEC-017,Palmar como Sensor,1600,1600,0,OK — EXATO,Treinos_Master_Tecnica_RKF,18,Master,Master / objetivo e custo adaptativo,Master — técnica e habilidades,Técnica/Fundamentos,"Usar palmar pequeno como amplificador de sensação, sem objetivo de força máxima.",,A1,Livre/Crawl|Costas,Palmar pequeno,Scull|Sensibilidade,PSE 3–4,7,READY_WHOLE|BLOCKS_EXACT,YES,age=Master;profile=Master — técnica e habilidades;type=Técnica/Fundamentos;zones=A1;styles=Livre/Crawl|Costas;skills=Scull|Sensibilidade,"Sessão e blocos normalizados: pode usar integralmente ou recombinar blocos preservando objetivo, zona dominante, perfil, fase e regras RKF.",RKF_V5.0
RKF-MAST-TEC-018,Pé de Pato como Professor,1700,1700,0,OK — EXATO,Treinos_Master_Tecnica_RKF,19,Master,Master / objetivo e custo adaptativo,Master — técnica e habilidades,Técnica/Fundamentos,Usar pé de pato para ampliar sensação de posição corporal e transferi-la para o nado sem material.,,A1,Livre/Crawl|Costas,Pé de pato,Streamline|Perna,PSE 3–4,7,READY_WHOLE|BLOCKS_EXACT,YES,age=Master;profile=Master — técnica e habilidades;type=Técnica/Fundamentos;zones=A1;styles=Livre/Crawl|Costas;skills=Streamline|Perna,"Sessão e blocos normalizados: pode usar integralmente ou recombinar blocos preservando objetivo, zona dominante, perfil, fase e regras RKF.",RKF_V5.0
RKF-MAST-TEC-019,Coordenação Braço–Perna,1600,1600,0,OK — EXATO,Treinos_Master_Tecnica_RKF,20,Master,Master / objetivo e custo adaptativo,Master — técnica e habilidades,Técnica/Fundamentos,"Organizar o timing entre rotação, braço e perna no crawl.",,A1,Livre/Crawl|Costas,Prancha,Braçadas|Perna|Coordenação|Sensibilidade,PSE 4,7,READY_WHOLE|BLOCKS_EXACT,YES,age=Master;profile=Master — técnica e habilidades;type=Técnica/Fundamentos;zones=A1;styles=Livre/Crawl|Costas;skills=Braçadas|Perna|Coordenação|Sensibilidade,"Sessão e blocos normalizados: pode usar integralmente ou recombinar blocos preservando objetivo, zona dominante, perfil, fase e regras RKF.",RKF_V5.0
RKF-MAST-TEC-020,Mapa do Corpo na Água,1500,1500,0,OK — EXATO,Treinos_Master_Tecnica_RKF,21,Master,Master / objetivo e custo adaptativo,Master — técnica e habilidades,Técnica/Fundamentos,Aumentar consciência de diferentes segmentos corporais durante o nado.,,A1,Livre/Crawl|Costas,,,PSE 3,7,READY_WHOLE|BLOCKS_EXACT,YES,age=Master;profile=Master — técnica e habilidades;type=Técnica/Fundamentos;zones=A1;styles=Livre/Crawl|Costas;skills=NA,"Sessão e blocos normalizados: pode usar integralmente ou recombinar blocos preservando objetivo, zona dominante, perfil, fase e regras RKF.",RKF_V5.0
RKF-MAST-TEC-021,Medley de Habilidades,1800,1800,0,OK — EXATO,Treinos_Master_Tecnica_RKF,22,Master,Master / objetivo e custo adaptativo,Master — técnica e habilidades,Técnica/Fundamentos,Ampliar repertório motor usando diferentes estilos e transferir habilidades entre eles.,,A1,Livre/Crawl|Costas|Peito|Borboleta|Medley,,Sensibilidade,PSE 4,7,READY_WHOLE|BLOCKS_EXACT,YES,age=Master;profile=Master — técnica e habilidades;type=Técnica/Fundamentos;zones=A1;styles=Livre/Crawl|Costas|Peito|Borboleta|Medley;skills=Sensibilidade,"Sessão e blocos normalizados: pode usar integralmente ou recombinar blocos preservando objetivo, zona dominante, perfil, fase e regras RKF.",RKF_V5.0
RKF-MAST-TEC-022,Ondulação e Controle do Tronco,1500,1500,0,OK — EXATO,Treinos_Master_Tecnica_RKF,23,Master,Master / objetivo e custo adaptativo,Master — técnica e habilidades,Técnica/Fundamentos,Desenvolver coordenação ondulatória e controle do tronco sem apneia prolongada.,,A1,Livre/Crawl|Costas|Borboleta,Pé de pato,Respiração|Coordenação,PSE 3–4,7,READY_WHOLE|BLOCKS_EXACT,YES,age=Master;profile=Master — técnica e habilidades;type=Técnica/Fundamentos;zones=A1;styles=Livre/Crawl|Costas|Borboleta;skills=Respiração|Coordenação,"Sessão e blocos normalizados: pode usar integralmente ou recombinar blocos preservando objetivo, zona dominante, perfil, fase e regras RKF.",RKF_V5.0
RKF-MAST-TEC-023,Costas para Melhorar o Crawl,1600,1600,0,OK — EXATO,Treinos_Master_Tecnica_RKF,24,Master,Master / objetivo e custo adaptativo,Master — técnica e habilidades,Técnica/Fundamentos,Usar o costas como referência de eixo e rotação para melhorar o crawl.,,A1,Livre/Crawl|Costas,,,PSE 3–4,7,READY_WHOLE|BLOCKS_EXACT,YES,age=Master;profile=Master — técnica e habilidades;type=Técnica/Fundamentos;zones=A1;styles=Livre/Crawl|Costas;skills=NA,"Sessão e blocos normalizados: pode usar integralmente ou recombinar blocos preservando objetivo, zona dominante, perfil, fase e regras RKF.",RKF_V5.0
RKF-MAST-TEC-024,Peito e Sensação de Apoio,1500,1500,0,OK — EXATO,Treinos_Master_Tecnica_RKF,25,Master,Master / objetivo e custo adaptativo,Master — técnica e habilidades,Técnica/Fundamentos,Usar o peito para ampliar repertório de apoio e percepção da água.,,A1,Livre/Crawl|Costas|Peito,,Scull|Coordenação|Sensibilidade,PSE 3–4,7,READY_WHOLE|BLOCKS_EXACT,YES,age=Master;profile=Master — técnica e habilidades;type=Técnica/Fundamentos;zones=A1;styles=Livre/Crawl|Costas|Peito;skills=Scull|Coordenação|Sensibilidade,"Sessão e blocos normalizados: pode usar integralmente ou recombinar blocos preservando objetivo, zona dominante, perfil, fase e regras RKF.",RKF_V5.0
RKF-MAST-TEC-025,Orientação em Águas Abertas,1700,1700,0,OK — EXATO,Treinos_Master_Tecnica_RKF,26,Master,Master / objetivo e custo adaptativo,Master — técnica e habilidades,Técnica/Fundamentos,Treinar orientação frontal curta sem perder alinhamento e ritmo.,,A2|A1,Livre/Crawl|Costas|Águas abertas,,Braçadas|Respiração|Coordenação,PSE 4,7,READY_WHOLE|BLOCKS_EXACT,YES,age=Master;profile=Master — técnica e habilidades;type=Técnica/Fundamentos;zones=A2|A1;styles=Livre/Crawl|Costas|Águas abertas;skills=Braçadas|Respiração|Coordenação,"Sessão e blocos normalizados: pode usar integralmente ou recombinar blocos preservando objetivo, zona dominante, perfil, fase e regras RKF.",RKF_V5.0
RKF-MAST-TEC-026,Mudança de Direção e Orientação,1500,1500,0,OK — EXATO,Treinos_Master_Tecnica_RKF,27,Master,Master / objetivo e custo adaptativo,Master — técnica e habilidades,Técnica/Fundamentos,Melhorar capacidade de mudar direção e retomar alinhamento com controle.,,A1,Livre/Crawl|Costas,,,PSE 3–4,7,READY_WHOLE|BLOCKS_EXACT,YES,age=Master;profile=Master — técnica e habilidades;type=Técnica/Fundamentos;zones=A1;styles=Livre/Crawl|Costas;skills=NA,"Sessão e blocos normalizados: pode usar integralmente ou recombinar blocos preservando objetivo, zona dominante, perfil, fase e regras RKF.",RKF_V5.0
RKF-MAST-TEC-027,Circuito de Sensibilidade,1800,1800,0,OK — EXATO,Treinos_Master_Tecnica_RKF,28,Master,Master / objetivo e custo adaptativo,Master — técnica e habilidades,Técnica/Fundamentos,Integrar diferentes fontes de feedback sensorial em uma única sessão.,,A1,Livre/Crawl|Costas,Palmar pequeno|Pé de pato,Scull|Sensibilidade,PSE 3–4,7,READY_WHOLE|BLOCKS_EXACT,YES,age=Master;profile=Master — técnica e habilidades;type=Técnica/Fundamentos;zones=A1;styles=Livre/Crawl|Costas;skills=Scull|Sensibilidade,"Sessão e blocos normalizados: pode usar integralmente ou recombinar blocos preservando objetivo, zona dominante, perfil, fase e regras RKF.",RKF_V5.0
RKF-MAST-TEC-028,Circuito Proprioceptivo,1700,1700,0,OK — EXATO,Treinos_Master_Tecnica_RKF,29,Master,Master / objetivo e custo adaptativo,Master — técnica e habilidades,Técnica/Fundamentos,Percorrer diferentes focos proprioceptivos e integrá-los no nado completo.,,A1,Livre/Crawl|Costas,,Respiração|Perna|Propriocepção|Sensibilidade,PSE 3–4,7,READY_WHOLE|BLOCKS_EXACT,YES,age=Master;profile=Master — técnica e habilidades;type=Técnica/Fundamentos;zones=A1;styles=Livre/Crawl|Costas;skills=Respiração|Perna|Propriocepção|Sensibilidade,"Sessão e blocos normalizados: pode usar integralmente ou recombinar blocos preservando objetivo, zona dominante, perfil, fase e regras RKF.",RKF_V5.0
RKF-MAST-TEC-029,Caixa de Ferramentas RKF,1900,1900,0,OK — EXATO,Treinos_Master_Tecnica_RKF,30,Master,Master / objetivo e custo adaptativo,Master — técnica e habilidades,Técnica/Fundamentos,Reunir repertório de educativos e identificar quais melhor corrigem cada nadador.,,A1,Livre/Crawl|Costas,Palmar pequeno|Pé de pato,Scull|Braçadas|Perna|Coordenação|Sensibilidade,PSE 4,7,READY_WHOLE|BLOCKS_EXACT,YES,age=Master;profile=Master — técnica e habilidades;type=Técnica/Fundamentos;zones=A1;styles=Livre/Crawl|Costas;skills=Scull|Braçadas|Perna|Coordenação|Sensibilidade,"Sessão e blocos normalizados: pode usar integralmente ou recombinar blocos preservando objetivo, zona dominante, perfil, fase e regras RKF.",RKF_V5.0
RKF-MAST-TEC-030,RKF Aquatic Skills 2K,2000,2000,0,OK — EXATO,Treinos_Master_Tecnica_RKF,31,Master,Master / objetivo e custo adaptativo,Master — técnica e habilidades,Técnica/Fundamentos,"Integrar sensibilidade, propriocepção, equilíbrio, coordenação e habilidades aquáticas.",,A1,Livre/Crawl|Costas|Águas abertas,Palmar pequeno|Pé de pato,Scull|Braçadas|Respiração|Perna|Coordenação|Propriocepção|Sensibilidade,PSE 4,7,READY_WHOLE|BLOCKS_EXACT,YES,age=Master;profile=Master — técnica e habilidades;type=Técnica/Fundamentos;zones=A1;styles=Livre/Crawl|Costas|Águas abertas;skills=Scull|Braçadas|Respiração|Perna|Coordenação|Propriocepção|Sensibilidade,"Sessão e blocos normalizados: pode usar integralmente ou recombinar blocos preservando objetivo, zona dominante, perfil, fase e regras RKF.",RKF_V5.0
RKF-START-001,Posição de Partida,1500,1500,0,OK — EXATO,Treinos_Saidas_Bloco_RKF,2,Master,Master / objetivo e custo adaptativo,Master / atleta — fundamento competitivo,Técnica/Fundamentos,"Construir estabilidade, distribuição de peso e alinhamento antes do sinal.",,A1,Livre/Crawl|Costas,,Saída de bloco|Streamline,PSE 3–4,7,READY_WHOLE|BLOCKS_EXACT,YES,age=Master;profile=Master / atleta — fundamento competitivo;type=Técnica/Fundamentos;zones=A1;styles=Livre/Crawl|Costas;skills=Saída de bloco|Streamline,"Sessão e blocos normalizados: pode usar integralmente ou recombinar blocos preservando objetivo, zona dominante, perfil, fase e regras RKF.",RKF_V5.0
RKF-START-002,Reação ao Sinal,1500,1500,0,OK — EXATO,Treinos_Saidas_Bloco_RKF,3,Master,Master / objetivo e custo adaptativo,Master / atleta — fundamento competitivo,Técnica/Fundamentos,Reduzir atraso entre estímulo e início do movimento sem antecipação.,,VALAT|A1,Livre/Crawl|Costas,,Saída de bloco|Coordenação,PSE 4–5,7,READY_WHOLE|BLOCKS_EXACT,YES,age=Master;profile=Master / atleta — fundamento competitivo;type=Técnica/Fundamentos;zones=VALAT|A1;styles=Livre/Crawl|Costas;skills=Saída de bloco|Coordenação,"Sessão e blocos normalizados: pode usar integralmente ou recombinar blocos preservando objetivo, zona dominante, perfil, fase e regras RKF.",RKF_V5.0
RKF-START-003,Pressão no Bloco,1600,1600,0,OK — EXATO,Treinos_Saidas_Bloco_RKF,4,Master,Master / objetivo e custo adaptativo,Master / atleta — fundamento competitivo,Técnica/Fundamentos,Melhorar aplicação de força dos pés no bloco.,,A1,Livre/Crawl|Costas,,Saída de bloco|Coordenação,PSE 4–5,7,READY_WHOLE|BLOCKS_EXACT,YES,age=Master;profile=Master / atleta — fundamento competitivo;type=Técnica/Fundamentos;zones=A1;styles=Livre/Crawl|Costas;skills=Saída de bloco|Coordenação,"Sessão e blocos normalizados: pode usar integralmente ou recombinar blocos preservando objetivo, zona dominante, perfil, fase e regras RKF.",RKF_V5.0
RKF-START-004,Trajetória de Voo,1500,1500,0,OK — EXATO,Treinos_Saidas_Bloco_RKF,5,Master,Master / objetivo e custo adaptativo,Master / atleta — fundamento competitivo,Técnica/Fundamentos,Desenvolver projeção horizontal eficiente e trajetória consistente.,,A1,Livre/Crawl|Costas,,Streamline,PSE 3–4,7,READY_WHOLE|BLOCKS_EXACT,YES,age=Master;profile=Master / atleta — fundamento competitivo;type=Técnica/Fundamentos;zones=A1;styles=Livre/Crawl|Costas;skills=Streamline,"Sessão e blocos normalizados: pode usar integralmente ou recombinar blocos preservando objetivo, zona dominante, perfil, fase e regras RKF.",RKF_V5.0
RKF-START-005,Entrada Limpa,1500,1500,0,OK — EXATO,Treinos_Saidas_Bloco_RKF,6,Master,Master / objetivo e custo adaptativo,Master / atleta — fundamento competitivo,Técnica/Fundamentos,Diminuir área frontal e turbulência na entrada.,,A1,Livre/Crawl|Costas,,Streamline|Submerso|Perna,PSE 3–4,7,READY_WHOLE|BLOCKS_EXACT,YES,age=Master;profile=Master / atleta — fundamento competitivo;type=Técnica/Fundamentos;zones=A1;styles=Livre/Crawl|Costas;skills=Streamline|Submerso|Perna,"Sessão e blocos normalizados: pode usar integralmente ou recombinar blocos preservando objetivo, zona dominante, perfil, fase e regras RKF.",RKF_V5.0
RKF-START-006,Streamline Pós-Entrada,1600,1600,0,OK — EXATO,Treinos_Saidas_Bloco_RKF,7,Master,Master / objetivo e custo adaptativo,Master / atleta — fundamento competitivo,Técnica/Fundamentos,Transformar a velocidade da entrada em deslocamento subaquático.,,A1,Livre/Crawl|Costas,,Streamline|Submerso|Breakout,PSE 4,7,READY_WHOLE|BLOCKS_EXACT,YES,age=Master;profile=Master / atleta — fundamento competitivo;type=Técnica/Fundamentos;zones=A1;styles=Livre/Crawl|Costas;skills=Streamline|Submerso|Breakout,"Sessão e blocos normalizados: pode usar integralmente ou recombinar blocos preservando objetivo, zona dominante, perfil, fase e regras RKF.",RKF_V5.0
RKF-START-007,Saída + Pernada Submersa,1700,1700,0,OK — EXATO,Treinos_Saidas_Bloco_RKF,8,Master,Master / objetivo e custo adaptativo,Master / atleta — fundamento competitivo,Técnica/Fundamentos,"Coordenar entrada, streamline e primeiros ciclos submersos.",,A1,Livre/Crawl|Costas,,Streamline|Submerso|Breakout|Perna|Coordenação,PSE 4–5,7,READY_WHOLE|BLOCKS_EXACT,YES,age=Master;profile=Master / atleta — fundamento competitivo;type=Técnica/Fundamentos;zones=A1;styles=Livre/Crawl|Costas;skills=Streamline|Submerso|Breakout|Perna|Coordenação,"Sessão e blocos normalizados: pode usar integralmente ou recombinar blocos preservando objetivo, zona dominante, perfil, fase e regras RKF.",RKF_V5.0
RKF-START-008,Breakout,1600,1600,0,OK — EXATO,Treinos_Saidas_Bloco_RKF,9,Master,Master / objetivo e custo adaptativo,Master / atleta — fundamento competitivo,Técnica/Fundamentos,Evitar perda de velocidade na transição submerso→nado.,,A1,Livre/Crawl|Costas,,Streamline|Submerso|Breakout|Braçadas|Respiração,PSE 4–5,7,READY_WHOLE|BLOCKS_EXACT,YES,age=Master;profile=Master / atleta — fundamento competitivo;type=Técnica/Fundamentos;zones=A1;styles=Livre/Crawl|Costas;skills=Streamline|Submerso|Breakout|Braçadas|Respiração,"Sessão e blocos normalizados: pode usar integralmente ou recombinar blocos preservando objetivo, zona dominante, perfil, fase e regras RKF.",RKF_V5.0
RKF-START-009,15 Metros Completos,1600,1600,0,OK — EXATO,Treinos_Saidas_Bloco_RKF,10,Master,Master / objetivo e custo adaptativo,Master / atleta — fundamento competitivo,Técnica/Fundamentos,Integrar toda a saída até 15 m e reduzir variabilidade.,,A1,Livre/Crawl|Costas,,,PSE 5,7,READY_WHOLE|BLOCKS_EXACT,YES,age=Master;profile=Master / atleta — fundamento competitivo;type=Técnica/Fundamentos;zones=A1;styles=Livre/Crawl|Costas;skills=NA,"Sessão e blocos normalizados: pode usar integralmente ou recombinar blocos preservando objetivo, zona dominante, perfil, fase e regras RKF.",RKF_V5.0
RKF-START-010,Primeiras 3 Braçadas,1600,1600,0,OK — EXATO,Treinos_Saidas_Bloco_RKF,11,Master,Master / objetivo e custo adaptativo,Master / atleta — fundamento competitivo,Técnica/Fundamentos,Organizar a conexão saída → breakout → aceleração de superfície.,,A1,Livre/Crawl|Costas,,Submerso|Breakout|Braçadas,PSE 4–5,7,READY_WHOLE|BLOCKS_EXACT,YES,age=Master;profile=Master / atleta — fundamento competitivo;type=Técnica/Fundamentos;zones=A1;styles=Livre/Crawl|Costas;skills=Submerso|Breakout|Braçadas,"Sessão e blocos normalizados: pode usar integralmente ou recombinar blocos preservando objetivo, zona dominante, perfil, fase e regras RKF.",RKF_V5.0
RKF-START-011,Saída + 25 Velocidade,1500,1500,0,OK — EXATO,Treinos_Saidas_Bloco_RKF,12,Master,Master / objetivo e custo adaptativo,Master / atleta — fundamento competitivo,Técnica/Fundamentos,Transferir a qualidade da saída para velocidade real de prova curta.,,A1,Livre/Crawl|Costas,,Streamline,PSE 5–6,7,READY_WHOLE|BLOCKS_EXACT,YES,age=Master;profile=Master / atleta — fundamento competitivo;type=Técnica/Fundamentos;zones=A1;styles=Livre/Crawl|Costas;skills=Streamline,"Sessão e blocos normalizados: pode usar integralmente ou recombinar blocos preservando objetivo, zona dominante, perfil, fase e regras RKF.",RKF_V5.0
RKF-START-012,Consistência de Saída,1700,1700,0,OK — EXATO,Treinos_Saidas_Bloco_RKF,13,Master,Master / objetivo e custo adaptativo,Master / atleta — fundamento competitivo,Técnica/Fundamentos,Repetir a mesma execução e reduzir variabilidade técnica.,,A1,Livre/Crawl|Costas,,Submerso|Breakout,PSE 5,7,READY_WHOLE|BLOCKS_EXACT,YES,age=Master;profile=Master / atleta — fundamento competitivo;type=Técnica/Fundamentos;zones=A1;styles=Livre/Crawl|Costas;skills=Submerso|Breakout,"Sessão e blocos normalizados: pode usar integralmente ou recombinar blocos preservando objetivo, zona dominante, perfil, fase e regras RKF.",RKF_V5.0
RKF-START-013,Contraste Técnico: Limitado × Correto,1500,1500,0,OK — EXATO,Treinos_Saidas_Bloco_RKF,14,Master,Master / objetivo e custo adaptativo,Master / atleta — fundamento competitivo,Técnica/Fundamentos,Aumentar compreensão sensorial dos principais erros de saída por contraste seguro.,,A1,Livre/Crawl|Costas,,Streamline|Breakout,PSE 3–4,7,READY_WHOLE|BLOCKS_EXACT,YES,age=Master;profile=Master / atleta — fundamento competitivo;type=Técnica/Fundamentos;zones=A1;styles=Livre/Crawl|Costas;skills=Streamline|Breakout,"Sessão e blocos normalizados: pode usar integralmente ou recombinar blocos preservando objetivo, zona dominante, perfil, fase e regras RKF.",RKF_V5.0
RKF-START-014,Saída de Competição,1800,1800,0,OK — EXATO,Treinos_Saidas_Bloco_RKF,15,Master,Master / objetivo e custo adaptativo,Master / atleta — fundamento competitivo,Técnica/Fundamentos,Aproximar a rotina de treino da situação competitiva.,,A1,Livre/Crawl|Costas,,,PSE 5–6,7,READY_WHOLE|BLOCKS_EXACT,YES,age=Master;profile=Master / atleta — fundamento competitivo;type=Técnica/Fundamentos;zones=A1;styles=Livre/Crawl|Costas;skills=NA,"Sessão e blocos normalizados: pode usar integralmente ou recombinar blocos preservando objetivo, zona dominante, perfil, fase e regras RKF.",RKF_V5.0
RKF-START-015,RKF Start Lab,1900,1900,0,OK — EXATO,Treinos_Saidas_Bloco_RKF,16,Master,Master / objetivo e custo adaptativo,Master / atleta — fundamento competitivo,Técnica/Fundamentos,Consolidar todos os componentes da saída do bloco em sessão-laboratório.,,A1,Livre/Crawl|Costas|Medley,,Streamline|Submerso|Breakout,PSE 5–6,7,READY_WHOLE|BLOCKS_EXACT,YES,age=Master;profile=Master / atleta — fundamento competitivo;type=Técnica/Fundamentos;zones=A1;styles=Livre/Crawl|Costas|Medley;skills=Streamline|Submerso|Breakout,"Sessão e blocos normalizados: pode usar integralmente ou recombinar blocos preservando objetivo, zona dominante, perfil, fase e regras RKF.",RKF_V5.0
RKF-TURNCR-001,Distância da Parede,1500,1500,0,OK — EXATO,Treinos_Viradas_Crawl_RKF,2,Master,Master / objetivo e custo adaptativo,Master / atleta — fundamento competitivo,Técnica/Fundamentos,Encontrar a distância individual ideal para iniciar a cambalhota.,,A2|A1,Livre/Crawl|Costas,,Virada crawl|Streamline|Braçadas,PSE 3–4,7,READY_WHOLE|BLOCKS_EXACT,YES,age=Master;profile=Master / atleta — fundamento competitivo;type=Técnica/Fundamentos;zones=A2|A1;styles=Livre/Crawl|Costas;skills=Virada crawl|Streamline|Braçadas,"Sessão e blocos normalizados: pode usar integralmente ou recombinar blocos preservando objetivo, zona dominante, perfil, fase e regras RKF.",RKF_V5.0
RKF-TURNCR-002,Última Braçada,1500,1500,0,OK — EXATO,Treinos_Viradas_Crawl_RKF,3,Master,Master / objetivo e custo adaptativo,Master / atleta — fundamento competitivo,Técnica/Fundamentos,"Eliminar hesitação, braçada extra ou deslize antes da parede.",,A2|A1,Livre/Crawl|Costas,,Virada crawl|Braçadas,PSE 3–4,7,READY_WHOLE|BLOCKS_EXACT,YES,age=Master;profile=Master / atleta — fundamento competitivo;type=Técnica/Fundamentos;zones=A2|A1;styles=Livre/Crawl|Costas;skills=Virada crawl|Braçadas,"Sessão e blocos normalizados: pode usar integralmente ou recombinar blocos preservando objetivo, zona dominante, perfil, fase e regras RKF.",RKF_V5.0
RKF-TURNCR-003,Cambalhota Rápida,1500,1500,0,OK — EXATO,Treinos_Viradas_Crawl_RKF,4,Master,Master / objetivo e custo adaptativo,Master / atleta — fundamento competitivo,Técnica/Fundamentos,Aumentar velocidade de rotação mantendo coordenação.,,A2|A1,Livre/Crawl|Costas,,Virada crawl|Coordenação,PSE 4,7,READY_WHOLE|BLOCKS_EXACT,YES,age=Master;profile=Master / atleta — fundamento competitivo;type=Técnica/Fundamentos;zones=A2|A1;styles=Livre/Crawl|Costas;skills=Virada crawl|Coordenação,"Sessão e blocos normalizados: pode usar integralmente ou recombinar blocos preservando objetivo, zona dominante, perfil, fase e regras RKF.",RKF_V5.0
RKF-TURNCR-004,Cambalhota Compacta,1500,1500,0,OK — EXATO,Treinos_Viradas_Crawl_RKF,5,Master,Master / objetivo e custo adaptativo,Master / atleta — fundamento competitivo,Técnica/Fundamentos,Diminuir o raio de rotação e acelerar o contato dos pés.,,A2|A1,Livre/Crawl|Costas,,Virada crawl|Streamline,PSE 3–4,7,READY_WHOLE|BLOCKS_EXACT,YES,age=Master;profile=Master / atleta — fundamento competitivo;type=Técnica/Fundamentos;zones=A2|A1;styles=Livre/Crawl|Costas;skills=Virada crawl|Streamline,"Sessão e blocos normalizados: pode usar integralmente ou recombinar blocos preservando objetivo, zona dominante, perfil, fase e regras RKF.",RKF_V5.0
RKF-TURNCR-005,Pés na Parede,1600,1600,0,OK — EXATO,Treinos_Viradas_Crawl_RKF,6,Master,Master / objetivo e custo adaptativo,Master / atleta — fundamento competitivo,Técnica/Fundamentos,Desenvolver posicionamento consistente dos pés após a rotação.,,A1,Livre/Crawl|Costas,,Virada crawl,PSE 3–4,7,READY_WHOLE|BLOCKS_EXACT,YES,age=Master;profile=Master / atleta — fundamento competitivo;type=Técnica/Fundamentos;zones=A1;styles=Livre/Crawl|Costas;skills=Virada crawl,"Sessão e blocos normalizados: pode usar integralmente ou recombinar blocos preservando objetivo, zona dominante, perfil, fase e regras RKF.",RKF_V5.0
RKF-TURNCR-006,Impulsão da Parede,1600,1600,0,OK — EXATO,Treinos_Viradas_Crawl_RKF,7,Master,Master / objetivo e custo adaptativo,Master / atleta — fundamento competitivo,Técnica/Fundamentos,Transformar o contato dos pés em velocidade horizontal.,,A2|A1,Livre/Crawl|Costas,,Virada crawl|Streamline,PSE 4–5,7,READY_WHOLE|BLOCKS_EXACT,YES,age=Master;profile=Master / atleta — fundamento competitivo;type=Técnica/Fundamentos;zones=A2|A1;styles=Livre/Crawl|Costas;skills=Virada crawl|Streamline,"Sessão e blocos normalizados: pode usar integralmente ou recombinar blocos preservando objetivo, zona dominante, perfil, fase e regras RKF.",RKF_V5.0
RKF-TURNCR-007,Virar e Sair Alinhado,1600,1600,0,OK — EXATO,Treinos_Viradas_Crawl_RKF,8,Master,Master / objetivo e custo adaptativo,Master / atleta — fundamento competitivo,Técnica/Fundamentos,Reduzir desalinhamentos após o impulso.,,A2|A1,Livre/Crawl|Costas,,Virada crawl|Streamline|Submerso|Breakout,PSE 4,7,READY_WHOLE|BLOCKS_EXACT,YES,age=Master;profile=Master / atleta — fundamento competitivo;type=Técnica/Fundamentos;zones=A2|A1;styles=Livre/Crawl|Costas;skills=Virada crawl|Streamline|Submerso|Breakout,"Sessão e blocos normalizados: pode usar integralmente ou recombinar blocos preservando objetivo, zona dominante, perfil, fase e regras RKF.",RKF_V5.0
RKF-TURNCR-008,Streamline da Virada,1600,1600,0,OK — EXATO,Treinos_Viradas_Crawl_RKF,9,Master,Master / objetivo e custo adaptativo,Master / atleta — fundamento competitivo,Técnica/Fundamentos,Preservar a velocidade produzida pela impulsão.,,A2|A1,Livre/Crawl|Costas,,Streamline|Breakout,PSE 3–4,7,READY_WHOLE|BLOCKS_EXACT,YES,age=Master;profile=Master / atleta — fundamento competitivo;type=Técnica/Fundamentos;zones=A2|A1;styles=Livre/Crawl|Costas;skills=Streamline|Breakout,"Sessão e blocos normalizados: pode usar integralmente ou recombinar blocos preservando objetivo, zona dominante, perfil, fase e regras RKF.",RKF_V5.0
RKF-TURNCR-009,Virada + Submerso,1700,1700,0,OK — EXATO,Treinos_Viradas_Crawl_RKF,10,Master,Master / objetivo e custo adaptativo,Master / atleta — fundamento competitivo,Técnica/Fundamentos,Integrar impulsão e deslocamento subaquático.,,A2|A1,Livre/Crawl|Costas,,Streamline|Submerso|Breakout|Perna,PSE 4–5,7,READY_WHOLE|BLOCKS_EXACT,YES,age=Master;profile=Master / atleta — fundamento competitivo;type=Técnica/Fundamentos;zones=A2|A1;styles=Livre/Crawl|Costas;skills=Streamline|Submerso|Breakout|Perna,"Sessão e blocos normalizados: pode usar integralmente ou recombinar blocos preservando objetivo, zona dominante, perfil, fase e regras RKF.",RKF_V5.0
RKF-TURNCR-010,Virada + Breakout,1600,1600,0,OK — EXATO,Treinos_Viradas_Crawl_RKF,11,Master,Master / objetivo e custo adaptativo,Master / atleta — fundamento competitivo,Técnica/Fundamentos,Eliminar perda de velocidade na transição para a superfície.,,A2,Livre/Crawl|Costas,,Streamline|Submerso|Breakout|Braçadas,PSE 4–5,7,READY_WHOLE|BLOCKS_EXACT,YES,age=Master;profile=Master / atleta — fundamento competitivo;type=Técnica/Fundamentos;zones=A2;styles=Livre/Crawl|Costas;skills=Streamline|Submerso|Breakout|Braçadas,"Sessão e blocos normalizados: pode usar integralmente ou recombinar blocos preservando objetivo, zona dominante, perfil, fase e regras RKF.",RKF_V5.0
RKF-TURNCR-011,5 m Antes + 10 m Depois,1500,1500,0,OK — EXATO,Treinos_Viradas_Crawl_RKF,12,Master,Master / objetivo e custo adaptativo,Master / atleta — fundamento competitivo,Técnica/Fundamentos,Tratar a virada como evento contínuo de velocidade.,,A1,Livre/Crawl|Costas,,Braçadas,PSE 4–5,7,READY_WHOLE|BLOCKS_EXACT,YES,age=Master;profile=Master / atleta — fundamento competitivo;type=Técnica/Fundamentos;zones=A1;styles=Livre/Crawl|Costas;skills=Braçadas,"Sessão e blocos normalizados: pode usar integralmente ou recombinar blocos preservando objetivo, zona dominante, perfil, fase e regras RKF.",RKF_V5.0
RKF-TURNCR-012,Tempo de Virada,1700,1700,0,OK — EXATO,Treinos_Viradas_Crawl_RKF,13,Master,Master / objetivo e custo adaptativo,Master / atleta — fundamento competitivo,Técnica/Fundamentos,Tornar a evolução do fundamento mensurável com janela padronizada.,,A1,Livre/Crawl|Costas,,,PSE 4–5,7,READY_WHOLE|BLOCKS_EXACT,YES,age=Master;profile=Master / atleta — fundamento competitivo;type=Técnica/Fundamentos;zones=A1;styles=Livre/Crawl|Costas;skills=NA,"Sessão e blocos normalizados: pode usar integralmente ou recombinar blocos preservando objetivo, zona dominante, perfil, fase e regras RKF.",RKF_V5.0
RKF-TURNCR-013,Virada sob Velocidade,1600,1600,0,OK — EXATO,Treinos_Viradas_Crawl_RKF,14,Master,Master / objetivo e custo adaptativo,Master / atleta — fundamento competitivo,Técnica/Fundamentos,Preservar técnica com aproximação em alta velocidade.,,,Livre/Crawl|Costas,,Braçadas,PSE 5–6,7,READY_WHOLE|BLOCKS_EXACT,YES,age=Master;profile=Master / atleta — fundamento competitivo;type=Técnica/Fundamentos;zones=NA;styles=Livre/Crawl|Costas;skills=Braçadas,"Sessão e blocos normalizados: pode usar integralmente ou recombinar blocos preservando objetivo, zona dominante, perfil, fase e regras RKF.",RKF_V5.0
RKF-TURNCR-014,Viradas sob Continuidade,1800,1800,0,OK — EXATO,Treinos_Viradas_Crawl_RKF,15,Master,Master / objetivo e custo adaptativo,Master / atleta — fundamento competitivo,Técnica/Fundamentos,Manter qualidade da virada durante série aeróbia contínua.,,A2|A1,Livre/Crawl|Costas,,Streamline|Breakout,PSE 5,7,READY_WHOLE|BLOCKS_EXACT,YES,age=Master;profile=Master / atleta — fundamento competitivo;type=Técnica/Fundamentos;zones=A2|A1;styles=Livre/Crawl|Costas;skills=Streamline|Breakout,"Sessão e blocos normalizados: pode usar integralmente ou recombinar blocos preservando objetivo, zona dominante, perfil, fase e regras RKF.",RKF_V5.0
RKF-TURNCR-015,RKF Crawl Turn Lab,1900,1900,0,OK — EXATO,Treinos_Viradas_Crawl_RKF,16,Master,Master / objetivo e custo adaptativo,Master / atleta — fundamento competitivo,Técnica/Fundamentos,"Integrar aproximação, rotação, impulsão, streamline, submerso e breakout.",,A1,Livre/Crawl|Costas|Medley,,Virada crawl|Streamline|Submerso|Breakout|Braçadas|Sensibilidade,PSE 5,7,READY_WHOLE|BLOCKS_EXACT,YES,age=Master;profile=Master / atleta — fundamento competitivo;type=Técnica/Fundamentos;zones=A1;styles=Livre/Crawl|Costas|Medley;skills=Virada crawl|Streamline|Submerso|Breakout|Braçadas|Sensibilidade,"Sessão e blocos normalizados: pode usar integralmente ou recombinar blocos preservando objetivo, zona dominante, perfil, fase e regras RKF.",RKF_V5.0
RKF-TURNPB-001,Toque Simultâneo,1500,1500,0,OK — EXATO,Treinos_Viradas_PB_RKF,2,Master,Master / objetivo e custo adaptativo,Master / atleta — fundamento competitivo,Técnica/Fundamentos,Consolidar toque simultâneo das duas mãos e eliminar assimetrias na chegada.,,A1,Livre/Crawl|Costas|Peito|Borboleta,,Virada aberta,PSE 3–4,7,READY_WHOLE|BLOCKS_EXACT,YES,age=Master;profile=Master / atleta — fundamento competitivo;type=Técnica/Fundamentos;zones=A1;styles=Livre/Crawl|Costas|Peito|Borboleta;skills=Virada aberta,"Sessão e blocos normalizados: pode usar integralmente ou recombinar blocos preservando objetivo, zona dominante, perfil, fase e regras RKF.",RKF_V5.0
RKF-TURNPB-002,Distância da Última Braçada — Peito,1500,1500,0,OK — EXATO,Treinos_Viradas_PB_RKF,3,Master,Master / objetivo e custo adaptativo,Master / atleta — fundamento competitivo,Técnica/Fundamentos,Encontrar a distância individual ideal da última braçada até a parede no peito.,,A2|A1,Livre/Crawl|Costas|Peito,,Virada aberta|Braçadas,PSE 3–4,7,READY_WHOLE|BLOCKS_EXACT,YES,age=Master;profile=Master / atleta — fundamento competitivo;type=Técnica/Fundamentos;zones=A2|A1;styles=Livre/Crawl|Costas|Peito;skills=Virada aberta|Braçadas,"Sessão e blocos normalizados: pode usar integralmente ou recombinar blocos preservando objetivo, zona dominante, perfil, fase e regras RKF.",RKF_V5.0
RKF-TURNPB-003,Distância da Última Braçada — Borboleta,1500,1500,0,OK — EXATO,Treinos_Viradas_PB_RKF,4,Master,Master / objetivo e custo adaptativo,Master / atleta — fundamento competitivo,Técnica/Fundamentos,Evitar encurtamento excessivo ou alongamento artificial antes da parede.,,,Livre/Crawl|Costas|Borboleta,,Virada aberta|Braçadas,PSE 3–4,7,READY_WHOLE|BLOCKS_EXACT,YES,age=Master;profile=Master / atleta — fundamento competitivo;type=Técnica/Fundamentos;zones=NA;styles=Livre/Crawl|Costas|Borboleta;skills=Virada aberta|Braçadas,"Sessão e blocos normalizados: pode usar integralmente ou recombinar blocos preservando objetivo, zona dominante, perfil, fase e regras RKF.",RKF_V5.0
RKF-TURNPB-004,"Mãos Chegam, Corpo Já Gira — Peito",1600,1600,0,OK — EXATO,Treinos_Viradas_PB_RKF,5,Master,Master / objetivo e custo adaptativo,Master / atleta — fundamento competitivo,Técnica/Fundamentos,Diminuir o tempo entre toque e início da rotação no peito.,,A2|A1,Livre/Crawl|Costas|Peito,,Virada aberta,PSE 4,7,READY_WHOLE|BLOCKS_EXACT,YES,age=Master;profile=Master / atleta — fundamento competitivo;type=Técnica/Fundamentos;zones=A2|A1;styles=Livre/Crawl|Costas|Peito;skills=Virada aberta,"Sessão e blocos normalizados: pode usar integralmente ou recombinar blocos preservando objetivo, zona dominante, perfil, fase e regras RKF.",RKF_V5.0
RKF-TURNPB-005,Rotação Rápida — Borboleta,1600,1600,0,OK — EXATO,Treinos_Viradas_PB_RKF,6,Master,Master / objetivo e custo adaptativo,Master / atleta — fundamento competitivo,Técnica/Fundamentos,Reduzir o tempo de permanência na parede na virada de borboleta.,,,Livre/Crawl|Costas|Borboleta,,Virada aberta|Streamline,PSE 4,7,READY_WHOLE|BLOCKS_EXACT,YES,age=Master;profile=Master / atleta — fundamento competitivo;type=Técnica/Fundamentos;zones=NA;styles=Livre/Crawl|Costas|Borboleta;skills=Virada aberta|Streamline,"Sessão e blocos normalizados: pode usar integralmente ou recombinar blocos preservando objetivo, zona dominante, perfil, fase e regras RKF.",RKF_V5.0
RKF-TURNPB-006,Posição dos Pés,1600,1600,0,OK — EXATO,Treinos_Viradas_PB_RKF,7,Master,Master / objetivo e custo adaptativo,Master / atleta — fundamento competitivo,Técnica/Fundamentos,Tornar consistente o contato dos pés após a rotação em peito e borboleta.,,,Livre/Crawl|Costas|Peito|Borboleta,,,PSE 3–4,7,READY_WHOLE|BLOCKS_EXACT,YES,age=Master;profile=Master / atleta — fundamento competitivo;type=Técnica/Fundamentos;zones=NA;styles=Livre/Crawl|Costas|Peito|Borboleta;skills=NA,"Sessão e blocos normalizados: pode usar integralmente ou recombinar blocos preservando objetivo, zona dominante, perfil, fase e regras RKF.",RKF_V5.0
RKF-TURNPB-007,Impulsão + Streamline,1600,1600,0,OK — EXATO,Treinos_Viradas_PB_RKF,8,Master,Master / objetivo e custo adaptativo,Master / atleta — fundamento competitivo,Técnica/Fundamentos,Transformar a virada em velocidade horizontal nos dois estilos.,,A1,Livre/Crawl|Costas|Peito|Borboleta,,Streamline,PSE 4–5,7,READY_WHOLE|BLOCKS_EXACT,YES,age=Master;profile=Master / atleta — fundamento competitivo;type=Técnica/Fundamentos;zones=A1;styles=Livre/Crawl|Costas|Peito|Borboleta;skills=Streamline,"Sessão e blocos normalizados: pode usar integralmente ou recombinar blocos preservando objetivo, zona dominante, perfil, fase e regras RKF.",RKF_V5.0
RKF-TURNPB-008,Virada de Peito + Pullout,1700,1700,0,OK — EXATO,Treinos_Viradas_PB_RKF,9,Master,Master / objetivo e custo adaptativo,Master / atleta — fundamento competitivo,Técnica/Fundamentos,Conectar virada ao ciclo submerso do peito sem interrupção.,,A2,Livre/Crawl|Costas|Peito,,Virada aberta|Streamline|Submerso|Breakout|Braçadas,PSE 4–5,7,READY_WHOLE|BLOCKS_EXACT,YES,age=Master;profile=Master / atleta — fundamento competitivo;type=Técnica/Fundamentos;zones=A2;styles=Livre/Crawl|Costas|Peito;skills=Virada aberta|Streamline|Submerso|Breakout|Braçadas,"Sessão e blocos normalizados: pode usar integralmente ou recombinar blocos preservando objetivo, zona dominante, perfil, fase e regras RKF.",RKF_V5.0
RKF-TURNPB-009,Virada de Borboleta + Submerso,1700,1700,0,OK — EXATO,Treinos_Viradas_PB_RKF,10,Master,Master / objetivo e custo adaptativo,Master / atleta — fundamento competitivo,Técnica/Fundamentos,"Conectar virada a streamline, ondulação e breakout.",,A1,Livre/Crawl|Costas|Borboleta,,Virada aberta|Streamline|Submerso|Breakout,PSE 4–5,7,READY_WHOLE|BLOCKS_EXACT,YES,age=Master;profile=Master / atleta — fundamento competitivo;type=Técnica/Fundamentos;zones=A1;styles=Livre/Crawl|Costas|Borboleta;skills=Virada aberta|Streamline|Submerso|Breakout,"Sessão e blocos normalizados: pode usar integralmente ou recombinar blocos preservando objetivo, zona dominante, perfil, fase e regras RKF.",RKF_V5.0
RKF-TURNPB-010,Breakout do Peito,1600,1600,0,OK — EXATO,Treinos_Viradas_PB_RKF,11,Master,Master / objetivo e custo adaptativo,Master / atleta — fundamento competitivo,Técnica/Fundamentos,Evitar pausa entre pullout e primeiro ciclo de superfície.,,A2|A1,Livre/Crawl|Costas|Peito,,Streamline|Submerso|Breakout|Braçadas,PSE 4,7,READY_WHOLE|BLOCKS_EXACT,YES,age=Master;profile=Master / atleta — fundamento competitivo;type=Técnica/Fundamentos;zones=A2|A1;styles=Livre/Crawl|Costas|Peito;skills=Streamline|Submerso|Breakout|Braçadas,"Sessão e blocos normalizados: pode usar integralmente ou recombinar blocos preservando objetivo, zona dominante, perfil, fase e regras RKF.",RKF_V5.0
RKF-TURNPB-011,Breakout do Borboleta,1600,1600,0,OK — EXATO,Treinos_Viradas_PB_RKF,12,Master,Master / objetivo e custo adaptativo,Master / atleta — fundamento competitivo,Técnica/Fundamentos,Preservar velocidade submersa na primeira braçada de superfície.,,,Livre/Crawl|Costas|Borboleta,,Submerso|Breakout|Braçadas|Coordenação,PSE 4–5,7,READY_WHOLE|BLOCKS_EXACT,YES,age=Master;profile=Master / atleta — fundamento competitivo;type=Técnica/Fundamentos;zones=NA;styles=Livre/Crawl|Costas|Borboleta;skills=Submerso|Breakout|Braçadas|Coordenação,"Sessão e blocos normalizados: pode usar integralmente ou recombinar blocos preservando objetivo, zona dominante, perfil, fase e regras RKF.",RKF_V5.0
RKF-TURNPB-012,5 m Antes + 10 m Depois — Peito,1600,1600,0,OK — EXATO,Treinos_Viradas_PB_RKF,13,Master,Master / objetivo e custo adaptativo,Master / atleta — fundamento competitivo,Técnica/Fundamentos,Avaliar a virada de peito como evento contínuo e mensurável.,,,Livre/Crawl|Costas|Peito,,Virada aberta,PSE 4–5,7,READY_WHOLE|BLOCKS_EXACT,YES,age=Master;profile=Master / atleta — fundamento competitivo;type=Técnica/Fundamentos;zones=NA;styles=Livre/Crawl|Costas|Peito;skills=Virada aberta,"Sessão e blocos normalizados: pode usar integralmente ou recombinar blocos preservando objetivo, zona dominante, perfil, fase e regras RKF.",RKF_V5.0
RKF-TURNPB-013,5 m Antes + 10 m Depois — Borboleta,1600,1600,0,OK — EXATO,Treinos_Viradas_PB_RKF,14,Master,Master / objetivo e custo adaptativo,Master / atleta — fundamento competitivo,Técnica/Fundamentos,"Manter velocidade na aproximação, virada e saída do borboleta.",,,Livre/Crawl|Costas|Borboleta,,Virada aberta|Streamline|Braçadas,PSE 4–5,7,READY_WHOLE|BLOCKS_EXACT,YES,age=Master;profile=Master / atleta — fundamento competitivo;type=Técnica/Fundamentos;zones=NA;styles=Livre/Crawl|Costas|Borboleta;skills=Virada aberta|Streamline|Braçadas,"Sessão e blocos normalizados: pode usar integralmente ou recombinar blocos preservando objetivo, zona dominante, perfil, fase e regras RKF.",RKF_V5.0
RKF-TURNPB-014,Viradas sob Continuidade,1800,1800,0,OK — EXATO,Treinos_Viradas_PB_RKF,15,Master,Master / objetivo e custo adaptativo,Master / atleta — fundamento competitivo,Técnica/Fundamentos,Manter a técnica de peito e borboleta quando as viradas deixam de ser isoladas.,,A2|A1,Livre/Crawl|Costas|Peito|Borboleta,,,PSE 5,7,READY_WHOLE|BLOCKS_EXACT,YES,age=Master;profile=Master / atleta — fundamento competitivo;type=Técnica/Fundamentos;zones=A2|A1;styles=Livre/Crawl|Costas|Peito|Borboleta;skills=NA,"Sessão e blocos normalizados: pode usar integralmente ou recombinar blocos preservando objetivo, zona dominante, perfil, fase e regras RKF.",RKF_V5.0
RKF-TURNPB-015,RKF Open Turn Lab,1900,1900,0,OK — EXATO,Treinos_Viradas_PB_RKF,16,Master,Master / objetivo e custo adaptativo,Master / atleta — fundamento competitivo,Técnica/Fundamentos,Integrar os componentes fundamentais das viradas abertas de peito e borboleta.,,A1,Livre/Crawl|Costas|Peito|Borboleta,,Virada aberta|Streamline|Breakout|Braçadas,PSE 5,7,READY_WHOLE|BLOCKS_EXACT,YES,age=Master;profile=Master / atleta — fundamento competitivo;type=Técnica/Fundamentos;zones=A1;styles=Livre/Crawl|Costas|Peito|Borboleta;skills=Virada aberta|Streamline|Breakout|Braçadas,"Sessão e blocos normalizados: pode usar integralmente ou recombinar blocos preservando objetivo, zona dominante, perfil, fase e regras RKF.",RKF_V5.0
RKF-BACK-001,Posição Inicial na Saída,1500,1500,0,OK — EXATO,Treinos_Costas_Fund_RKF,2,Master,Master / objetivo e custo adaptativo,Master / atleta — fundamento competitivo,Técnica/Fundamentos,"Estabilizar pés, quadril, mãos e tronco antes do sinal.",,A1,Livre/Crawl|Costas,,Saída de bloco|Saída de costas|Streamline|Submerso,PSE 3–4,7,READY_WHOLE|BLOCKS_EXACT,YES,age=Master;profile=Master / atleta — fundamento competitivo;type=Técnica/Fundamentos;zones=A1;styles=Livre/Crawl|Costas;skills=Saída de bloco|Saída de costas|Streamline|Submerso,"Sessão e blocos normalizados: pode usar integralmente ou recombinar blocos preservando objetivo, zona dominante, perfil, fase e regras RKF.",RKF_V5.0
RKF-BACK-002,Tração + Projeção,1500,1500,0,OK — EXATO,Treinos_Costas_Fund_RKF,3,Master,Master / objetivo e custo adaptativo,Master / atleta — fundamento competitivo,Técnica/Fundamentos,Melhorar coordenação entre tração dos braços e extensão das pernas na saída.,,A1,Livre/Crawl|Costas,,Saída de bloco|Saída de costas|Perna|Coordenação,PSE 4,7,READY_WHOLE|BLOCKS_EXACT,YES,age=Master;profile=Master / atleta — fundamento competitivo;type=Técnica/Fundamentos;zones=A1;styles=Livre/Crawl|Costas;skills=Saída de bloco|Saída de costas|Perna|Coordenação,"Sessão e blocos normalizados: pode usar integralmente ou recombinar blocos preservando objetivo, zona dominante, perfil, fase e regras RKF.",RKF_V5.0
RKF-BACK-003,Reação ao Sinal,1500,1500,0,OK — EXATO,Treinos_Costas_Fund_RKF,4,Master,Master / objetivo e custo adaptativo,Master / atleta — fundamento competitivo,Técnica/Fundamentos,Reduzir atraso entre estímulo e ação na saída de costas sem antecipação.,,,Livre/Crawl|Costas,,Saída de bloco|Saída de costas,PSE 4–5,7,READY_WHOLE|BLOCKS_EXACT,YES,age=Master;profile=Master / atleta — fundamento competitivo;type=Técnica/Fundamentos;zones=NA;styles=Livre/Crawl|Costas;skills=Saída de bloco|Saída de costas,"Sessão e blocos normalizados: pode usar integralmente ou recombinar blocos preservando objetivo, zona dominante, perfil, fase e regras RKF.",RKF_V5.0
RKF-BACK-004,Arco Corporal,1500,1500,0,OK — EXATO,Treinos_Costas_Fund_RKF,5,Master,Master / objetivo e custo adaptativo,Master / atleta — fundamento competitivo,Técnica/Fundamentos,Melhorar trajetória e entrada do corpo na água na saída de costas.,,A1,Livre/Crawl|Costas,,Saída de costas|Streamline|Submerso|Breakout,PSE 3–4,7,READY_WHOLE|BLOCKS_EXACT,YES,age=Master;profile=Master / atleta — fundamento competitivo;type=Técnica/Fundamentos;zones=A1;styles=Livre/Crawl|Costas;skills=Saída de costas|Streamline|Submerso|Breakout,"Sessão e blocos normalizados: pode usar integralmente ou recombinar blocos preservando objetivo, zona dominante, perfil, fase e regras RKF.",RKF_V5.0
RKF-BACK-005,Entrada Limpa,1500,1500,0,OK — EXATO,Treinos_Costas_Fund_RKF,6,Master,Master / objetivo e custo adaptativo,Master / atleta — fundamento competitivo,Técnica/Fundamentos,Reduzir resistência na entrada e organizar o corpo antes do submerso.,,A1,Livre/Crawl|Costas,,Streamline|Submerso,PSE 3–4,7,READY_WHOLE|BLOCKS_EXACT,YES,age=Master;profile=Master / atleta — fundamento competitivo;type=Técnica/Fundamentos;zones=A1;styles=Livre/Crawl|Costas;skills=Streamline|Submerso,"Sessão e blocos normalizados: pode usar integralmente ou recombinar blocos preservando objetivo, zona dominante, perfil, fase e regras RKF.",RKF_V5.0
RKF-BACK-006,Streamline da Saída,1600,1600,0,OK — EXATO,Treinos_Costas_Fund_RKF,7,Master,Master / objetivo e custo adaptativo,Master / atleta — fundamento competitivo,Técnica/Fundamentos,Preservar a velocidade gerada na saída de costas.,,A1,Livre/Crawl|Costas,,Saída de costas|Streamline|Breakout,PSE 4,7,READY_WHOLE|BLOCKS_EXACT,YES,age=Master;profile=Master / atleta — fundamento competitivo;type=Técnica/Fundamentos;zones=A1;styles=Livre/Crawl|Costas;skills=Saída de costas|Streamline|Breakout,"Sessão e blocos normalizados: pode usar integralmente ou recombinar blocos preservando objetivo, zona dominante, perfil, fase e regras RKF.",RKF_V5.0
RKF-BACK-007,Saída + Ondulação Submersa,1700,1700,0,OK — EXATO,Treinos_Costas_Fund_RKF,8,Master,Master / objetivo e custo adaptativo,Master / atleta — fundamento competitivo,Técnica/Fundamentos,"Coordenar saída, entrada e ondulação subaquática.",,,Livre/Crawl|Costas,,Saída de costas|Streamline|Submerso|Breakout|Coordenação,PSE 4–5,7,READY_WHOLE|BLOCKS_EXACT,YES,age=Master;profile=Master / atleta — fundamento competitivo;type=Técnica/Fundamentos;zones=NA;styles=Livre/Crawl|Costas;skills=Saída de costas|Streamline|Submerso|Breakout|Coordenação,"Sessão e blocos normalizados: pode usar integralmente ou recombinar blocos preservando objetivo, zona dominante, perfil, fase e regras RKF.",RKF_V5.0
RKF-BACK-008,Breakout de Costas,1600,1600,0,OK — EXATO,Treinos_Costas_Fund_RKF,9,Master,Master / objetivo e custo adaptativo,Master / atleta — fundamento competitivo,Técnica/Fundamentos,Reduzir perda de velocidade na transição submerso→superfície.,,A1,Livre/Crawl|Costas,,Streamline|Submerso|Breakout|Braçadas,PSE 4–5,7,READY_WHOLE|BLOCKS_EXACT,YES,age=Master;profile=Master / atleta — fundamento competitivo;type=Técnica/Fundamentos;zones=A1;styles=Livre/Crawl|Costas;skills=Streamline|Submerso|Breakout|Braçadas,"Sessão e blocos normalizados: pode usar integralmente ou recombinar blocos preservando objetivo, zona dominante, perfil, fase e regras RKF.",RKF_V5.0
RKF-BACK-009,Contagem para a Virada,1500,1500,0,OK — EXATO,Treinos_Costas_Fund_RKF,10,Master,Master / objetivo e custo adaptativo,Master / atleta — fundamento competitivo,Técnica/Fundamentos,Estabelecer referência de braçadas da bandeirola até a parede.,,A2|A1,Livre/Crawl|Costas,,Braçadas,PSE 3–4,7,READY_WHOLE|BLOCKS_EXACT,YES,age=Master;profile=Master / atleta — fundamento competitivo;type=Técnica/Fundamentos;zones=A2|A1;styles=Livre/Crawl|Costas;skills=Braçadas,"Sessão e blocos normalizados: pode usar integralmente ou recombinar blocos preservando objetivo, zona dominante, perfil, fase e regras RKF.",RKF_V5.0
RKF-BACK-010,Rotação Costas → Ventral,1500,1500,0,OK — EXATO,Treinos_Costas_Fund_RKF,11,Master,Master / objetivo e custo adaptativo,Master / atleta — fundamento competitivo,Técnica/Fundamentos,Desenvolver a transição controlada para posição ventral antes da cambalhota.,,A1,Livre/Crawl|Costas,,Virada crawl|Virada costas|Streamline,PSE 3–4,7,READY_WHOLE|BLOCKS_EXACT,YES,age=Master;profile=Master / atleta — fundamento competitivo;type=Técnica/Fundamentos;zones=A1;styles=Livre/Crawl|Costas;skills=Virada crawl|Virada costas|Streamline,"Sessão e blocos normalizados: pode usar integralmente ou recombinar blocos preservando objetivo, zona dominante, perfil, fase e regras RKF.",RKF_V5.0
RKF-BACK-011,Cambalhota da Virada de Costas,1600,1600,0,OK — EXATO,Treinos_Costas_Fund_RKF,12,Master,Master / objetivo e custo adaptativo,Master / atleta — fundamento competitivo,Técnica/Fundamentos,Tornar a rotação curta e eficiente.,,A2|A1,Livre/Crawl|Costas,,Virada crawl|Virada costas,PSE 4,7,READY_WHOLE|BLOCKS_EXACT,YES,age=Master;profile=Master / atleta — fundamento competitivo;type=Técnica/Fundamentos;zones=A2|A1;styles=Livre/Crawl|Costas;skills=Virada crawl|Virada costas,"Sessão e blocos normalizados: pode usar integralmente ou recombinar blocos preservando objetivo, zona dominante, perfil, fase e regras RKF.",RKF_V5.0
RKF-BACK-012,Impulsão da Virada,1600,1600,0,OK — EXATO,Treinos_Costas_Fund_RKF,13,Master,Master / objetivo e custo adaptativo,Master / atleta — fundamento competitivo,Técnica/Fundamentos,Transformar o contato dos pés em velocidade de saída na virada de costas.,,A2|A1,Livre/Crawl|Costas,,Virada costas|Streamline,PSE 4–5,7,READY_WHOLE|BLOCKS_EXACT,YES,age=Master;profile=Master / atleta — fundamento competitivo;type=Técnica/Fundamentos;zones=A2|A1;styles=Livre/Crawl|Costas;skills=Virada costas|Streamline,"Sessão e blocos normalizados: pode usar integralmente ou recombinar blocos preservando objetivo, zona dominante, perfil, fase e regras RKF.",RKF_V5.0
RKF-BACK-013,Virada + Submerso + Breakout,1700,1700,0,OK — EXATO,Treinos_Costas_Fund_RKF,14,Master,Master / objetivo e custo adaptativo,Master / atleta — fundamento competitivo,Técnica/Fundamentos,Conectar a virada aos primeiros metros de costas.,,A1,Livre/Crawl|Costas,,Streamline|Submerso|Breakout|Braçadas,PSE 4–5,7,READY_WHOLE|BLOCKS_EXACT,YES,age=Master;profile=Master / atleta — fundamento competitivo;type=Técnica/Fundamentos;zones=A1;styles=Livre/Crawl|Costas;skills=Streamline|Submerso|Breakout|Braçadas,"Sessão e blocos normalizados: pode usar integralmente ou recombinar blocos preservando objetivo, zona dominante, perfil, fase e regras RKF.",RKF_V5.0
RKF-BACK-014,Saída + Virada sob Continuidade,1800,1800,0,OK — EXATO,Treinos_Costas_Fund_RKF,15,Master,Master / objetivo e custo adaptativo,Master / atleta — fundamento competitivo,Técnica/Fundamentos,Manter qualidade da saída e virada durante série A2.,,A2,Livre/Crawl|Costas,,Virada crawl|Submerso|Breakout|Braçadas,PSE 5,7,READY_WHOLE|BLOCKS_EXACT,YES,age=Master;profile=Master / atleta — fundamento competitivo;type=Técnica/Fundamentos;zones=A2;styles=Livre/Crawl|Costas;skills=Virada crawl|Submerso|Breakout|Braçadas,"Sessão e blocos normalizados: pode usar integralmente ou recombinar blocos preservando objetivo, zona dominante, perfil, fase e regras RKF.",RKF_V5.0
RKF-BACK-015,RKF Backstroke Start & Turn Lab,1900,1900,0,OK — EXATO,Treinos_Costas_Fund_RKF,16,Master,Master / objetivo e custo adaptativo,Master / atleta — fundamento competitivo,Técnica/Fundamentos,Integrar saída e virada de costas como fundamentos completos de velocidade.,,A1,Livre/Crawl|Costas,,Saída de bloco|Virada crawl|Virada costas|Streamline|Submerso|Breakout,PSE 5,7,READY_WHOLE|BLOCKS_EXACT,YES,age=Master;profile=Master / atleta — fundamento competitivo;type=Técnica/Fundamentos;zones=A1;styles=Livre/Crawl|Costas;skills=Saída de bloco|Virada crawl|Virada costas|Streamline|Submerso|Breakout,"Sessão e blocos normalizados: pode usar integralmente ou recombinar blocos preservando objetivo, zona dominante, perfil, fase e regras RKF.",RKF_V5.0
